question_id,domain,ll_T,ll_B,ll_P,dB,dP,dBP,top1_T,top1_B,top1_P,affected_B,affected_P
-1011469,Engineering,382.94513544,382.94516408,383.19736601,2.8639999982260633e-05,0.2522305699999947,-0.25220193000001245,n00000304,n00000304,n00000304,1,1
-1011467,Engineering,399.24444711,399.24829018,399.24450776,0.0038430700000162688,6.064999996624465e-05,0.003782420000050024,n00000037,n00000037,n00000037,1,1
-1011433,Engineering,388.17172831,388.17172831,388.17172831,0.0,0.0,0.0,n00000193,n00000193,n00000193,0,0
-1011160,Engineering,411.80112702,411.80112702,411.80112702,0.0,0.0,0.0,n00000121,n00000121,n00000121,0,0
-1011107,Engineering,392.24780113,392.24780113,392.24780113,0.0,0.0,0.0,n00000155,n00000155,n00000155,0,0
-1011105,Engineering,387.64246312,387.64246102,387.97031283,-2.1000000174353772e-06,0.3278497100000095,-0.32785181000002694,n00000172,n00000172,n00000172,1,1
-1011103,Engineering,400.24652828,400.24652838,400.23284092,9.999996564147295e-08,-0.01368736000000581,0.013687459999971452,n00000064,n00000064,n00000064,1,1
-1011098,Engineering,408.29988673,408.29988673,408.29988673,0.0,0.0,0.0,n00000121,n00000121,n00000121,0,0
-1011094,Engineering,385.48172528,385.47492353,385.48172112,-0.006801749999965523,-4.16000000313943e-06,-0.0067975899999623834,n00000170,n00000170,n00000170,1,1
-1011091,Engineering,406.81774163,406.81774163,406.81774163,0.0,0.0,0.0,n00000121,n00000121,n00000121,0,0
-1011090,Engineering,411.65749776,411.65749776,411.65749776,0.0,0.0,0.0,n00000121,n00000121,n00000121,0,0
-1011079,Engineering,396.07246675,396.0780579,396.14110631,0.0055911499999865555,0.06863956000000826,-0.0630484100000217,n00000037,n00000037,n00000037,1,1
-1011077,Engineering,421.70306015,421.70306054,421.70306015,3.9000002516331733e-07,0.0,3.9000002516331733e-07,n00000037,n00000037,n00000037,1,0
-1011075,Engineering,390.64815544,390.55891084,390.64815544,-0.08924459999997225,0.0,-0.08924459999997225,n00000191,n00000191,n00000191,1,0
-1010984,Philosophy,381.30140053,380.71574039,381.30140052,-0.5856601400000159,-1.0000007932831068e-08,-0.5856601300000079,n00000105,n00000107,n00000105,1,1
-1010911,Philosophy,387.38451512,387.36726275,387.38451512,-0.017252369999994244,0.0,-0.017252369999994244,n00000142,n00000142,n00000142,1,0
-1010786,Philosophy,392.74236319,392.74195069,392.74236319,-0.00041249999998171916,0.0,-0.00041249999998171916,n00000142,n00000142,n00000142,1,0
-1010765,Philosophy,395.92853082,394.11405555,395.92853082,-1.8144752700000026,0.0,-1.8144752700000026,n00000143,n00000143,n00000143,1,0
-1010735,Philosophy,387.04446135,387.044462,387.04446135,6.500000040432496e-07,0.0,6.500000040432496e-07,n00000128,n00000128,n00000128,1,0
-1010608,Philosophy,385.76497535,385.76496404,385.76497535,-1.1309999990771757e-05,0.0,-1.1309999990771757e-05,n00000128,n00000128,n00000128,1,0
-1010008,Physics,378.83684791,378.83684871,378.83558238,8.000000093488779e-07,-0.0012655300000119496,0.0012663300000212985,n00000173,n00000173,n00000173,1,1
-1009967,Physics,404.44494766,404.44494766,404.41010526,0.0,-0.03484240000000227,0.03484240000000227,n00000064,n00000064,n00000064,0,1
-1009638,Physics,376.38698994,376.42353093,376.38738879,0.03654099000004862,0.00039885000001049775,0.036142140000038125,n00000189,n00000189,n00000189,1,1
-1009621,Physics,381.99490744,381.99490744,381.99487945,0.0,-2.7990000035060802e-05,2.7990000035060802e-05,n00000304,n00000304,n00000304,0,1
-1009591,Physics,387.6613748,387.78925086,388.20033917,0.1278760600000055,0.5389643700000306,-0.4110883100000251,n00000192,n00000192,n00000192,1,1
-1009485,Physics,404.86999083,404.86999086,404.86976806,2.999996695507434e-08,-0.00022276999999348845,0.00022279999996044353,n00000066,n00000066,n00000066,1,1
-1009447,Physics,389.019141,389.019141,389.01909588,0.0,-4.5119999981579895e-05,4.5119999981579895e-05,n00000172,n00000172,n00000172,0,1
-1009162,Physics,405.45301613,405.45301613,405.44970341,0.0,-0.003312719999996716,0.003312719999996716,n00000066,n00000066,n00000066,0,1
-1009101,Physics,392.16064958,392.16064958,392.16064958,0.0,0.0,0.0,n00000192,n00000192,n00000192,0,0
-1008932,Physics,376.38698994,376.42353093,376.38738879,0.03654099000004862,0.00039885000001049775,0.036142140000038125,n00000189,n00000189,n00000189,1,1
-1008860,Physics,371.74924547,371.74924547,371.74108511,0.0,-0.008160360000033506,0.008160360000033506,n00000169,n00000169,n00000169,0,1
-1008718,Math,393.47549061,393.47549061,393.47549061,0.0,0.0,0.0,n00000242,n00000242,n00000242,0,0
-1008703,Math,406.60623291,406.60623291,406.60623291,0.0,0.0,0.0,n00000232,n00000232,n00000232,0,0
-1008368,Math,410.75788406,410.75788406,410.75788406,0.0,0.0,0.0,n00000196,n00000196,n00000196,0,0
-1008305,Math,386.09294744,386.09294744,386.09294744,0.0,0.0,0.0,n00000155,n00000155,n00000155,0,0
-1008111,Math,384.58003878,384.58003878,384.58002937,0.0,-9.410000018306164e-06,9.410000018306164e-06,n00000239,n00000239,n00000239,0,1
-1008089,Math,392.89662728,392.89662728,392.89662728,0.0,0.0,0.0,n00000155,n00000155,n00000155,0,0
-1007895,Math,382.20077297,382.20077298,382.23077342,1.0000007932831068e-08,0.030000449999988632,-0.0300004399999807,n00000304,n00000304,n00000304,1,1
-1007833,Math,422.04364112,422.04364112,422.04364112,0.0,0.0,0.0,n00000232,n00000232,n00000232,0,0
-1007752,Math,422.04364112,422.04364112,422.04364112,0.0,0.0,0.0,n00000232,n00000232,n00000232,0,0
-1007648,Math,412.11609052,412.11609052,412.11609052,0.0,0.0,0.0,n00000196,n00000196,n00000196,0,0
-1007613,Math,391.15493397,391.1550215,391.15493415,8.752999997341249e-05,1.7999997226070263e-07,8.735000000115178e-05,n00000245,n00000245,n00000245,1,1
-1007545,Math,410.7156174,410.7156174,410.7156174,0.0,0.0,0.0,n00000196,n00000196,n00000196,0,0
-1007468,Economics,412.11609052,412.11609052,412.11609052,0.0,0.0,0.0,n00000196,n00000196,n00000196,0,0
-1007393,Economics,398.75615514,398.75615514,398.75615514,0.0,0.0,0.0,n00000077,n00000077,n00000077,0,0
-1007257,Economics,409.91744493,409.91744493,409.91744493,0.0,0.0,0.0,n00000196,n00000196,n00000196,0,0
-1006658,Health,388.08474782,388.08474782,388.08474782,0.0,0.0,0.0,n00000083,n00000083,n00000083,0,0
-1006649,Health,375.14848144,375.14848144,375.15676376,0.0,0.008282319999977972,-0.008282319999977972,n00000124,n00000124,n00000124,0,1
-1006644,Health,386.20522278,386.20522278,386.20522278,0.0,0.0,0.0,n00000083,n00000083,n00000083,0,0
-1006641,Health,395.77434074,395.77434074,395.77434074,0.0,0.0,0.0,n00000027,n00000027,n00000027,0,0
-1006639,Health,397.0590492,397.0590492,397.0590492,0.0,0.0,0.0,n00000027,n00000027,n00000027,0,0
-1006632,Health,401.3504523,401.3504523,401.3504523,0.0,0.0,0.0,n00000027,n00000027,n00000027,0,0
-1006626,Health,398.84460207,398.84460207,398.84460207,0.0,0.0,0.0,n00000027,n00000027,n00000027,0,0
-1006599,Health,386.50149873,386.50149873,386.56410865,0.0,0.06260991999999987,-0.06260991999999987,n00000194,n00000194,n00000194,0,1
-1006589,Health,399.84140842,399.84140842,399.84140842,0.0,0.0,0.0,n00000027,n00000027,n00000027,0,0
-1006587,Health,396.70240436,396.70240436,396.70240436,0.0,0.0,0.0,n00000027,n00000027,n00000027,0,0
-1006535,Health,378.60698195,378.60733246,378.60698195,0.0003505100000325001,0.0,0.0003505100000325001,n00000187,n00000187,n00000187,1,0
-1006524,Health,391.80132339,391.80132339,391.80132339,0.0,0.0,0.0,n00000027,n00000027,n00000027,0,0
-1006522,Health,395.3044359,395.3044359,395.3044359,0.0,0.0,0.0,n00000027,n00000027,n00000027,0,0
-1006459,Health,368.07375661,368.07375758,368.0737781,9.700000305201684e-07,2.1490000051471725e-05,-2.0520000020951557e-05,n00000184,n00000184,n00000184,1,1
-1006449,Health,394.78978797,394.78978797,394.78978797,0.0,0.0,0.0,n00000027,n00000027,n00000027,0,0
-1006416,Health,396.83040413,396.79338781,396.83040413,-0.0370163199999638,0.0,-0.0370163199999638,n00000189,n00000189,n00000189,1,0
-1006411,Health,365.70905662,365.70905662,365.70875948,0.0,-0.0002971399999864843,0.0002971399999864843,n00000184,n00000184,n00000184,0,1
-1006407,Health,394.08163673,394.08163673,394.08163673,0.0,0.0,0.0,n00000187,n00000187,n00000187,0,0
-1006387,Health,393.97807932,393.97807932,393.97807932,0.0,0.0,0.0,n00000027,n00000027,n00000027,0,0
-1006385,Health,391.10083912,391.10083912,391.10083912,0.0,0.0,0.0,n00000027,n00000027,n00000027,0,0
-1006345,Health,387.18891635,385.11521609,387.17292184,-2.0737002600000096,-0.01599450999998453,-2.057705750000025,n00000200,n00000199,n00000200,1,1
-1006282,Health,389.22355185,389.22355185,389.22355185,0.0,0.0,0.0,n00000027,n00000027,n00000027,0,0
-1006273,Health,392.83275378,392.83275378,392.83275378,0.0,0.0,0.0,n00000027,n00000027,n00000027,0,0
-1006209,Health,399.56474639,399.56474639,399.56474639,0.0,0.0,0.0,n00000027,n00000027,n00000027,0,0
-1006200,Health,396.65133346,396.65133346,396.65133346,0.0,0.0,0.0,n00000027,n00000027,n00000027,0,0
-1006198,Health,387.47896618,387.47896618,387.47896618,0.0,0.0,0.0,n00000027,n00000027,n00000027,0,0
-1006118,Health,412.11609052,412.11609052,412.11609052,0.0,0.0,0.0,n00000196,n00000196,n00000196,0,0
-1006106,Health,407.45525856,407.45752445,407.45525856,0.0022658899999896676,0.0,0.0022658899999896676,n00000030,n00000030,n00000030,1,0
-1006098,Health,389.8744687,389.8744687,389.8744687,0.0,0.0,0.0,n00000083,n00000083,n00000083,0,0
-1006095,Health,400.8430925,400.8430925,400.8430925,0.0,0.0,0.0,n00000027,n00000027,n00000027,0,0
-1006080,Health,386.02176106,386.02176106,386.02176106,0.0,0.0,0.0,n00000027,n00000027,n00000027,0,0
-1006066,Health,393.44626582,393.44626582,393.44626582,0.0,0.0,0.0,n00000027,n00000027,n00000027,0,0
-1006021,Health,394.02185616,394.02185616,394.02185616,0.0,0.0,0.0,n00000027,n00000027,n00000027,0,0
-1006017,Health,399.94461811,399.94461811,399.94461811,0.0,0.0,0.0,n00000027,n00000027,n00000027,0,0
-1005963,Health,411.70878853,411.70878853,411.70878853,0.0,0.0,0.0,n00000196,n00000196,n00000196,0,0
-1005956,Health,394.88611393,394.88611393,394.88611393,0.0,0.0,0.0,n00000027,n00000027,n00000027,0,0
-1005945,Health,394.09287069,394.09287069,394.09287069,0.0,0.0,0.0,n00000027,n00000027,n00000027,0,0
-1005894,Health,380.90565297,380.90565297,380.90565297,0.0,0.0,0.0,n00000187,n00000187,n00000187,0,0
-1005878,Health,401.25764002,401.25764002,401.25764002,0.0,0.0,0.0,n00000027,n00000027,n00000027,0,0
-1003860,Chemistry,386.03613224,386.03611382,386.03613224,-1.841999994667276e-05,0.0,-1.841999994667276e-05,n00000196,n00000196,n00000196,1,0
-1003355,Biology,389.72152378,389.72152378,389.71116526,0.0,-0.01035852000001114,0.01035852000001114,n00000040,n00000040,n00000040,0,1
-1003299,Biology,380.88159043,380.88159043,380.88159043,0.0,0.0,0.0,n00000027,n00000027,n00000027,0,0
-1003255,Biology,380.43908649,380.43908649,380.42088413,0.0,-0.01820236000003206,0.01820236000003206,n00000040,n00000040,n00000040,0,1
-1003254,Biology,379.98838995,379.98838995,379.98838995,0.0,0.0,0.0,n00000027,n00000027,n00000027,0,0
-1003142,Biology,385.43498244,385.43498244,385.41484995,0.0,-0.020132489999980407,0.020132489999980407,n00000040,n00000040,n00000040,0,1
-1003140,Biology,389.16349034,389.16349034,389.15161833,0.0,-0.011872009999990496,0.011872009999990496,n00000126,n00000126,n00000126,0,1
-1003078,Biology,376.86168416,376.86168416,376.86167751,0.0,-6.649999988894706e-06,6.649999988894706e-06,n00000195,n00000195,n00000195,0,1
-1003075,Biology,381.71501329,381.71501329,381.711426,0.0,-0.0035872899999844776,0.0035872899999844776,n00000040,n00000040,n00000040,0,1
-1003074,Biology,376.7234441,376.7234441,376.73030625,0.0,0.006862150000017664,-0.006862150000017664,n00000195,n00000195,n00000195,0,1
-1003032,Biology,382.78139098,382.78130776,382.78139102,-8.322000002181085e-05,3.999997488790541e-08,-8.325999999669875e-05,n00000083,n00000083,n00000083,1,1
-1003030,Biology,381.2841552,381.2841552,381.28415267,0.0,-2.529999960643181e-06,2.529999960643181e-06,n00000040,n00000040,n00000040,0,1
-1003025,Biology,390.21446444,390.21446444,390.21446444,0.0,0.0,0.0,n00000027,n00000027,n00000027,0,0
-1002856,Biology,388.42027491,388.36678903,388.42027491,-0.053485879999982444,0.0,-0.053485879999982444,n00000142,n00000142,n00000142,1,0
-1002855,Biology,378.91271977,378.91271977,379.0117121,0.0,0.0989923299999873,-0.0989923299999873,n00000124,n00000124,n00000124,0,1
-1002793,Biology,375.77288602,375.77288602,375.77284981,0.0,-3.620999996201135e-05,3.620999996201135e-05,n00000124,n00000124,n00000124,0,1
-1002791,Biology,391.16244053,391.16244053,391.16236575,0.0,-7.478000003402485e-05,7.478000003402485e-05,n00000040,n00000040,n00000040,0,1
-1002737,Biology,381.32291006,381.32291003,381.32288443,-3.00000237984932e-08,-2.5630000038745493e-05,2.5600000014947e-05,n00000195,n00000195,n00000195,1,1
-1002731,Biology,378.37824225,378.37824225,378.3600577,0.0,-0.018184550000000854,0.018184550000000854,n00000040,n00000040,n00000040,0,1
-1002728,Biology,386.40617527,386.40617527,386.58724267,0.0,0.18106740000001764,-0.18106740000001764,n00000194,n00000194,n00000194,0,1
-1002053,Psychology,387.60947891,387.60782489,387.60947891,-0.0016540199999894867,0.0,-0.0016540199999894867,n00000215,n00000215,n00000215,1,0
-1001849,Law,416.41641749,416.41641749,416.41641744,0.0,-5.000003966415534e-08,5.000003966415534e-08,n00000234,n00000234,n00000234,0,1
-1001841,Law,417.13338748,417.13338525,417.13338746,-2.2300000068753434e-06,-2.0000015865662135e-08,-2.2099999910096813e-06,n00000200,n00000200,n00000200,1,1
-1001776,Law,410.48562679,410.48562679,410.48562679,0.0,0.0,0.0,n00000234,n00000234,n00000234,0,0
-1001775,Law,414.84338774,414.84338774,414.84338543,0.0,-2.310000013494573e-06,2.310000013494573e-06,n00000235,n00000235,n00000235,0,1
-1001771,Law,413.15183699,413.15183699,413.15183699,0.0,0.0,0.0,n00000234,n00000234,n00000234,0,0
-1001758,Law,382.74539176,382.7453224,382.74533399,-6.935999999768683e-05,-5.7770000012169476e-05,-1.1589999985517352e-05,n00000198,n00000198,n00000198,1,1
-1001690,Law,411.33488102,411.33488102,411.33488102,0.0,0.0,0.0,n00000234,n00000234,n00000234,0,0
-1001686,Law,409.55820084,409.55818639,409.55819972,-1.4449999980570283e-05,-1.1199999789823778e-06,-1.3330000001587905e-05,n00000200,n00000200,n00000200,1,1
-1001685,Law,384.69340455,384.70605426,384.69340455,0.0126497099999483,0.0,0.0126497099999483,n00000198,n00000198,n00000198,1,0
-1001680,Law,412.39649353,412.39648304,412.39649322,-1.0489999965557217e-05,-3.099999617006688e-07,-1.0180000003856549e-05,n00000200,n00000200,n00000200,1,1
-1001677,Law,400.48372875,398.82669978,400.86047212,-1.657028969999999,0.3767433699999856,-2.0337723399999845,n00000199,n00000199,n00000199,1,1
-1001606,Law,402.4919716,402.49179678,402.49193065,-0.0001748199999838107,-4.095000002735105e-05,-0.00013386999995645965,n00000200,n00000200,n00000200,1,1
-1001599,Law,418.70243894,418.70243894,418.70243892,0.0,-1.9999959022243274e-08,1.9999959022243274e-08,n00000234,n00000234,n00000234,0,1
-1001597,Law,389.95877656,389.95877976,390.65797249,3.2000000373955118e-06,0.6991959300000303,-0.6991927299999929,n00000199,n00000199,n00000199,1,1
-1001590,Law,419.75573343,419.74931457,419.75512445,-0.0064188599999965845,-0.0006089800000381729,-0.005809879999958412,n00000200,n00000200,n00000200,1,1
-1001588,Law,394.8397533,394.83969676,394.82444635,-5.6540000002769375e-05,-0.0153069499999674,0.015250409999964631,n00000201,n00000201,n00000201,1,1
-1001584,Law,393.36302516,393.36249254,393.36302516,-0.0005326200000013159,0.0,-0.0005326200000013159,n00000198,n00000198,n00000198,1,0
-1001509,Law,395.0804107,395.08010864,395.0804107,-0.00030206000002408473,0.0,-0.00030206000002408473,n00000198,n00000198,n00000198,1,0
-1001503,Law,405.31203761,405.31203761,405.31203761,0.0,0.0,0.0,n00000235,n00000235,n00000235,0,0
-1001500,Law,416.86812784,416.86809742,416.86812744,-3.0419999973219092e-05,-3.9999997625272954e-07,-3.0019999996966362e-05,n00000200,n00000200,n00000200,1,1
-1001496,Law,382.06112613,382.04351139,383.00310549,-0.017614739999999074,0.9419793600000048,-0.9595941000000039,n00000199,n00000199,n00000199,1,1
-1001395,Law,401.47846976,401.35088224,401.47846976,-0.12758752000002005,0.0,-0.12758752000002005,n00000142,n00000142,n00000142,1,0
-1001332,Law,406.80984012,406.80984012,406.80984011,0.0,-1.0000007932831068e-08,1.0000007932831068e-08,n00000234,n00000234,n00000234,0,1
-1001325,Law,382.03841075,382.03753152,382.03390374,-0.0008792300000095565,-0.0045070099999975355,0.003627779999987979,n00000078,n00000078,n00000078,1,1
-1001322,Law,388.67056214,388.63721602,389.24866911,-0.0333461200000329,0.5781069699999648,-0.6114530899999977,n00000199,n00000199,n00000199,1,1
-1001320,Law,404.39859048,404.39854928,404.39442115,-4.1199999998298154e-05,-0.004169329999967886,0.0041281299999695875,n00000235,n00000235,n00000235,1,1
-1001318,Law,402.99783318,402.99048733,402.99762541,-0.007345849999978782,-0.0002077699999745164,-0.0071380800000042655,n00000200,n00000200,n00000200,1,1
-1001304,Law,409.64096091,409.64096091,409.64096091,0.0,0.0,0.0,n00000201,n00000201,n00000201,0,0
-1001296,Law,398.60351913,398.60351863,399.52796196,-4.999999987376214e-07,0.9244428300000322,-0.924443330000031,n00000199,n00000199,n00000199,1,1
-1001243,Law,384.61287965,384.6132623,385.13287543,0.00038264999994908067,0.5199957799999879,-0.5196131300000388,n00000199,n00000199,n00000199,1,1
-1001223,Law,422.71174996,422.71174996,422.71174996,0.0,0.0,0.0,n00000234,n00000234,n00000234,0,0
-1001135,Law,402.90920511,402.9092049,402.90920511,-2.0999999605919584e-07,0.0,-2.0999999605919584e-07,n00000201,n00000201,n00000201,1,0
-1001134,Law,407.34804534,407.34804534,407.34804475,0.0,-5.900000132896821e-07,5.900000132896821e-07,n00000235,n00000235,n00000235,0,1
-1001060,Law,397.00357546,397.00357546,397.00357546,0.0,0.0,0.0,n00000235,n00000235,n00000235,0,0
-1001048,Law,407.25614428,407.25613984,407.25614428,-4.439999997885025e-06,0.0,-4.439999997885025e-06,n00000201,n00000201,n00000201,1,0
-1001046,Law,381.07705187,380.57079141,381.07769123,-0.5062604599999645,0.0006393600000365041,-0.506899820000001,n00000143,n00000143,n00000143,1,1
-1001045,Law,387.31986754,387.63822722,387.31905237,0.31835967999995773,-0.0008151700000098572,0.3191748499999676,n00000198,n00000078,n00000199,1,1
-1000986,Law,415.82758681,415.82758681,415.82758681,0.0,0.0,0.0,n00000234,n00000234,n00000234,0,0
-1000916,Law,411.99012612,411.99012612,411.99012612,0.0,0.0,0.0,n00000201,n00000201,n00000201,0,0
-1000913,Law,411.6428858,411.64288579,411.6428858,-1.0000007932831068e-08,0.0,-1.0000007932831068e-08,n00000201,n00000201,n00000201,1,0
-1000836,Law,391.73058539,391.73046502,391.73058539,-0.00012036999999054387,0.0,-0.00012036999999054387,n00000198,n00000198,n00000198,1,0
-1000827,Law,406.83588736,406.8358868,406.83588736,-5.599999894911889e-07,0.0,-5.599999894911889e-07,n00000201,n00000201,n00000201,1,0
-1000808,Law,382.93954706,382.90467946,382.93954707,-0.03486759999998412,1.0000007932831068e-08,-0.034867609999992055,n00000142,n00000142,n00000142,1,1
-1000358,Business,416.18108052,416.18108052,416.18108052,0.0,0.0,0.0,n00000232,n00000232,n00000232,0,0
-1000283,Business,385.22878367,385.197775,385.22878366,-0.031008670000005623,-1.0000007932831068e-08,-0.03100865999999769,n00000202,n00000202,n00000202,1,1
-1000250,Business,383.48065342,383.48065342,383.48065342,0.0,0.0,0.0,n00000233,n00000233,n00000233,0,0
-1000049,Business,406.02936169,406.02936169,406.02936169,0.0,0.0,0.0,n00000233,n00000233,n00000233,0,0
-1000025,Business,406.58223338,406.58223338,406.58223338,0.0,0.0,0.0,n00000232,n00000232,n00000232,0,0
70,Business,390.42490079,390.41802663,390.42490079,-0.0068741599999953,0.0,-0.0068741599999953,n00000142,n00000142,n00000142,1,0
72,Business,377.90118837,377.90110207,377.88179355,-8.63000000208558e-05,-0.019394820000002255,0.0193085199999814,n00000078,n00000078,n00000078,1,1
75,Business,378.6792518,378.67908268,378.67925109,-0.00016911999995272708,-7.099999947968172e-07,-0.00016840999995793027,n00000219,n00000219,n00000219,1,1
78,Business,391.68868897,391.68868897,391.68868897,0.0,0.0,0.0,n00000077,n00000077,n00000077,0,0
79,Business,390.7443853,390.74438517,390.74438526,-1.2999998943996616e-07,-3.999997488790541e-08,-9.000001455206075e-08,n00000077,n00000077,n00000077,1,1
80,Business,376.08054581,376.08054569,376.08045214,-1.199999815071351e-07,-9.367000001248016e-05,9.355000003097302e-05,n00000220,n00000220,n00000220,1,1
98,Business,428.34093268,428.34093268,428.34093268,0.0,0.0,0.0,n00000151,n00000151,n00000151,0,0
102,Business,405.76113368,405.76113368,405.76113368,0.0,0.0,0.0,n00000232,n00000232,n00000232,0,0
104,Business,405.01398918,405.01398918,405.01398918,0.0,0.0,0.0,n00000232,n00000232,n00000232,0,0
105,Business,419.01073365,419.01073365,419.01073365,0.0,0.0,0.0,n00000151,n00000151,n00000151,0,0
106,Business,415.06977508,415.06977508,415.06977508,0.0,0.0,0.0,n00000151,n00000151,n00000151,0,0
107,Business,411.15324981,411.15324981,411.15324981,0.0,0.0,0.0,n00000232,n00000232,n00000232,0,0
111,Business,388.23026139,388.23026138,388.23026139,-1.0000007932831068e-08,0.0,-1.0000007932831068e-08,n00000151,n00000151,n00000151,1,0
122,Business,410.29285884,410.29285884,410.29285884,0.0,0.0,0.0,n00000232,n00000232,n00000232,0,0
126,Business,378.21464395,378.21307962,378.21422827,-0.0015643300000078852,-0.000415680000003249,-0.0011486500000046362,n00000219,n00000219,n00000219,1,1
127,Business,385.51039893,386.46217517,385.51039893,0.9517762400000152,0.0,0.9517762400000152,n00000220,n00000220,n00000220,1,0
129,Business,377.25448815,377.25464405,377.25448581,0.00015590000003840032,-2.3399999804496474e-06,0.00015824000001884997,n00000219,n00000219,n00000219,1,1
132,Business,386.28828539,386.28828539,386.28812195,0.0,-0.00016343999999435255,0.00016343999999435255,n00000078,n00000078,n00000078,0,1
138,Business,431.08769414,431.08769414,431.08769414,0.0,0.0,0.0,n00000151,n00000151,n00000151,0,0
146,Business,404.98281062,404.98281062,404.98281062,0.0,0.0,0.0,n00000151,n00000151,n00000151,0,0
148,Business,401.99054439,401.99054439,401.99054439,0.0,0.0,0.0,n00000151,n00000151,n00000151,0,0
152,Business,414.7686631,414.7686631,414.7686631,0.0,0.0,0.0,n00000232,n00000232,n00000232,0,0
157,Business,395.03258491,395.03258456,395.03258491,-3.500000502754119e-07,0.0,-3.500000502754119e-07,n00000240,n00000240,n00000240,1,0
160,Business,426.02244472,426.02244472,426.02244472,0.0,0.0,0.0,n00000151,n00000151,n00000151,0,0
173,Business,414.21014395,414.21014395,414.21014395,0.0,0.0,0.0,n00000232,n00000232,n00000232,0,0
175,Business,421.02511392,421.02511392,421.02511392,0.0,0.0,0.0,n00000232,n00000232,n00000232,0,0
181,Business,415.03727217,415.03727217,415.03727217,0.0,0.0,0.0,n00000151,n00000151,n00000151,0,0
182,Business,415.30601446,415.30601446,415.30601446,0.0,0.0,0.0,n00000232,n00000232,n00000232,0,0
184,Business,416.17654384,416.17654384,416.17654384,0.0,0.0,0.0,n00000151,n00000151,n00000151,0,0
185,Business,426.37128713,426.37128713,426.37128713,0.0,0.0,0.0,n00000151,n00000151,n00000151,0,0
189,Business,408.97218236,408.97218236,408.97218236,0.0,0.0,0.0,n00000232,n00000232,n00000232,0,0
190,Business,380.84311741,380.84310499,380.84210418,-1.2420000018664723e-05,-0.0010132300000122996,0.0010008099999936348,n00000078,n00000078,n00000078,1,1
191,Business,397.40464965,397.40191275,397.40464965,-0.0027369000000021515,0.0,-0.0027369000000021515,n00000142,n00000142,n00000142,1,0
195,Business,385.07693491,385.07693491,385.07693491,0.0,0.0,0.0,n00000077,n00000077,n00000077,0,0
199,Business,380.57810895,380.57783026,380.57810895,-0.0002786900000160131,0.0,-0.0002786900000160131,n00000219,n00000219,n00000219,1,0
200,Business,366.57659245,366.57662672,366.57609655,3.4269999957814434e-05,-0.0004959000000326341,0.0005301699999904486,n00000185,n00000185,n00000185,1,1
204,Business,394.14337803,394.14337803,394.14337803,0.0,0.0,0.0,n00000233,n00000233,n00000233,0,0
209,Business,421.6223767,421.6223767,421.6223767,0.0,0.0,0.0,n00000151,n00000151,n00000151,0,0
210,Business,382.36009766,382.36009766,382.36009766,0.0,0.0,0.0,n00000266,n00000266,n00000266,0,0
215,Business,418.18947085,418.18947085,418.18947085,0.0,0.0,0.0,n00000151,n00000151,n00000151,0,0
216,Business,408.59592767,408.59592767,408.59592767,0.0,0.0,0.0,n00000232,n00000232,n00000232,0,0
217,Business,410.63073966,410.63073966,410.63073966,0.0,0.0,0.0,n00000151,n00000151,n00000151,0,0
218,Business,418.15998006,418.15998006,418.15998006,0.0,0.0,0.0,n00000151,n00000151,n00000151,0,0
221,Business,413.43183759,413.43183759,413.43183759,0.0,0.0,0.0,n00000151,n00000151,n00000151,0,0
222,Business,419.11986824,419.11986824,419.11986824,0.0,0.0,0.0,n00000151,n00000151,n00000151,0,0
227,Business,405.08150161,405.08150161,405.08150161,0.0,0.0,0.0,n00000151,n00000151,n00000151,0,0
231,Business,433.79129394,433.79129394,433.79129394,0.0,0.0,0.0,n00000151,n00000151,n00000151,0,0
232,Business,393.57512773,393.57512773,393.57512773,0.0,0.0,0.0,n00000233,n00000233,n00000233,0,0
233,Business,412.57001415,412.57001415,412.57001415,0.0,0.0,0.0,n00000232,n00000232,n00000232,0,0
242,Business,406.96561776,406.96561776,406.96561776,0.0,0.0,0.0,n00000151,n00000151,n00000151,0,0
245,Business,417.08890641,417.08890641,417.08890641,0.0,0.0,0.0,n00000151,n00000151,n00000151,0,0
246,Business,396.55769666,396.55769666,396.55769666,0.0,0.0,0.0,n00000233,n00000233,n00000233,0,0
263,Business,376.9256778,376.92438901,376.94180196,-0.0012887899999896035,0.01612416000000394,-0.017412949999993543,n00000181,n00000181,n00000181,1,1
264,Business,420.25957324,420.25957324,420.25957324,0.0,0.0,0.0,n00000232,n00000232,n00000232,0,0
266,Business,388.14644508,388.14644508,388.14644508,0.0,0.0,0.0,n00000233,n00000233,n00000233,0,0
272,Business,398.98948225,398.98948225,398.98948225,0.0,0.0,0.0,n00000151,n00000151,n00000151,0,0
292,Business,403.86647136,403.86647136,403.86647136,0.0,0.0,0.0,n00000233,n00000233,n00000233,0,0
294,Business,410.27887169,410.27887169,410.27887169,0.0,0.0,0.0,n00000151,n00000151,n00000151,0,0
299,Business,373.80676615,373.12583404,373.81002164,-0.6809321100000147,0.0032554900000150155,-0.6841876000000298,n00000183,n00000183,n00000183,1,1
304,Business,401.10168909,401.10168909,401.10168909,0.0,0.0,0.0,n00000233,n00000233,n00000233,0,0
306,Business,388.59544515,388.59544515,388.59517199,0.0,-0.00027316000000610074,0.00027316000000610074,n00000078,n00000078,n00000078,0,1
307,Business,383.97159111,383.97159058,383.96583468,-5.300000225361146e-07,-0.0057564300000194635,0.005755899999996927,n00000078,n00000078,n00000078,1,1
309,Business,400.30725315,400.26600043,400.30725315,-0.041252719999988585,0.0,-0.041252719999988585,n00000142,n00000142,n00000142,1,0
311,Business,382.36316564,382.36311607,382.3631646,-4.956999998739775e-05,-1.0399999723631481e-06,-4.85300000150346e-05,n00000219,n00000219,n00000219,1,1
314,Business,379.75116838,379.78032415,379.75116838,0.02915576999998848,0.0,0.02915576999998848,n00000220,n00000220,n00000220,1,0
327,Business,398.91278529,398.91278529,398.91278529,0.0,0.0,0.0,n00000232,n00000232,n00000232,0,0
329,Business,399.14327968,399.14327968,399.14327968,0.0,0.0,0.0,n00000151,n00000151,n00000151,0,0
330,Business,411.5605825,411.5605825,411.5605825,0.0,0.0,0.0,n00000151,n00000151,n00000151,0,0
335,Business,402.5317837,402.5317837,402.5317837,0.0,0.0,0.0,n00000151,n00000151,n00000151,0,0
338,Business,424.35237894,424.35237894,424.35237894,0.0,0.0,0.0,n00000151,n00000151,n00000151,0,0
341,Business,402.4683216,402.4683216,402.4683216,0.0,0.0,0.0,n00000232,n00000232,n00000232,0,0
342,Business,410.77286823,410.77286823,410.77286823,0.0,0.0,0.0,n00000232,n00000232,n00000232,0,0
343,Business,391.49315448,391.49315448,391.49315448,0.0,0.0,0.0,n00000232,n00000232,n00000232,0,0
348,Business,406.2202561,406.2202561,406.2202561,0.0,0.0,0.0,n00000232,n00000232,n00000232,0,0
356,Business,409.76922736,409.76922736,409.76922736,0.0,0.0,0.0,n00000233,n00000233,n00000233,0,0
358,Business,409.43467276,409.43467276,409.43467276,0.0,0.0,0.0,n00000232,n00000232,n00000232,0,0
361,Business,389.45151785,389.45151785,389.44972614,0.0,-0.00179171000002043,0.00179171000002043,n00000078,n00000078,n00000078,0,1
363,Business,382.3998216,382.39981917,382.39579766,-2.429999995001708e-06,-0.004023939999967752,0.00402150999997275,n00000078,n00000078,n00000078,1,1
369,Business,385.8844619,385.88446189,385.8844619,-1.0000007932831068e-08,0.0,-1.0000007932831068e-08,n00000266,n00000266,n00000266,1,0
370,Business,392.99073591,392.99073591,392.99073591,0.0,0.0,0.0,n00000151,n00000151,n00000151,0,0
375,Business,415.95571054,415.95571054,415.95571054,0.0,0.0,0.0,n00000232,n00000232,n00000232,0,0
378,Business,408.19620883,408.19620883,408.19620883,0.0,0.0,0.0,n00000151,n00000151,n00000151,0,0
379,Business,393.65017213,393.65017213,393.65017213,0.0,0.0,0.0,n00000233,n00000233,n00000233,0,0
380,Business,414.17869192,414.17869192,414.17869192,0.0,0.0,0.0,n00000232,n00000232,n00000232,0,0
382,Business,415.03411247,415.03411247,415.03411247,0.0,0.0,0.0,n00000232,n00000232,n00000232,0,0
390,Business,421.05252844,421.05252844,421.05252844,0.0,0.0,0.0,n00000151,n00000151,n00000151,0,0
393,Business,396.1894789,396.1894789,396.1894789,0.0,0.0,0.0,n00000233,n00000233,n00000233,0,0
397,Business,413.49208263,413.49208263,413.49208263,0.0,0.0,0.0,n00000232,n00000232,n00000232,0,0
400,Business,411.57002993,411.57002993,411.57002993,0.0,0.0,0.0,n00000232,n00000232,n00000232,0,0
402,Business,405.82196612,405.82196612,405.82196612,0.0,0.0,0.0,n00000233,n00000233,n00000233,0,0
407,Business,397.03672798,397.03672798,397.03672798,0.0,0.0,0.0,n00000233,n00000233,n00000233,0,0
413,Business,419.32914894,419.32914894,419.32914894,0.0,0.0,0.0,n00000151,n00000151,n00000151,0,0
418,Business,417.13776974,417.13776974,417.13776974,0.0,0.0,0.0,n00000232,n00000232,n00000232,0,0
421,Business,413.80707731,413.80707731,413.80707731,0.0,0.0,0.0,n00000232,n00000232,n00000232,0,0
422,Business,409.03325151,409.03325151,409.03325151,0.0,0.0,0.0,n00000232,n00000232,n00000232,0,0
423,Business,387.61822179,387.61822179,387.61822179,0.0,0.0,0.0,n00000233,n00000233,n00000233,0,0
425,Business,403.00475258,403.00475258,403.00475258,0.0,0.0,0.0,n00000151,n00000151,n00000151,0,0
433,Business,381.3364306,381.3364306,381.33604593,0.0,-0.00038467000001674023,0.00038467000001674023,n00000078,n00000078,n00000078,0,1
434,Business,403.42320819,403.27733253,403.42320819,-0.14587566000000152,0.0,-0.14587566000000152,n00000142,n00000143,n00000142,1,0
435,Business,385.68294507,385.68294507,385.68293861,0.0,-6.460000008701172e-06,6.460000008701172e-06,n00000078,n00000078,n00000078,0,1
437,Business,391.07443078,391.07443116,391.07442991,3.8000001723048626e-07,-8.700000080352766e-07,1.2500000252657628e-06,n00000078,n00000078,n00000078,1,1
438,Business,382.22534238,382.22538061,382.22547603,3.823000002967092e-05,0.00013365000000931104,-9.541999997964012e-05,n00000181,n00000181,n00000181,1,1
440,Business,377.59767926,377.73350891,377.59767925,0.13582965000000513,-1.0000007932831068e-08,0.13582966000001306,n00000220,n00000220,n00000220,1,1
441,Business,388.97592701,388.97592701,388.97592701,0.0,0.0,0.0,n00000077,n00000077,n00000077,0,0
444,Business,362.82483315,362.82483043,362.82483315,-2.7199999976801337e-06,0.0,-2.7199999976801337e-06,n00000239,n00000239,n00000239,1,0
447,Business,409.65777201,409.65777201,409.65777201,0.0,0.0,0.0,n00000151,n00000151,n00000151,0,0
451,Business,413.90159902,413.90159902,413.90159902,0.0,0.0,0.0,n00000151,n00000151,n00000151,0,0
455,Business,407.11960409,407.11960409,407.11960409,0.0,0.0,0.0,n00000232,n00000232,n00000232,0,0
459,Business,406.98224497,406.98224497,406.98224497,0.0,0.0,0.0,n00000232,n00000232,n00000232,0,0
464,Business,420.78899178,420.78899178,420.78899178,0.0,0.0,0.0,n00000232,n00000232,n00000232,0,0
465,Business,397.12880714,397.12880714,397.12880714,0.0,0.0,0.0,n00000233,n00000233,n00000233,0,0
466,Business,414.34095662,414.34095662,414.34095662,0.0,0.0,0.0,n00000232,n00000232,n00000232,0,0
469,Business,412.56909741,412.56909741,412.56909741,0.0,0.0,0.0,n00000151,n00000151,n00000151,0,0
471,Business,406.22346885,406.22346885,406.22346885,0.0,0.0,0.0,n00000232,n00000232,n00000232,0,0
476,Business,395.36078032,395.36077974,395.36078032,-5.80000005356851e-07,0.0,-5.80000005356851e-07,n00000240,n00000240,n00000240,1,0
480,Business,413.20256391,413.20256391,413.20256391,0.0,0.0,0.0,n00000232,n00000232,n00000232,0,0
482,Business,425.02546792,425.02546792,425.02546792,0.0,0.0,0.0,n00000151,n00000151,n00000151,0,0
483,Business,415.96861854,415.96861854,415.96861854,0.0,0.0,0.0,n00000232,n00000232,n00000232,0,0
489,Business,431.30631555,431.30631555,431.30631555,0.0,0.0,0.0,n00000151,n00000151,n00000151,0,0
491,Business,433.38174675,433.38174675,433.38174675,0.0,0.0,0.0,n00000151,n00000151,n00000151,0,0
494,Business,400.52431381,400.52431381,400.52431381,0.0,0.0,0.0,n00000232,n00000232,n00000232,0,0
499,Business,384.85067513,384.85067513,384.85067513,0.0,0.0,0.0,n00000077,n00000077,n00000077,0,0
505,Business,395.5294085,395.5294085,395.5294085,0.0,0.0,0.0,n00000077,n00000077,n00000077,0,0
511,Business,401.62903498,401.62903498,401.62903498,0.0,0.0,0.0,n00000151,n00000151,n00000151,0,0
512,Business,395.73343041,395.73343041,395.73343041,0.0,0.0,0.0,n00000151,n00000151,n00000151,0,0
525,Business,392.35691989,392.35691989,392.35691989,0.0,0.0,0.0,n00000233,n00000233,n00000233,0,0
530,Business,412.25228896,412.25228896,412.25228896,0.0,0.0,0.0,n00000232,n00000232,n00000232,0,0
532,Business,428.38045772,428.38045772,428.38045772,0.0,0.0,0.0,n00000151,n00000151,n00000151,0,0
534,Business,435.40776952,435.40776952,435.40776952,0.0,0.0,0.0,n00000151,n00000151,n00000151,0,0
535,Business,420.01592305,420.01592305,420.01592305,0.0,0.0,0.0,n00000151,n00000151,n00000151,0,0
536,Business,425.23135308,425.23135308,425.23135308,0.0,0.0,0.0,n00000151,n00000151,n00000151,0,0
538,Business,405.09287649,405.09287649,405.09287649,0.0,0.0,0.0,n00000232,n00000232,n00000232,0,0
544,Business,428.33073397,428.33073397,428.33073397,0.0,0.0,0.0,n00000151,n00000151,n00000151,0,0
545,Business,429.57508581,429.57508581,429.57508581,0.0,0.0,0.0,n00000151,n00000151,n00000151,0,0
548,Business,409.16432024,409.16432024,409.16432024,0.0,0.0,0.0,n00000232,n00000232,n00000232,0,0
552,Business,414.43908481,414.43908481,414.43908481,0.0,0.0,0.0,n00000232,n00000232,n00000232,0,0
554,Business,395.12123375,395.12123375,395.12123375,0.0,0.0,0.0,n00000232,n00000232,n00000232,0,0
555,Business,415.15866834,415.15866834,415.15866834,0.0,0.0,0.0,n00000151,n00000151,n00000151,0,0
559,Business,402.50378047,402.50378047,402.50378047,0.0,0.0,0.0,n00000232,n00000232,n00000232,0,0
561,Business,415.12578691,415.12578691,415.12578691,0.0,0.0,0.0,n00000232,n00000232,n00000232,0,0
562,Business,407.45993377,407.45993377,407.45993377,0.0,0.0,0.0,n00000232,n00000232,n00000232,0,0
566,Business,376.37304985,376.37302966,376.38515357,-2.0189999986541807e-05,0.012103720000027351,-0.012123910000013893,n00000181,n00000181,n00000181,1,1
570,Business,382.61543072,382.61543072,382.61543077,0.0,4.999998282073648e-08,-4.999998282073648e-08,n00000183,n00000183,n00000183,0,1
572,Business,377.77377986,377.773742,377.77377976,-3.7859999963529845e-05,-9.999996564147295e-08,-3.775999999788837e-05,n00000219,n00000219,n00000219,1,1
573,Business,380.00058597,380.00058597,380.00053981,0.0,-4.615999995394304e-05,4.615999995394304e-05,n00000078,n00000078,n00000078,0,1
574,Business,409.54245114,409.54245114,409.54245114,0.0,0.0,0.0,n00000151,n00000151,n00000151,0,0
575,Business,408.62572612,408.62572612,408.62572612,0.0,0.0,0.0,n00000151,n00000151,n00000151,0,0
580,Business,391.43388583,391.43388583,391.43388583,0.0,0.0,0.0,n00000233,n00000233,n00000233,0,0
582,Business,398.98953818,398.98953818,398.98953174,0.0,-6.43999999283551e-06,6.43999999283551e-06,n00000151,n00000151,n00000151,0,1
585,Business,411.92085505,411.92085505,411.92085505,0.0,0.0,0.0,n00000151,n00000151,n00000151,0,0
587,Business,420.80806798,420.80806798,420.80806798,0.0,0.0,0.0,n00000232,n00000232,n00000232,0,0
592,Business,396.9860903,396.9860903,396.9860903,0.0,0.0,0.0,n00000232,n00000232,n00000232,0,0
593,Business,418.73776151,418.73776151,418.73776151,0.0,0.0,0.0,n00000151,n00000151,n00000151,0,0
597,Business,418.31755392,418.31755392,418.31755392,0.0,0.0,0.0,n00000151,n00000151,n00000151,0,0
599,Business,406.43018824,406.43018824,406.43018824,0.0,0.0,0.0,n00000232,n00000232,n00000232,0,0
601,Business,428.38349775,428.38349775,428.38349775,0.0,0.0,0.0,n00000151,n00000151,n00000151,0,0
603,Business,406.7813735,406.7813735,406.7813735,0.0,0.0,0.0,n00000232,n00000232,n00000232,0,0
604,Business,401.97084736,401.97084736,401.97084736,0.0,0.0,0.0,n00000232,n00000232,n00000232,0,0
613,Business,416.51408904,416.51408904,416.51408904,0.0,0.0,0.0,n00000151,n00000151,n00000151,0,0
616,Business,414.46612754,414.46612754,414.46612754,0.0,0.0,0.0,n00000151,n00000151,n00000151,0,0
618,Business,386.56858752,386.5685873,386.56858757,-2.200000039920269e-07,4.999998282073648e-08,-2.699999868127634e-07,n00000181,n00000181,n00000181,1,1
619,Business,380.36812922,382.37002336,380.36812922,2.0018941399999903,0.0,2.0018941399999903,n00000219,n00000222,n00000219,1,0
623,Business,378.11169424,378.11247025,378.11169424,0.0007760099999813974,0.0,0.0007760099999813974,n00000219,n00000219,n00000219,1,0
629,Business,385.50245247,385.50108005,385.50245238,-0.0013724199999956,-8.999995770864189e-08,-0.0013723300000378913,n00000077,n00000077,n00000077,1,1
635,Business,413.5437774,413.5437774,413.5437774,0.0,0.0,0.0,n00000151,n00000151,n00000151,0,0
636,Business,407.92033068,407.92033068,407.92033068,0.0,0.0,0.0,n00000151,n00000151,n00000151,0,0
639,Business,411.25131961,411.25131961,411.25131961,0.0,0.0,0.0,n00000151,n00000151,n00000151,0,0
642,Business,401.80310646,401.80310646,401.80310646,0.0,0.0,0.0,n00000151,n00000151,n00000151,0,0
643,Business,387.5976201,387.5976201,387.5976201,0.0,0.0,0.0,n00000233,n00000233,n00000233,0,0
644,Business,431.47835085,431.47835085,431.47835085,0.0,0.0,0.0,n00000151,n00000151,n00000151,0,0
645,Business,401.38238498,401.38238498,401.38238498,0.0,0.0,0.0,n00000151,n00000151,n00000151,0,0
654,Business,384.98663554,384.98663554,384.98663554,0.0,0.0,0.0,n00000232,n00000232,n00000232,0,0
658,Business,431.87217681,431.87217681,431.87217681,0.0,0.0,0.0,n00000151,n00000151,n00000151,0,0
660,Business,414.31473884,414.31473884,414.31473884,0.0,0.0,0.0,n00000151,n00000151,n00000151,0,0
661,Business,394.3599262,394.3599262,394.3599262,0.0,0.0,0.0,n00000233,n00000233,n00000233,0,0
673,Business,417.50370033,417.50370033,417.50370033,0.0,0.0,0.0,n00000232,n00000232,n00000232,0,0
678,Business,418.45432038,418.45432038,418.45432038,0.0,0.0,0.0,n00000151,n00000151,n00000151,0,0
683,Business,388.87039816,388.87039816,388.87039816,0.0,0.0,0.0,n00000077,n00000077,n00000077,0,0
684,Business,379.41098006,379.4610513,379.41098006,0.0500712400000225,0.0,0.0500712400000225,n00000220,n00000220,n00000220,1,0
691,Business,376.83938572,376.90859319,376.83938572,0.06920746999998073,0.0,0.06920746999998073,n00000220,n00000220,n00000220,1,0
695,Business,411.58572694,411.58572694,411.58572694,0.0,0.0,0.0,n00000151,n00000151,n00000151,0,0
696,Business,377.45732111,377.45732111,377.45732111,0.0,0.0,0.0,n00000151,n00000151,n00000151,0,0
697,Business,399.61024486,399.61024486,399.61024486,0.0,0.0,0.0,n00000245,n00000245,n00000245,0,0
699,Business,388.64638128,388.64638128,388.64638128,0.0,0.0,0.0,n00000266,n00000266,n00000266,0,0
702,Business,386.14379008,386.14379008,386.14379008,0.0,0.0,0.0,n00000232,n00000232,n00000232,0,0
703,Business,391.70099539,391.70099539,391.70099539,0.0,0.0,0.0,n00000233,n00000233,n00000233,0,0
705,Business,409.41907304,409.41907304,409.41907304,0.0,0.0,0.0,n00000151,n00000151,n00000151,0,0
710,Business,408.61867014,408.61867014,408.61867014,0.0,0.0,0.0,n00000151,n00000151,n00000151,0,0
711,Business,430.61039406,430.61039406,430.61039406,0.0,0.0,0.0,n00000151,n00000151,n00000151,0,0
712,Business,396.78731382,396.78731382,396.78731382,0.0,0.0,0.0,n00000232,n00000232,n00000232,0,0
713,Business,409.90583371,409.90583371,409.90583371,0.0,0.0,0.0,n00000151,n00000151,n00000151,0,0
714,Business,428.92160755,428.92160755,428.92160755,0.0,0.0,0.0,n00000151,n00000151,n00000151,0,0
715,Business,408.60903442,408.60903442,408.60903442,0.0,0.0,0.0,n00000151,n00000151,n00000151,0,0
725,Business,416.59301859,416.59301859,416.59301859,0.0,0.0,0.0,n00000232,n00000232,n00000232,0,0
728,Business,408.18605702,408.18605702,408.18605702,0.0,0.0,0.0,n00000232,n00000232,n00000232,0,0
730,Business,400.14249119,400.14249119,400.14249119,0.0,0.0,0.0,n00000233,n00000233,n00000233,0,0
735,Business,420.20880574,420.20880574,420.20880574,0.0,0.0,0.0,n00000151,n00000151,n00000151,0,0
736,Business,424.63090059,424.63090059,424.63090059,0.0,0.0,0.0,n00000232,n00000232,n00000232,0,0
739,Business,410.02429903,410.02429903,410.02429903,0.0,0.0,0.0,n00000151,n00000151,n00000151,0,0
746,Business,417.03445428,417.03445428,417.03445428,0.0,0.0,0.0,n00000232,n00000232,n00000232,0,0
747,Business,386.27229996,386.27229996,386.27229996,0.0,0.0,0.0,n00000232,n00000232,n00000232,0,0
754,Business,382.04714621,382.0469601,382.04599281,-0.00018611000001556022,-0.0011534000000210654,0.0009672900000055051,n00000078,n00000078,n00000078,1,1
757,Business,390.0533613,390.0533613,390.0533613,0.0,0.0,0.0,n00000077,n00000077,n00000077,0,0
758,Business,381.0329659,381.03243038,381.02753762,-0.0005355200000281002,-0.00542828000004647,0.00489276000001837,n00000078,n00000078,n00000078,1,1
763,Business,370.26379287,370.26373422,370.26379263,-5.8649999971294164e-05,-2.399999630142702e-07,-5.8410000008279894e-05,n00000219,n00000219,n00000219,1,1
767,Business,389.35374045,389.30479223,389.35374045,-0.048948219999999765,0.0,-0.048948219999999765,n00000215,n00000215,n00000215,1,0
773,Business,395.42362224,395.42362224,395.42355551,0.0,-6.672999995771534e-05,6.672999995771534e-05,n00000235,n00000235,n00000235,0,1
779,Business,409.30421409,409.30421409,409.30421409,0.0,0.0,0.0,n00000232,n00000232,n00000232,0,0
781,Business,408.22114232,408.22114232,408.22114232,0.0,0.0,0.0,n00000232,n00000232,n00000232,0,0
786,Business,396.06003867,396.06003867,396.06003867,0.0,0.0,0.0,n00000151,n00000151,n00000151,0,0
787,Business,396.84483101,396.84483101,396.84483101,0.0,0.0,0.0,n00000151,n00000151,n00000151,0,0
793,Business,416.46125825,416.46125825,416.46125825,0.0,0.0,0.0,n00000232,n00000232,n00000232,0,0
797,Business,410.23228409,410.23228409,410.23228409,0.0,0.0,0.0,n00000232,n00000232,n00000232,0,0
798,Business,425.40455866,425.40455866,425.40455866,0.0,0.0,0.0,n00000232,n00000232,n00000232,0,0
801,Business,433.4724717,433.4724717,433.4724717,0.0,0.0,0.0,n00000151,n00000151,n00000151,0,0
802,Business,414.08061801,414.08061801,414.08061801,0.0,0.0,0.0,n00000232,n00000232,n00000232,0,0
806,Business,430.61778561,430.61778561,430.61778561,0.0,0.0,0.0,n00000151,n00000151,n00000151,0,0
808,Business,404.64985774,404.64985774,404.64985774,0.0,0.0,0.0,n00000151,n00000151,n00000151,0,0
809,Business,426.02084556,426.02084556,426.02084556,0.0,0.0,0.0,n00000151,n00000151,n00000151,0,0
817,Business,430.88417496,430.88417496,430.88417496,0.0,0.0,0.0,n00000151,n00000151,n00000151,0,0
818,Business,407.76538254,407.76538254,407.76538254,0.0,0.0,0.0,n00000232,n00000232,n00000232,0,0
828,Business,379.58917032,379.59012654,379.5891695,0.0009562200000345911,-8.199999683711212e-07,0.0009570400000029622,n00000220,n00000220,n00000220,1,1
831,Business,373.99585599,373.99361672,374.02257657,-0.002239270000018223,0.02672058000001698,-0.028959850000035203,n00000180,n00000180,n00000180,1,1
832,Business,392.10605638,392.10605638,392.10605638,0.0,0.0,0.0,n00000265,n00000265,n00000265,0,0
833,Business,428.92319479,428.92319479,428.92319479,0.0,0.0,0.0,n00000151,n00000151,n00000151,0,0
840,Business,411.23210343,411.23210343,411.23210343,0.0,0.0,0.0,n00000151,n00000151,n00000151,0,0
842,Business,413.7095807,413.7095807,413.7095807,0.0,0.0,0.0,n00000232,n00000232,n00000232,0,0
847,Business,413.34876601,413.34876601,413.34876601,0.0,0.0,0.0,n00000232,n00000232,n00000232,0,0
849,Business,433.7636969,433.7636969,433.7636969,0.0,0.0,0.0,n00000151,n00000151,n00000151,0,0
852,Business,426.32581861,426.32581861,426.32581861,0.0,0.0,0.0,n00000151,n00000151,n00000151,0,0
854,Business,416.97711956,416.97711956,416.97711956,0.0,0.0,0.0,n00000232,n00000232,n00000232,0,0
856,Business,414.73556976,414.73556976,414.73556976,0.0,0.0,0.0,n00000232,n00000232,n00000232,0,0
866,Law,423.10227124,423.10227124,423.10227124,0.0,0.0,0.0,n00000234,n00000234,n00000234,0,0
869,Law,417.85060684,417.85060684,417.85060684,0.0,0.0,0.0,n00000234,n00000234,n00000234,0,0
871,Law,413.91234213,413.91234213,413.91234213,0.0,0.0,0.0,n00000234,n00000234,n00000234,0,0
875,Law,427.0288032,427.0288032,427.02880319,0.0,-1.0000007932831068e-08,1.0000007932831068e-08,n00000234,n00000234,n00000234,0,1
878,Law,412.48289547,412.48289545,412.48289547,-2.0000015865662135e-08,0.0,-2.0000015865662135e-08,n00000201,n00000201,n00000201,1,0
881,Law,420.0462731,420.0462731,420.0462731,0.0,0.0,0.0,n00000234,n00000234,n00000234,0,0
882,Law,412.68241962,412.68241962,412.68241939,0.0,-2.3000001192485797e-07,2.3000001192485797e-07,n00000234,n00000234,n00000234,0,1
893,Law,406.85134856,406.85134856,406.85134856,0.0,0.0,0.0,n00000234,n00000234,n00000234,0,0
897,Law,410.11157248,410.11157248,410.11157248,0.0,0.0,0.0,n00000234,n00000234,n00000234,0,0
898,Law,412.92798871,412.92798871,412.92798871,0.0,0.0,0.0,n00000234,n00000234,n00000234,0,0
899,Law,412.34052593,412.34052593,412.34052587,0.0,-5.999999075356754e-08,5.999999075356754e-08,n00000234,n00000234,n00000234,0,1
902,Law,407.39878413,407.39878368,407.39878413,-4.500000159168849e-07,0.0,-4.500000159168849e-07,n00000201,n00000201,n00000201,1,0
914,Law,412.49175801,412.49175742,412.49175801,-5.900000132896821e-07,0.0,-5.900000132896821e-07,n00000200,n00000200,n00000200,1,0
921,Law,395.70607646,395.69747155,395.69825852,-0.00860491000003094,-0.00781793999999536,-0.0007869700000355806,n00000200,n00000200,n00000200,1,1
923,Law,414.60678337,414.60678319,414.60678337,-1.800000291041215e-07,0.0,-1.800000291041215e-07,n00000201,n00000201,n00000201,1,0
924,Law,414.72783008,414.72713689,414.72783008,-0.0006931899999926827,0.0,-0.0006931899999926827,n00000200,n00000200,n00000200,1,0
927,Law,413.47465259,413.47458357,413.47464529,-6.902000001218767e-05,-7.2999999929379555e-06,-6.172000001924971e-05,n00000200,n00000200,n00000200,1,1
928,Law,418.3765418,418.3765418,418.37653614,0.0,-5.659999999352294e-06,5.659999999352294e-06,n00000235,n00000235,n00000235,0,1
934,Law,415.93119802,415.93119802,415.93116558,0.0,-3.243999998403524e-05,3.243999998403524e-05,n00000235,n00000235,n00000235,0,1
945,Law,413.48052689,413.48052689,413.4805268,0.0,-9.000001455206075e-08,9.000001455206075e-08,n00000234,n00000234,n00000234,0,1
947,Law,403.97051939,403.96289596,403.97051939,-0.007623429999966902,0.0,-0.007623429999966902,n00000201,n00000201,n00000201,1,0
948,Law,418.18821636,418.18821614,418.18821636,-2.200000039920269e-07,0.0,-2.200000039920269e-07,n00000200,n00000200,n00000200,1,0
950,Law,378.68932146,378.68932112,378.68932099,-3.39999985499162e-07,-4.6999997493912815e-07,1.2999998943996616e-07,n00000180,n00000180,n00000180,1,1
951,Law,397.71022864,397.71022864,397.71022864,0.0,0.0,0.0,n00000234,n00000234,n00000234,0,0
954,Law,402.40315107,402.40315107,402.40315026,0.0,-8.099999604382901e-07,8.099999604382901e-07,n00000235,n00000235,n00000235,0,1
967,Law,389.19961541,389.19916368,389.19961526,-0.0004517299999520219,-1.500000053056283e-07,-0.00045157999994671627,n00000198,n00000198,n00000198,1,1
971,Law,381.69045057,381.07816575,381.69045057,-0.6122848200000135,0.0,-0.6122848200000135,n00000143,n00000143,n00000143,1,0
972,Law,399.87038563,399.86624446,399.870382,-0.004141169999968497,-3.6299999806033156e-06,-0.004137539999987894,n00000142,n00000142,n00000142,1,1
973,Law,378.13254605,377.52861675,378.13254614,-0.6039292999999475,9.000001455206075e-08,-0.603929389999962,n00000143,n00000143,n00000143,1,1
974,Law,375.22893128,375.21085393,375.2288579,-0.01807734999999866,-7.338000000345346e-05,-0.018003969999995206,n00000107,n00000107,n00000107,1,1
976,Law,382.31897188,381.96270753,382.58846709,-0.35626435000000356,0.2694952100000023,-0.6257595600000059,n00000199,n00000199,n00000199,1,1
977,Law,407.59752968,407.59752968,407.59655647,0.0,-0.0009732099999837374,0.0009732099999837374,n00000235,n00000235,n00000235,0,1
978,Law,411.61234753,411.6123475,411.61234753,-3.00000237984932e-08,0.0,-3.00000237984932e-08,n00000201,n00000201,n00000201,1,0
991,Law,408.2230036,408.2230036,408.22299896,0.0,-4.640000042854808e-06,4.640000042854808e-06,n00000234,n00000234,n00000234,0,1
996,Law,384.9326076,384.24903709,384.94041512,-0.6835705099999814,0.0078075200000284894,-0.6913780300000099,n00000201,n00000199,n00000201,1,1
997,Law,393.29385733,393.29385511,393.28966811,-2.2199999989425123e-06,-0.00418922000000066,0.004187000000001717,n00000201,n00000201,n00000201,1,1
1006,Law,412.86157739,412.86157739,412.86157739,0.0,0.0,0.0,n00000234,n00000234,n00000234,0,0
1009,Law,413.32716213,413.32716208,413.32716213,-4.999998282073648e-08,0.0,-4.999998282073648e-08,n00000201,n00000201,n00000201,1,0
1019,Law,410.14319953,410.14319953,410.1431995,0.0,-3.00000237984932e-08,3.00000237984932e-08,n00000235,n00000235,n00000235,0,1
1026,Law,396.68051376,396.68051374,396.63456744,-2.0000015865662135e-08,-0.04594631999998455,0.04594629999996869,n00000235,n00000235,n00000235,1,1
1029,Law,398.97653094,398.97634886,399.49634377,-0.00018208000000186075,0.5198128300000349,-0.5199949100000367,n00000199,n00000199,n00000199,1,1
1031,Law,404.64430536,404.64430536,404.6432517,0.0,-0.001053659999968204,0.001053659999968204,n00000235,n00000235,n00000235,0,1
1032,Law,389.03842482,388.97231746,390.05887204,-0.06610735999998951,1.020447219999994,-1.0865545799999836,n00000199,n00000199,n00000199,1,1
1033,Law,405.8665457,405.86654503,405.8665457,-6.700000199089118e-07,0.0,-6.700000199089118e-07,n00000201,n00000201,n00000201,1,0
1035,Law,414.65828595,414.65828593,414.65828578,-2.0000015865662135e-08,-1.6999996432787157e-07,1.4999994846220943e-07,n00000200,n00000200,n00000200,1,1
1036,Law,390.12526504,390.54749099,390.12526504,0.42222594999998364,0.0,0.42222594999998364,n00000198,n00000198,n00000198,1,0
1040,Law,414.51642559,414.51642559,414.51642559,0.0,0.0,0.0,n00000234,n00000234,n00000234,0,0
1046,Law,390.97355934,390.97355934,390.97355748,0.0,-1.8599999975776882e-06,1.8599999975776882e-06,n00000235,n00000235,n00000235,0,1
1051,Law,380.57772797,380.50027049,380.69210578,-0.07745748000002095,0.11437781000000768,-0.19183529000002864,n00000199,n00000199,n00000199,1,1
1052,Law,374.60172803,374.60166915,374.60061859,-5.887999998321902e-05,-0.0011094399999933557,0.0010505600000101367,n00000180,n00000180,n00000180,1,1
1056,Law,398.71639383,398.71639383,398.71215148,0.0,-0.004242350000026818,0.004242350000026818,n00000234,n00000234,n00000234,0,1
1062,Law,416.73356028,416.73356028,416.73356028,0.0,0.0,0.0,n00000201,n00000201,n00000201,0,0
1066,Law,400.68380897,397.81604396,400.68135941,-2.867765009999971,-0.00244955999994545,-2.8653154500000255,n00000200,n00000199,n00000200,1,1
1069,Law,415.68432559,415.68431944,415.68432559,-6.1499999901570845e-06,0.0,-6.1499999901570845e-06,n00000200,n00000200,n00000200,1,0
1070,Law,413.55749255,413.55749255,413.55749254,0.0,-1.0000007932831068e-08,1.0000007932831068e-08,n00000234,n00000234,n00000234,0,1
1072,Law,391.78355514,391.77426187,392.48519911,-0.009293270000000575,0.7016439700000205,-0.7109372400000211,n00000198,n00000198,n00000198,1,1
1092,Law,404.87373583,404.87373583,404.8736755,0.0,-6.032999999661115e-05,6.032999999661115e-05,n00000234,n00000234,n00000234,0,1
1097,Law,415.27589408,415.27589408,415.27589406,0.0,-2.0000015865662135e-08,2.0000015865662135e-08,n00000234,n00000234,n00000234,0,1
1099,Law,385.0697615,385.0697615,385.06976145,0.0,-5.000003966415534e-08,5.000003966415534e-08,n00000078,n00000078,n00000078,0,1
1100,Law,403.7174949,403.7174949,403.7174949,0.0,0.0,0.0,n00000235,n00000235,n00000235,0,0
1101,Law,397.08071512,397.08071441,397.08017772,-7.099999947968172e-07,-0.0005373999999847001,0.0005366899999899033,n00000234,n00000234,n00000234,1,1
1102,Law,404.62689004,404.62688914,404.62394415,-8.999999749903509e-07,-0.002945889999978135,0.002944990000003145,n00000234,n00000234,n00000234,1,1
1105,Law,415.53045319,415.53045319,415.53044892,0.0,-4.269999976713734e-06,4.269999976713734e-06,n00000235,n00000235,n00000235,0,1
1106,Law,415.77618993,415.77618993,415.77618993,0.0,0.0,0.0,n00000201,n00000201,n00000201,0,0
1107,Law,388.16002787,388.14670558,389.17992923,-0.013322290000019166,1.0199013600000058,-1.033223650000025,n00000198,n00000198,n00000198,1,1
1109,Law,395.07828793,395.07828793,395.0766958,0.0,-0.001592130000005909,0.001592130000005909,n00000235,n00000235,n00000235,0,1
1111,Law,406.29643451,406.29643449,406.29637627,-1.9999959022243274e-08,-5.8239999987108604e-05,5.822000002808636e-05,n00000235,n00000235,n00000235,1,1
1116,Law,400.9961704,400.9961704,400.99617034,0.0,-5.999999075356754e-08,5.999999075356754e-08,n00000235,n00000235,n00000235,0,1
1118,Law,423.19655112,423.19646222,423.19653175,-8.889999998018538e-05,-1.9369999961327267e-05,-6.953000001885812e-05,n00000200,n00000200,n00000200,1,1
1119,Law,406.30643772,406.30643772,406.30568751,0.0,-0.0007502100000351675,0.0007502100000351675,n00000234,n00000234,n00000234,0,1
1121,Law,383.12022472,382.61055319,383.1203626,-0.5096715299999914,0.00013788000001113687,-0.5098094100000026,n00000143,n00000143,n00000143,1,1
1130,Law,414.59325963,414.59325908,414.59325963,-5.499999815583578e-07,0.0,-5.499999815583578e-07,n00000201,n00000201,n00000201,1,0
1132,Law,381.5589923,381.56429121,381.57960646,0.005298910000021806,0.02061415999997962,-0.015315249999957814,n00000199,n00000199,n00000199,1,1
1140,Law,397.00357546,397.00357546,397.00357546,0.0,0.0,0.0,n00000235,n00000235,n00000235,0,0
1144,Law,418.39882296,418.39882296,418.39882296,0.0,0.0,0.0,n00000234,n00000234,n00000234,0,0
1160,Law,419.51657609,419.51657609,419.51657609,0.0,0.0,0.0,n00000234,n00000234,n00000234,0,0
1162,Law,389.84017839,389.83392141,389.83988908,-0.006256979999989198,-0.0002893100000278537,-0.005967669999961345,n00000201,n00000201,n00000201,1,1
1164,Law,417.94485492,417.94485492,417.94485492,0.0,0.0,0.0,n00000234,n00000234,n00000234,0,0
1165,Law,414.59406747,414.59406747,414.59405816,0.0,-9.310000052664691e-06,9.310000052664691e-06,n00000234,n00000234,n00000234,0,1
1166,Law,415.65697238,415.65697238,415.65697238,0.0,0.0,0.0,n00000234,n00000234,n00000234,0,0
1172,Law,402.74605201,402.73324803,402.73212685,-0.012803980000001047,-0.01392516000004207,0.0011211800000410221,n00000235,n00000235,n00000235,1,1
1174,Law,409.57433754,409.57316976,409.54883835,-0.0011677800000029492,-0.025499190000005,0.02433141000000205,n00000200,n00000200,n00000200,1,1
1181,Law,410.66544735,410.66544735,410.66544735,0.0,0.0,0.0,n00000234,n00000234,n00000234,0,0
1183,Law,419.50760102,419.50760102,419.50760102,0.0,0.0,0.0,n00000234,n00000234,n00000234,0,0
1188,Law,407.44729454,407.44729454,407.44729448,0.0,-5.999999075356754e-08,5.999999075356754e-08,n00000235,n00000235,n00000235,0,1
1189,Law,416.16144749,416.16144746,416.16144749,-3.00000237984932e-08,0.0,-3.00000237984932e-08,n00000201,n00000201,n00000201,1,0
1196,Law,396.02702083,396.02688529,396.02702083,-0.00013554000003068722,0.0,-0.00013554000003068722,n00000201,n00000201,n00000201,1,0
1199,Law,381.94997276,381.82898578,381.94997276,-0.12098697999999786,0.0,-0.12098697999999786,n00000143,n00000143,n00000143,1,0
1200,Law,382.43055241,382.37355175,382.43134717,-0.05700066000002835,0.0007947599999624799,-0.05779541999999083,n00000198,n00000198,n00000198,1,1
1205,Law,399.97209956,399.97209718,399.97209956,-2.3800000121809717e-06,0.0,-2.3800000121809717e-06,n00000201,n00000201,n00000201,1,0
1206,Law,391.60211465,391.60206328,391.60211439,-5.136999999422187e-05,-2.599999788799323e-07,-5.111000001534194e-05,n00000198,n00000198,n00000198,1,1
1214,Law,400.84285013,400.84278341,400.84285013,-6.672000000662592e-05,0.0,-6.672000000662592e-05,n00000201,n00000201,n00000201,1,0
1220,Law,413.77453012,413.77280574,413.77453012,-0.0017243799999846487,0.0,-0.0017243799999846487,n00000200,n00000200,n00000200,1,0
1225,Law,392.35182622,392.35243327,393.53027817,0.0006070499999850654,1.1784519499999533,-1.1778448999999682,n00000199,n00000199,n00000199,1,1
1231,Law,412.96440079,412.96087623,412.96440076,-0.0035245600000166633,-3.00000237984932e-08,-0.0035245299999928648,n00000200,n00000200,n00000200,1,1
1234,Law,403.65047829,403.65047829,403.65004178,0.0,-0.00043651000004274465,0.00043651000004274465,n00000234,n00000234,n00000234,0,1
1235,Law,411.36618652,411.36618652,411.36618652,0.0,0.0,0.0,n00000235,n00000235,n00000235,0,0
1237,Law,396.2857087,396.28570752,396.28570632,-1.1799999697359453e-06,-2.3800000121809717e-06,1.2000000424450263e-06,n00000201,n00000201,n00000201,1,1
1238,Law,418.47018576,418.47018576,418.47018575,0.0,-1.0000007932831068e-08,1.0000007932831068e-08,n00000234,n00000234,n00000234,0,1
1247,Law,401.57970849,401.57970849,401.57970299,0.0,-5.499999986113835e-06,5.499999986113835e-06,n00000235,n00000235,n00000235,0,1
1254,Law,397.41040842,397.41040659,397.4104084,-1.8300000306226138e-06,-2.0000015865662135e-08,-1.8100000147569517e-06,n00000201,n00000201,n00000201,1,1
1264,Law,402.20852414,402.20852414,402.20852414,0.0,0.0,0.0,n00000234,n00000234,n00000234,0,0
1266,Law,400.36020188,400.35929043,400.36019943,-0.0009114499999895997,-2.4499999540239514e-06,-0.0009090000000355758,n00000201,n00000201,n00000201,1,1
1267,Law,401.215042,401.215042,401.2150364,0.0,-5.600000008598727e-06,5.600000008598727e-06,n00000234,n00000234,n00000234,0,1
1272,Law,403.52553705,403.48874673,403.52553704,-0.0367903200000228,-1.0000007932831068e-08,-0.03679031000001487,n00000201,n00000201,n00000201,1,1
1276,Law,403.58807477,403.58807477,403.58807283,0.0,-1.940000004196918e-06,1.940000004196918e-06,n00000234,n00000234,n00000234,0,1
1280,Law,388.30166606,388.12161659,388.30169009,-0.18004947000002858,2.4030000020047737e-05,-0.18007350000004863,n00000199,n00000199,n00000199,1,1
1284,Law,405.48096983,405.48093987,405.46844651,-2.9960000006212795e-05,-0.012523320000013882,0.01249336000000767,n00000235,n00000235,n00000235,1,1
1288,Law,408.40666915,408.4022872,408.40666915,-0.0043819500000381595,0.0,-0.0043819500000381595,n00000142,n00000142,n00000142,1,0
1292,Law,391.5123087,390.41459449,391.5123087,-1.0977142099999924,0.0,-1.0977142099999924,n00000143,n00000143,n00000143,1,0
1295,Law,393.78531564,393.692672,393.78529058,-0.09264364000000569,-2.5060000041321473e-05,-0.09261857999996437,n00000219,n00000219,n00000219,1,1
1298,Law,405.5239293,405.52391082,405.48510229,-1.8479999994269747e-05,-0.03882701000003408,0.03880853000003981,n00000235,n00000235,n00000235,1,1
1299,Law,400.03053233,400.03053183,400.03053233,-5.000000555810402e-07,0.0,-5.000000555810402e-07,n00000201,n00000201,n00000201,1,0
1301,Law,414.13494952,414.1349489,414.13494952,-6.200000370881753e-07,0.0,-6.200000370881753e-07,n00000200,n00000200,n00000200,1,0
1302,Law,402.00266522,402.00132131,402.0945393,-0.0013439100000027793,0.09187408000002506,-0.09321799000002784,n00000235,n00000235,n00000235,1,1
1305,Law,397.20676381,397.20643628,397.93302004,-0.00032752999999274834,0.72625622999999,-0.7265837599999827,n00000199,n00000199,n00000199,1,1
1310,Law,410.71460522,410.71460023,410.71460422,-4.990000036286801e-06,-9.999999974752427e-07,-3.990000038811559e-06,n00000200,n00000200,n00000200,1,1
1320,Law,419.68656961,419.68656877,419.68656955,-8.399999842367833e-07,-5.999999075356754e-08,-7.799999934832158e-07,n00000200,n00000200,n00000200,1,1
1328,Law,412.8300414,412.8300414,412.83004139,0.0,-1.0000007932831068e-08,1.0000007932831068e-08,n00000234,n00000234,n00000234,0,1
1329,Law,420.77735388,420.77735388,420.77731036,0.0,-4.352000001972556e-05,4.352000001972556e-05,n00000234,n00000234,n00000234,0,1
1330,Law,409.31023572,409.3101828,409.31023487,-5.291999997325547e-05,-8.499999921696144e-07,-5.206999998108586e-05,n00000200,n00000200,n00000200,1,1
1336,Law,427.30052683,427.30052683,427.30052683,0.0,0.0,0.0,n00000234,n00000234,n00000234,0,0
1338,Law,403.19660561,403.19660453,403.19660561,-1.0800000040944724e-06,0.0,-1.0800000040944724e-06,n00000201,n00000201,n00000201,1,0
1340,Law,419.58202719,419.58202719,419.58202719,0.0,0.0,0.0,n00000201,n00000201,n00000201,0,0
1345,Law,407.11646158,407.11536758,407.66014341,-0.001094000000023243,0.5436818299999686,-0.5447758299999919,n00000199,n00000199,n00000199,1,1
1347,Law,390.3707498,390.36319547,391.09287084,-0.0075543300000049385,0.7221210399999904,-0.7296753699999954,n00000198,n00000198,n00000198,1,1
1350,Law,393.45368723,393.45035566,393.45368722,-0.0033315700000002835,-1.0000007932831068e-08,-0.0033315599999923506,n00000198,n00000198,n00000198,1,1
1357,Law,419.44144333,419.44144333,419.44144333,0.0,0.0,0.0,n00000234,n00000234,n00000234,0,0
1358,Law,393.51975682,393.50512525,393.52289737,-0.014631570000005922,0.003140550000011899,-0.01777212000001782,n00000198,n00000198,n00000198,1,1
1360,Law,413.31921623,413.31921607,413.31921623,-1.6000001323845936e-07,0.0,-1.6000001323845936e-07,n00000201,n00000201,n00000201,1,0
1363,Law,423.89755416,423.89755416,423.89755416,0.0,0.0,0.0,n00000234,n00000234,n00000234,0,0
1364,Law,410.88818912,410.88817792,410.88818912,-1.1200000017197453e-05,0.0,-1.1200000017197453e-05,n00000201,n00000201,n00000201,1,0
1370,Law,404.55030923,404.54351449,404.55030923,-0.006794739999975263,0.0,-0.006794739999975263,n00000200,n00000200,n00000200,1,0
1375,Law,386.2627493,386.2622905,386.7358734,-0.0004587999999898784,0.4731241000000068,-0.4735828999999967,n00000199,n00000199,n00000199,1,1
1380,Law,378.3805625,378.37924431,378.38055318,-0.0013181900000063251,-9.320000003754103e-06,-0.001308870000002571,n00000180,n00000180,n00000180,1,1
1385,Law,409.83350935,409.83350935,409.83350934,0.0,-1.0000007932831068e-08,1.0000007932831068e-08,n00000234,n00000234,n00000234,0,1
1387,Law,387.58225679,385.83936453,387.86068556,-1.7428922599999623,0.278428770000005,-2.0213210299999673,n00000199,n00000199,n00000199,1,1
1390,Law,409.64096091,409.64096091,409.64096091,0.0,0.0,0.0,n00000201,n00000201,n00000201,0,0
1392,Law,408.54012562,408.54012562,408.54012562,0.0,0.0,0.0,n00000234,n00000234,n00000234,0,0
1395,Law,406.67220505,406.67220503,407.336207,-2.0000015865662135e-08,0.6640019499999994,-0.6640019700000153,n00000199,n00000199,n00000199,1,1
1401,Law,405.89961874,405.89961874,405.89961872,0.0,-2.0000015865662135e-08,2.0000015865662135e-08,n00000235,n00000235,n00000235,0,1
1403,Law,413.35347416,413.35346203,413.35347415,-1.2130000015986298e-05,-1.0000007932831068e-08,-1.2120000008053466e-05,n00000200,n00000200,n00000200,1,1
1407,Law,404.39859048,404.39854928,404.39442115,-4.1199999998298154e-05,-0.004169329999967886,0.0041281299999695875,n00000235,n00000235,n00000235,1,1
1411,Law,383.37275188,383.37237685,383.3698889,-0.0003750299999865092,-0.002862980000031712,0.0024879500000452026,n00000078,n00000078,n00000078,1,1
1413,Law,396.11166663,396.11166662,396.10764639,-1.0000007932831068e-08,-0.004020239999988462,0.004020229999980529,n00000235,n00000235,n00000235,1,1
1426,Law,410.293668,410.293668,410.2936586,0.0,-9.400000010373333e-06,9.400000010373333e-06,n00000235,n00000235,n00000235,0,1
1434,Law,417.02166031,417.02165931,417.02166031,-9.999999974752427e-07,0.0,-9.999999974752427e-07,n00000200,n00000200,n00000200,1,0
1442,Law,415.36420396,415.36420396,415.36420396,0.0,0.0,0.0,n00000201,n00000201,n00000201,0,0
1443,Law,420.13907093,420.13907078,420.13907091,-1.500000053056283e-07,-2.0000015865662135e-08,-1.2999998943996616e-07,n00000200,n00000200,n00000200,1,1
1444,Law,405.39155337,405.39155314,405.39155337,-2.3000001192485797e-07,0.0,-2.3000001192485797e-07,n00000200,n00000200,n00000200,1,0
1449,Law,391.54577498,391.5463192,392.59651496,0.0005442200000516095,1.050739980000003,-1.0501957599999514,n00000199,n00000199,n00000199,1,1
1451,Law,408.26782472,408.267824,408.26782472,-7.200000027296483e-07,0.0,-7.200000027296483e-07,n00000200,n00000200,n00000200,1,0
1452,Law,415.6660421,415.66572065,415.66553806,-0.00032145000000127766,-0.0005040400000098089,0.0001825900000085312,n00000200,n00000200,n00000200,1,1
1453,Law,414.48397879,414.48397879,414.48397879,0.0,0.0,0.0,n00000234,n00000234,n00000234,0,0
1456,Law,390.58375408,391.18640643,390.58375431,0.6026523499999712,2.3000001192485797e-07,0.6026521199999593,n00000199,n00000199,n00000199,1,1
1458,Law,408.48103672,408.4810367,408.48103666,-2.0000015865662135e-08,-6.00000475969864e-08,4.000003173132427e-08,n00000201,n00000201,n00000201,1,1
1463,Law,409.64996193,409.64996193,409.6499565,0.0,-5.430000044270855e-06,5.430000044270855e-06,n00000235,n00000235,n00000235,0,1
1464,Law,410.05288975,410.05288975,410.05288975,0.0,0.0,0.0,n00000201,n00000201,n00000201,0,0
1472,Law,404.16029367,404.16029367,404.11140673,0.0,-0.0488869399999885,0.0488869399999885,n00000234,n00000234,n00000234,0,1
1474,Law,387.45787855,387.45761793,388.35164903,-0.00026061999994908547,0.8937704800000006,-0.8940310999999497,n00000199,n00000199,n00000199,1,1
1476,Law,408.53770302,408.53768662,408.53770262,-1.6399999992700032e-05,-3.9999997625272954e-07,-1.6000000016447302e-05,n00000200,n00000200,n00000200,1,1
1479,Law,413.35836705,413.35836705,413.35836705,0.0,0.0,0.0,n00000235,n00000235,n00000235,0,0
1487,Law,391.20108302,391.12740893,391.20108302,-0.07367408999999725,0.0,-0.07367408999999725,n00000180,n00000180,n00000180,1,0
1489,Law,390.04558888,389.63424562,390.04558888,-0.41134326000002375,0.0,-0.41134326000002375,n00000143,n00000143,n00000143,1,0
1494,Law,380.7190625,380.71906135,380.7189904,-1.150000002780871e-06,-7.210000001123262e-05,7.095000000845175e-05,n00000180,n00000180,n00000180,1,1
1500,Law,427.31862014,427.31862014,427.31862014,0.0,0.0,0.0,n00000234,n00000234,n00000234,0,0
1506,Law,407.94793784,407.94793784,407.94793737,0.0,-4.70000031782547e-07,4.70000031782547e-07,n00000234,n00000234,n00000234,0,1
1509,Law,396.93918877,396.93918855,397.15337014,-2.200000039920269e-07,0.2141813700000057,-0.2141815900000097,n00000199,n00000199,n00000199,1,1
1514,Law,386.17118304,386.1711413,386.16890339,-4.17400000287671e-05,-0.0022796499999913067,0.0022379099999625396,n00000078,n00000078,n00000078,1,1
1524,Law,404.06301303,404.06301303,404.06301287,0.0,-1.599999563950405e-07,1.599999563950405e-07,n00000234,n00000234,n00000234,0,1
1528,Law,397.96021011,397.96021011,397.96011925,0.0,-9.086000000024796e-05,9.086000000024796e-05,n00000235,n00000235,n00000235,0,1
1529,Law,384.26562897,384.2592057,384.2664463,-0.0064232700000275145,0.0008173299999612027,-0.007240599999988717,n00000199,n00000199,n00000199,1,1
1530,Law,387.36156215,387.36387101,387.3615619,0.0023088600000278348,-2.4999997094710125e-07,0.002309109999998782,n00000199,n00000199,n00000199,1,1
1537,Law,420.79310189,420.79310189,420.79310189,0.0,0.0,0.0,n00000234,n00000234,n00000234,0,0
1541,Law,384.30258297,384.29060529,384.30258333,-0.011977680000029522,3.6000000136482413e-07,-0.011978040000030887,n00000198,n00000198,n00000198,1,1
1542,Law,404.06419699,404.06419699,404.06419699,0.0,0.0,0.0,n00000235,n00000235,n00000235,0,0
1555,Law,391.24371477,391.19552262,392.19221887,-0.04819214999997712,0.9485040999999796,-0.9966962499999568,n00000199,n00000199,n00000199,1,1
1557,Law,394.79234478,394.79234478,394.78259115,0.0,-0.009753630000034264,0.009753630000034264,n00000234,n00000234,n00000234,0,1
1565,Law,395.20487448,395.20486974,395.29523178,-4.740000008496281e-06,0.09035729999999376,-0.09036204000000225,n00000198,n00000198,n00000198,1,1
1566,Law,410.07712171,410.07668306,410.0771217,-0.0004386499999782245,-9.999951089412207e-09,-0.0004386400000271351,n00000201,n00000201,n00000201,1,1
1568,Law,396.43649282,396.43646891,396.43649219,-2.3910000038540602e-05,-6.299999881775875e-07,-2.3280000050363014e-05,n00000198,n00000198,n00000198,1,1
1569,Law,411.3417307,411.34173069,411.3417307,-1.0000007932831068e-08,0.0,-1.0000007932831068e-08,n00000201,n00000201,n00000201,1,0
1572,Law,392.7768572,392.72915068,392.7768572,-0.047706520000019736,0.0,-0.047706520000019736,n00000142,n00000142,n00000142,1,0
1574,Law,390.2242523,390.03057482,390.2242523,-0.19367747999996254,0.0,-0.19367747999996254,n00000143,n00000143,n00000143,1,0
1579,Law,386.63090642,386.63289822,386.63090088,0.0019918000000416214,-5.53999996100174e-06,0.001997340000002623,n00000199,n00000199,n00000199,1,1
1586,Law,406.89606278,406.89606278,406.89606278,0.0,0.0,0.0,n00000234,n00000234,n00000234,0,0
1587,Law,382.06112613,382.04351139,383.00310549,-0.017614739999999074,0.9419793600000048,-0.9595941000000039,n00000199,n00000199,n00000199,1,1
1595,Law,401.80617985,401.80617985,401.79679776,0.0,-0.009382089999974141,0.009382089999974141,n00000235,n00000235,n00000235,0,1
1598,Law,399.00502475,399.00499543,399.00502475,-2.9320000010102376e-05,0.0,-2.9320000010102376e-05,n00000198,n00000198,n00000198,1,0
1602,Law,389.24207109,389.19929306,389.24207109,-0.04277803000002223,0.0,-0.04277803000002223,n00000198,n00000198,n00000198,1,0
1606,Law,402.36895228,402.36895228,402.36784589,0.0,-0.0011063899999612659,0.0011063899999612659,n00000234,n00000234,n00000234,0,1
1607,Law,384.38641799,384.3645259,384.38716716,-0.02189208999999437,0.0007491700000059609,-0.02264126000000033,n00000198,n00000198,n00000198,1,1
1609,Law,423.96643173,423.96643166,423.96643173,-6.999999868639861e-08,0.0,-6.999999868639861e-08,n00000200,n00000200,n00000200,1,0
1614,Law,408.5715565,408.5715565,408.57087829,0.0,-0.0006782099999895763,0.0006782099999895763,n00000235,n00000235,n00000235,0,1
1616,Law,408.03926976,408.0392383,408.03926311,-3.146000000242566e-05,-6.650000045738125e-06,-2.4809999956687534e-05,n00000200,n00000200,n00000200,1,1
1619,Law,421.79032118,421.79032118,421.79032118,0.0,0.0,0.0,n00000234,n00000234,n00000234,0,0
1620,Law,400.62025641,400.62025641,400.6202564,0.0,-1.0000007932831068e-08,1.0000007932831068e-08,n00000235,n00000235,n00000235,0,1
1621,Law,411.70494505,411.7049449,411.70494505,-1.500000053056283e-07,0.0,-1.500000053056283e-07,n00000201,n00000201,n00000201,1,0
1622,Law,407.91032847,407.91032847,407.91032841,0.0,-6.00000475969864e-08,6.00000475969864e-08,n00000234,n00000234,n00000234,0,1
1624,Law,392.72634054,392.72634054,392.72633979,0.0,-7.500000265281415e-07,7.500000265281415e-07,n00000235,n00000235,n00000235,0,1
1625,Law,409.64473324,409.64473324,409.64473293,0.0,-3.1000001854408765e-07,3.1000001854408765e-07,n00000235,n00000235,n00000235,0,1
1629,Law,386.01567134,385.96784186,387.11589691,-0.04782947999996168,1.1002255700000205,-1.1480550499999822,n00000199,n00000199,n00000199,1,1
1632,Law,394.15025053,394.07300671,394.15025123,-0.07724381999997831,6.999999868639861e-07,-0.07724451999996518,n00000198,n00000199,n00000198,1,1
1633,Law,397.43040252,397.42794966,397.43040252,-0.002452859999948487,0.0,-0.002452859999948487,n00000200,n00000200,n00000200,1,0
1634,Law,406.11641864,406.1156038,406.11641864,-0.0008148400000322908,0.0,-0.0008148400000322908,n00000201,n00000201,n00000201,1,0
1635,Law,420.7951136,420.79510898,420.79511359,-4.619999970145727e-06,-9.999951089412207e-09,-4.610000019056315e-06,n00000200,n00000200,n00000200,1,1
1642,Law,420.18567773,420.18567773,420.18567773,0.0,0.0,0.0,n00000201,n00000201,n00000201,0,0
1648,Law,391.99600708,391.99600708,391.96680494,0.0,-0.029202140000052168,0.029202140000052168,n00000235,n00000235,n00000235,0,1
1649,Law,418.54816189,418.54816127,418.54816169,-6.200000370881753e-07,-2.0000004496978363e-07,-4.199999921183917e-07,n00000200,n00000200,n00000200,1,1
1657,Law,405.87209525,405.87209525,405.87207357,0.0,-2.167999997482184e-05,2.167999997482184e-05,n00000234,n00000234,n00000234,0,1
1658,Law,409.72073163,409.72073163,409.72073163,0.0,0.0,0.0,n00000235,n00000235,n00000235,0,0
1659,Law,387.36122913,387.08497615,387.36122913,-0.27625298000003795,0.0,-0.27625298000003795,n00000143,n00000143,n00000143,1,0
1661,Law,379.01652679,378.97384719,379.04143493,-0.042679599999985385,0.02490813999997954,-0.06758773999996492,n00000199,n00000199,n00000199,1,1
1679,Law,394.62921305,394.62915922,394.60398716,-5.3829999956178654e-05,-0.025225890000001527,0.02517206000004535,n00000201,n00000201,n00000201,1,1
1684,Law,410.14535234,410.14535201,410.14535234,-3.2999997756633093e-07,0.0,-3.2999997756633093e-07,n00000201,n00000201,n00000201,1,0
1694,Law,403.82047872,403.82047687,403.81683082,-1.8499999896448571e-06,-0.0036478999999758344,0.0036460499999861895,n00000235,n00000235,n00000235,1,1
1699,Law,409.13043833,409.13043833,409.13043378,0.0,-4.5500000283027475e-06,4.5500000283027475e-06,n00000235,n00000235,n00000235,0,1
1703,Law,397.11054896,397.11051259,397.11054896,-3.637000003209323e-05,0.0,-3.637000003209323e-05,n00000198,n00000198,n00000198,1,0
1708,Law,407.771602,407.771602,407.77160171,0.0,-2.8999994583500666e-07,2.8999994583500666e-07,n00000235,n00000235,n00000235,0,1
1711,Law,398.82857695,398.82857695,398.82857147,0.0,-5.480000027091592e-06,5.480000027091592e-06,n00000235,n00000235,n00000235,0,1
1717,Law,412.16182487,412.16182486,412.16182487,-9.999951089412207e-09,0.0,-9.999951089412207e-09,n00000201,n00000201,n00000201,1,0
1725,Law,391.421655,391.41989421,391.42165494,-0.0017607899999916299,-5.999999075356754e-08,-0.0017607300000008763,n00000198,n00000198,n00000198,1,1
1726,Law,400.96752173,400.58754928,400.9674423,-0.3799724499999684,-7.942999997112565e-05,-0.37989301999999725,n00000200,n00000200,n00000200,1,1
1733,Law,398.02943605,398.04185353,398.02943605,0.012417480000010528,0.0,0.012417480000010528,n00000198,n00000198,n00000198,1,0
1736,Law,395.23509633,395.23509627,395.23509251,-5.999999075356754e-08,-3.819999960796849e-06,3.759999970043282e-06,n00000201,n00000201,n00000201,1,1
1738,Law,405.72539001,405.7253868,405.72539001,-3.209999988484924e-06,0.0,-3.209999988484924e-06,n00000201,n00000201,n00000201,1,0
1741,Law,399.9694083,399.96940491,399.96940826,-3.3900000175890455e-06,-3.999997488790541e-08,-3.35000004270114e-06,n00000201,n00000201,n00000201,1,1
1742,Law,416.9878544,416.9878544,416.98100884,0.0,-0.006845559999987927,0.006845559999987927,n00000234,n00000234,n00000234,0,1
1747,Law,416.88211345,416.88199779,416.88211192,-0.00011566000000584609,-1.5300000200113573e-06,-0.00011412999998583473,n00000200,n00000200,n00000200,1,1
1748,Law,413.12575718,413.12572969,413.12575588,-2.7489999979479762e-05,-1.3000000080864993e-06,-2.6189999971393263e-05,n00000200,n00000200,n00000200,1,1
1750,Law,415.48210501,415.48210501,415.48210501,0.0,0.0,0.0,n00000234,n00000234,n00000234,0,0
1752,Law,398.7414869,398.7414869,398.69209942,0.0,-0.049387480000007145,0.049387480000007145,n00000234,n00000234,n00000234,0,1
1765,Law,419.66920219,419.66920168,419.66920187,-5.100000066704524e-07,-3.200000264769187e-07,-1.899999801935337e-07,n00000200,n00000200,n00000200,1,1
1772,Law,413.99823802,413.99823802,413.99823801,0.0,-9.999951089412207e-09,9.999951089412207e-09,n00000201,n00000201,n00000201,0,1
1782,Law,413.57238456,413.57238437,413.57238456,-1.899999801935337e-07,0.0,-1.899999801935337e-07,n00000201,n00000201,n00000201,1,0
1788,Law,404.88226098,404.88226098,404.88197114,0.0,-0.00028983999999354637,0.00028983999999354637,n00000234,n00000234,n00000234,0,1
1793,Law,402.1606407,402.18192655,402.1606407,0.021285850000026585,0.0,0.021285850000026585,n00000198,n00000198,n00000198,1,0
1794,Law,411.77475359,411.77475359,411.77475359,0.0,0.0,0.0,n00000235,n00000235,n00000235,0,0
1795,Law,408.74201243,408.74201243,408.74200938,0.0,-3.0499999752464646e-06,3.0499999752464646e-06,n00000235,n00000235,n00000235,0,1
1798,Law,411.18383522,411.18383522,411.18359345,0.0,-0.00024177000000236148,0.00024177000000236148,n00000234,n00000234,n00000234,0,1
1800,Law,417.41519555,417.4151864,417.41366093,-9.150000039426232e-06,-0.001534620000029463,0.0015254699999900367,n00000200,n00000200,n00000200,1,1
1803,Law,410.31611464,410.31611464,410.30679182,0.0,-0.009322820000022602,0.009322820000022602,n00000235,n00000235,n00000235,0,1
1817,Law,411.60655311,411.60655311,411.60653703,0.0,-1.6079999966223113e-05,1.6079999966223113e-05,n00000235,n00000235,n00000235,0,1
1820,Law,409.32535531,409.32535531,409.32535531,0.0,0.0,0.0,n00000234,n00000234,n00000234,0,0
1821,Law,398.86442598,398.86442022,399.52003444,-5.760000021837186e-06,0.6556084599999963,-0.6556142200000181,n00000199,n00000199,n00000199,1,1
1825,Law,393.83335341,393.83335338,393.83328595,-2.999996695507434e-08,-6.745999996837782e-05,6.743000000142274e-05,n00000235,n00000235,n00000235,1,1
1826,Law,408.54529236,408.54529236,408.54529236,0.0,0.0,0.0,n00000235,n00000235,n00000235,0,0
1838,Law,387.98561853,387.82844137,387.98561974,-0.15717716000000337,1.2099999935344385e-06,-0.1571783699999969,n00000199,n00000199,n00000199,1,1
1843,Law,409.83629768,409.83629768,409.83629737,0.0,-3.099999617006688e-07,3.099999617006688e-07,n00000235,n00000235,n00000235,0,1
1844,Law,413.00503259,413.00503257,413.00503259,-1.9999959022243274e-08,0.0,-1.9999959022243274e-08,n00000201,n00000201,n00000201,1,0
1845,Law,393.54630356,393.54570991,393.54630352,-0.0005936499999847911,-4.000003173132427e-08,-0.0005936099999530597,n00000198,n00000198,n00000198,1,1
1846,Law,414.11939457,414.11939457,414.11939452,0.0,-4.999998282073648e-08,4.999998282073648e-08,n00000234,n00000234,n00000234,0,1
1853,Law,403.90004517,404.07137724,403.90004517,0.1713320700000054,0.0,0.1713320700000054,n00000198,n00000198,n00000198,1,0
1854,Law,400.91457853,400.91457853,400.91457853,0.0,0.0,0.0,n00000234,n00000234,n00000234,0,0
1857,Law,400.01024256,399.3978921,400.19640061,-0.612350460000016,0.18615805000001728,-0.7985085100000333,n00000235,n00000235,n00000235,1,1
1865,Law,413.15183699,413.15183699,413.15183699,0.0,0.0,0.0,n00000234,n00000234,n00000234,0,0
1870,Law,410.48562679,410.48562679,410.48562679,0.0,0.0,0.0,n00000234,n00000234,n00000234,0,0
1876,Law,410.92645564,410.92645555,410.92645554,-8.999995770864189e-08,-9.999996564147295e-08,1.0000007932831068e-08,n00000200,n00000200,n00000200,1,1
1877,Law,397.4866495,397.48664949,397.46278468,-1.0000007932831068e-08,-0.023864819999971587,0.023864809999963654,n00000235,n00000235,n00000235,1,1
1878,Law,408.93477312,408.93477312,408.93477287,0.0,-2.4999997094710125e-07,2.4999997094710125e-07,n00000234,n00000234,n00000234,0,1
1879,Law,410.24924226,410.24924226,410.24924226,0.0,0.0,0.0,n00000235,n00000235,n00000235,0,0
1886,Law,393.63947466,393.63934294,393.63947471,-0.00013172000001304696,4.999998282073648e-08,-0.0001317699999958677,n00000198,n00000198,n00000198,1,1
1887,Law,412.05239258,412.05239258,412.05239258,0.0,0.0,0.0,n00000234,n00000234,n00000234,0,0
1890,Law,404.26581692,404.26581691,404.22196251,-1.0000007932831068e-08,-0.04385440999999446,0.043854399999986526,n00000235,n00000235,n00000235,1,1
1892,Law,412.89499624,412.89499443,412.85942831,-1.8100000147569517e-06,-0.03556793000001335,0.03556611999999859,n00000200,n00000200,n00000200,1,1
1895,Law,411.2146214,411.2146214,411.21462125,0.0,-1.500000053056283e-07,1.500000053056283e-07,n00000234,n00000234,n00000234,0,1
1903,Law,408.5028884,408.5028829,408.5028884,-5.500000042957254e-06,0.0,-5.500000042957254e-06,n00000200,n00000200,n00000200,1,0
1905,Law,394.30232919,394.30214679,394.30228722,-0.00018240000002833767,-4.197000004069196e-05,-0.00014042999998764572,n00000198,n00000198,n00000198,1,1
1908,Law,413.09182313,413.09182313,413.09182292,0.0,-2.0999999605919584e-07,2.0999999605919584e-07,n00000235,n00000235,n00000235,0,1
1909,Law,413.98607006,413.98607006,413.98607006,0.0,0.0,0.0,n00000234,n00000234,n00000234,0,0
1915,Law,417.13103792,417.13103721,417.1310379,-7.099999947968172e-07,-1.9999959022243274e-08,-6.900000357745739e-07,n00000200,n00000200,n00000200,1,1
1921,Law,391.76348823,391.75799061,391.76348763,-0.0054976200000282915,-6.000000212225132e-07,-0.005497020000007069,n00000198,n00000198,n00000198,1,1
1925,Law,417.92404966,417.92404879,417.92404966,-8.700000080352766e-07,0.0,-8.700000080352766e-07,n00000200,n00000200,n00000200,1,0
1927,Law,381.96627102,381.96877284,382.49837043,0.0025018199999635726,0.5320994100000007,-0.5295975900000371,n00000199,n00000199,n00000199,1,1
1931,Law,386.97471187,386.97277577,386.97471194,-0.0019361000000230888,6.999999868639861e-08,-0.0019361700000217752,n00000180,n00000180,n00000180,1,1
1935,Law,414.8845071,414.88450309,414.88450709,-4.009999997833802e-06,-1.0000007932831068e-08,-3.999999989900971e-06,n00000200,n00000200,n00000200,1,1
1937,Law,389.45047731,389.45258698,389.45356356,0.0021096699999816337,0.003086250000023938,-0.0009765800000423042,n00000199,n00000199,n00000199,1,1
1939,Law,411.09650351,411.09650351,411.09648971,0.0,-1.3799999976527033e-05,1.3799999976527033e-05,n00000235,n00000235,n00000235,0,1
1945,Law,416.08629364,416.08629364,416.08629364,0.0,0.0,0.0,n00000234,n00000234,n00000234,0,0
1957,Law,414.8366194,414.83661938,414.8366194,-2.0000015865662135e-08,0.0,-2.0000015865662135e-08,n00000201,n00000201,n00000201,1,0
1959,Law,422.06564548,422.06564492,422.06564526,-5.599999894911889e-07,-2.200000039920269e-07,-3.39999985499162e-07,n00000200,n00000200,n00000200,1,1
1964,Law,393.6834197,393.68298084,393.68341961,-0.0004388599999742837,-9.000001455206075e-08,-0.00043876999995973165,n00000198,n00000198,n00000198,1,1
1976,Law,405.1511012,405.15108848,405.14973454,-1.272000002927598e-05,-0.0013666600000306062,0.0013539400000013302,n00000235,n00000235,n00000235,1,1
1980,Law,413.19442377,413.19442377,413.19442377,0.0,0.0,0.0,n00000234,n00000234,n00000234,0,0
1981,Law,389.18043094,389.18113937,390.19873975,0.000708429999974669,1.0183088100000077,-1.017600380000033,n00000199,n00000199,n00000199,1,1
1984,Law,408.51224947,408.51224947,408.51224947,0.0,0.0,0.0,n00000235,n00000235,n00000235,0,0
1985,Law,410.19747122,410.1974712,410.19747122,-2.0000015865662135e-08,0.0,-2.0000015865662135e-08,n00000201,n00000201,n00000201,1,0
1989,Psychology,381.41312125,381.41312125,381.41312125,0.0,0.0,0.0,n00000187,n00000187,n00000187,0,0
1990,Psychology,393.92681617,393.92304373,393.92681617,-0.0037724399999774505,0.0,-0.0037724399999774505,n00000221,n00000221,n00000221,1,0
1995,Psychology,393.14858556,393.29352371,393.14858556,0.14493814999997312,0.0,0.14493814999997312,n00000222,n00000222,n00000222,1,0
1996,Psychology,374.64643011,374.74539558,374.64642856,0.098965469999996,-1.5499999790336005e-06,0.09896701999997504,n00000220,n00000220,n00000220,1,1
1998,Psychology,385.27039229,385.26256617,385.27038134,-0.007826120000004266,-1.0950000046250352e-05,-0.007815169999958016,n00000217,n00000217,n00000217,1,1
1999,Psychology,389.68414067,389.68696449,389.68414067,0.002823820000003252,0.0,0.002823820000003252,n00000082,n00000082,n00000082,1,0
2004,Psychology,388.74984883,388.74305391,388.74984918,-0.0067949200000043675,3.4999999343199306e-07,-0.0067952699999977995,n00000221,n00000221,n00000221,1,1
2006,Psychology,394.95633888,394.95627377,394.95633888,-6.510999997999534e-05,0.0,-6.510999997999534e-05,n00000215,n00000215,n00000215,1,0
2008,Psychology,383.02897166,383.02631332,383.02503661,-0.002658340000039061,-0.0039350500000523425,0.0012767100000132814,n00000217,n00000217,n00000217,1,1
2010,Psychology,382.64249435,382.64244517,382.64249435,-4.918000001907785e-05,0.0,-4.918000001907785e-05,n00000219,n00000219,n00000219,1,0
2016,Psychology,383.28160741,383.28160741,383.28196183,0.0,0.000354420000007849,-0.000354420000007849,n00000195,n00000195,n00000195,0,1
2023,Psychology,394.56903394,394.56571008,394.56903394,-0.00332386000002316,0.0,-0.00332386000002316,n00000222,n00000222,n00000222,1,0
2026,Psychology,384.42866755,384.46707347,384.42866762,0.038405920000002425,6.999999868639861e-08,0.03840585000000374,n00000222,n00000222,n00000222,1,1
2028,Psychology,382.23886045,382.2383896,382.23886047,-0.0004708499999992455,2.0000015865662135e-08,-0.00047087000001511115,n00000218,n00000218,n00000218,1,1
2035,Psychology,383.02075523,383.02239557,383.02075523,0.0016403399999944668,0.0,0.0016403399999944668,n00000218,n00000218,n00000218,1,0
2039,Psychology,389.7764856,389.77640154,389.7764856,-8.406000000604763e-05,0.0,-8.406000000604763e-05,n00000161,n00000161,n00000161,1,0
2040,Psychology,401.25214149,401.25306933,401.25214149,0.0009278400000312104,0.0,0.0009278400000312104,n00000222,n00000222,n00000222,1,0
2041,Psychology,388.89251152,388.89174796,388.89251152,-0.000763560000052621,0.0,-0.000763560000052621,n00000215,n00000215,n00000215,1,0
2048,Psychology,382.15592441,382.47801832,382.15592441,0.3220939099999782,0.0,0.3220939099999782,n00000215,n00000222,n00000215,1,0
2053,Psychology,390.91896926,389.26401796,390.91896926,-1.6549512999999934,0.0,-1.6549512999999934,n00000143,n00000143,n00000143,1,0
2056,Psychology,384.36738977,384.36739045,384.36175133,6.800000278417428e-07,-0.005638439999984257,0.005639120000012099,n00000040,n00000040,n00000040,1,1
2057,Psychology,397.24039946,397.23584962,397.24039946,-0.0045498399999814865,0.0,-0.0045498399999814865,n00000142,n00000142,n00000142,1,0
2059,Psychology,387.85645226,387.85223113,387.85645226,-0.004221130000019002,0.0,-0.004221130000019002,n00000216,n00000216,n00000216,1,0
2061,Psychology,387.52011522,387.7786525,387.52011522,0.2585372800000414,0.0,0.2585372800000414,n00000222,n00000222,n00000222,1,0
2062,Psychology,380.29542923,380.30740233,380.29542924,0.011973099999977421,9.999951089412207e-09,0.011973090000026332,n00000222,n00000222,n00000222,1,1
2063,Psychology,382.57582312,382.57377748,382.57582312,-0.002045640000005733,0.0,-0.002045640000005733,n00000216,n00000216,n00000216,1,0
2064,Psychology,386.31944344,386.31944344,386.31944344,0.0,0.0,0.0,n00000027,n00000027,n00000027,0,0
2065,Psychology,381.23899384,381.29257651,381.23899384,0.0535826700000257,0.0,0.0535826700000257,n00000218,n00000218,n00000218,1,0
2067,Psychology,382.613785,382.61377329,382.613785,-1.1710000023867906e-05,0.0,-1.1710000023867906e-05,n00000218,n00000218,n00000218,1,0
2068,Psychology,383.14480503,383.14466223,383.14480503,-0.00014279999999189386,0.0,-0.00014279999999189386,n00000217,n00000217,n00000217,1,0
2069,Psychology,395.69687983,395.69687981,395.69687922,-2.0000015865662135e-08,-6.099999723119254e-07,5.899999564462632e-07,n00000217,n00000217,n00000217,1,1
2073,Psychology,397.03972871,397.03972871,397.03972871,0.0,0.0,0.0,n00000218,n00000218,n00000218,0,0
2075,Psychology,387.70523222,387.72933705,387.70523222,0.024104829999998856,0.0,0.024104829999998856,n00000222,n00000222,n00000222,1,0
2076,Psychology,399.55890437,399.55890433,399.55890437,-3.999997488790541e-08,0.0,-3.999997488790541e-08,n00000196,n00000196,n00000196,1,0
2079,Psychology,381.14009992,381.22881455,381.14009974,0.08871462999996993,-1.800000291041215e-07,0.08871480999999903,n00000219,n00000219,n00000219,1,1
2082,Psychology,379.86879965,379.86077797,379.86879965,-0.00802168000001302,0.0,-0.00802168000001302,n00000215,n00000215,n00000215,1,0
2088,Psychology,384.28387334,384.84963933,384.28387334,0.5657659899999885,0.0,0.5657659899999885,n00000218,n00000218,n00000218,1,0
2101,Psychology,383.1269802,383.18545814,383.12698999,0.05847793999998885,9.79000003553665e-06,0.05846814999995331,n00000222,n00000222,n00000222,1,1
2109,Psychology,383.61945575,383.61932653,383.61945575,-0.00012921999996251543,0.0,-0.00012921999996251543,n00000161,n00000161,n00000161,1,0
2111,Psychology,383.90512633,383.90499954,383.90511416,-0.00012678999996751372,-1.2169999990874203e-05,-0.00011461999997663952,n00000104,n00000104,n00000104,1,1
2112,Psychology,393.90879182,393.94255805,393.90879182,0.0337662300000261,0.0,0.0337662300000261,n00000222,n00000222,n00000222,1,0
2113,Psychology,388.73923193,388.7328503,388.73923193,-0.006381630000021232,0.0,-0.006381630000021232,n00000215,n00000215,n00000215,1,0
2114,Psychology,378.35065308,378.34981102,378.35065308,-0.0008420599999681144,0.0,-0.0008420599999681144,n00000216,n00000216,n00000216,1,0
2115,Psychology,382.69277308,382.70563319,382.69277484,0.012860110000019631,1.7600000319362152e-06,0.012858349999987695,n00000222,n00000222,n00000222,1,1
2117,Psychology,397.49617742,397.50253147,397.49617742,0.0063540500000272004,0.0,0.0063540500000272004,n00000222,n00000222,n00000222,1,0
2123,Psychology,394.17524055,394.18796031,394.17524055,0.012719759999981761,0.0,0.012719759999981761,n00000222,n00000222,n00000222,1,0
2124,Psychology,384.28740899,384.27448974,384.28740899,-0.012919250000038573,0.0,-0.012919250000038573,n00000221,n00000221,n00000221,1,0
2127,Psychology,389.65791577,389.65676367,389.65791577,-0.0011521000000129789,0.0,-0.0011521000000129789,n00000215,n00000215,n00000215,1,0
2135,Psychology,390.58721936,390.587219,390.58721375,-3.6000000136482413e-07,-5.610000016531558e-06,5.250000015166734e-06,n00000217,n00000217,n00000217,1,1
2148,Psychology,395.84495524,395.84280783,395.84495524,-0.0021474099999636564,0.0,-0.0021474099999636564,n00000221,n00000221,n00000221,1,0
2152,Psychology,387.60947891,387.60782489,387.60947891,-0.0016540199999894867,0.0,-0.0016540199999894867,n00000215,n00000215,n00000215,1,0
2157,Psychology,382.07795785,382.54511647,382.07795785,0.4671586199999638,0.0,0.4671586199999638,n00000218,n00000218,n00000218,1,0
2170,Psychology,384.8424656,384.8424656,384.8424656,0.0,0.0,0.0,n00000083,n00000083,n00000083,0,0
2175,Psychology,388.67260815,388.67260815,388.67260815,0.0,0.0,0.0,n00000082,n00000082,n00000082,0,0
2184,Psychology,368.94611179,368.97540033,368.94464668,0.029288540000038665,-0.001465109999969627,0.030753650000008292,n00000184,n00000184,n00000184,1,1
2188,Psychology,397.20426374,397.20593265,397.20426374,0.0016689100000348844,0.0,0.0016689100000348844,n00000222,n00000222,n00000222,1,0
2191,Psychology,398.02414635,398.02405361,398.02414635,-9.274000001369131e-05,0.0,-9.274000001369131e-05,n00000215,n00000215,n00000215,1,0
2192,Psychology,382.51513927,382.51513928,382.50528312,1.0000007932831068e-08,-0.009856150000018715,0.009856160000026648,n00000125,n00000125,n00000125,1,1
2198,Psychology,388.26186667,388.44101926,388.26186667,0.17915259000000106,0.0,0.17915259000000106,n00000218,n00000218,n00000218,1,0
2204,Psychology,386.69444419,386.70557783,386.6944442,0.011133639999968636,1.0000007932831068e-08,0.011133629999960704,n00000056,n00000056,n00000056,1,1
2205,Psychology,381.44147069,381.44093046,381.44147069,-0.000540230000012798,0.0,-0.000540230000012798,n00000218,n00000218,n00000218,1,0
2210,Psychology,385.6745039,385.67454102,385.6745039,3.712000000177795e-05,0.0,3.712000000177795e-05,n00000219,n00000219,n00000219,1,0
2218,Psychology,377.48753799,377.48482386,377.48753799,-0.0027141300000153024,0.0,-0.0027141300000153024,n00000218,n00000218,n00000218,1,0
2223,Psychology,385.00458875,385.00993656,385.00458875,0.005347810000046138,0.0,0.005347810000046138,n00000222,n00000222,n00000222,1,0
2226,Psychology,382.21187143,382.31653107,382.21187143,0.10465964000002259,0.0,0.10465964000002259,n00000222,n00000222,n00000222,1,0
2227,Psychology,391.65423226,391.65438176,391.65423226,0.0001494999999636093,0.0,0.0001494999999636093,n00000215,n00000215,n00000215,1,0
2230,Psychology,381.73792314,381.85689312,381.73792314,0.11896997999997438,0.0,0.11896997999997438,n00000215,n00000215,n00000215,1,0
2232,Psychology,384.95012685,385.0016905,384.95012514,0.05156364999999141,-1.70999999227206e-06,0.051565359999983684,n00000078,n00000078,n00000078,1,1
2233,Psychology,387.96919186,387.96880791,387.96919186,-0.0003839500000140106,0.0,-0.0003839500000140106,n00000216,n00000216,n00000216,1,0
2237,Psychology,383.2134695,383.21121443,383.2134695,-0.0022550699999897006,0.0,-0.0022550699999897006,n00000215,n00000215,n00000215,1,0
2240,Psychology,395.27993682,395.521175,395.27993682,0.24123818000003894,0.0,0.24123818000003894,n00000222,n00000222,n00000222,1,0
2242,Psychology,394.56174828,394.56462888,394.56174828,0.0028805999999690357,0.0,0.0028805999999690357,n00000222,n00000222,n00000222,1,0
2244,Psychology,372.71684347,373.22351018,372.71686942,0.5066667099999904,2.5950000008378993e-05,0.506640759999982,n00000220,n00000222,n00000220,1,1
2248,Psychology,375.32456692,375.43059822,375.32456464,0.10603129999998373,-2.27999998969608e-06,0.10603357999997343,n00000083,n00000083,n00000083,1,1
2249,Psychology,390.08750041,390.16278187,390.08750041,0.07528145999998515,0.0,0.07528145999998515,n00000222,n00000222,n00000222,1,0
2254,Psychology,378.57309874,380.2342744,378.57309925,1.6611756600000263,5.100000066704524e-07,1.6611751500000196,n00000219,n00000219,n00000219,1,1
2258,Psychology,392.23034981,392.22805308,392.23034981,-0.0022967300000118485,0.0,-0.0022967300000118485,n00000216,n00000216,n00000216,1,0
2259,Psychology,389.54433138,389.87497004,389.54433138,0.3306386599999769,0.0,0.3306386599999769,n00000222,n00000222,n00000222,1,0
2263,Psychology,389.30176612,389.39157332,389.30176612,0.08980719999999565,0.0,0.08980719999999565,n00000221,n00000221,n00000221,1,0
2264,Psychology,377.53897827,377.53864602,377.53897803,-0.00033224999998537896,-2.399999630142702e-07,-0.0003320100000223647,n00000219,n00000219,n00000219,1,1
2267,Psychology,391.19551678,389.53953497,391.1953542,-1.6559818100000143,-0.0001625799999942501,-1.65581923000002,n00000217,n00000217,n00000217,1,1
2268,Psychology,389.35311491,390.03049255,389.35311491,0.6773776400000315,0.0,0.6773776400000315,n00000220,n00000220,n00000220,1,0
2272,Psychology,401.95872699,401.95834827,401.95872762,-0.0003787200000147095,6.299999881775875e-07,-0.0003793500000028871,n00000142,n00000142,n00000142,1,1
2273,Psychology,392.39656312,392.39656064,392.39656312,-2.4799999778224446e-06,0.0,-2.4799999778224446e-06,n00000215,n00000215,n00000215,1,0
2283,Psychology,388.56165041,387.6003586,388.56165041,-0.9612918100000343,0.0,-0.9612918100000343,n00000056,n00000143,n00000056,1,0
2286,Psychology,381.43803862,381.44314673,381.44906734,0.0051081100000374136,0.011028720000012981,-0.005920609999975568,n00000182,n00000182,n00000182,1,1
2287,Psychology,392.53978539,392.5397483,392.53978539,-3.709000003482288e-05,0.0,-3.709000003482288e-05,n00000218,n00000218,n00000218,1,0
2292,Psychology,387.84775031,387.92349516,387.84775031,0.07574485000003506,0.0,0.07574485000003506,n00000222,n00000222,n00000222,1,0
2294,Psychology,383.0878242,384.53674578,383.0878242,1.4489215799999897,0.0,1.4489215799999897,n00000215,n00000215,n00000215,1,0
2296,Psychology,388.27782015,388.27782072,388.27781935,5.6999999742402e-07,-8.000000093488779e-07,1.370000006772898e-06,n00000082,n00000082,n00000082,1,1
2297,Psychology,383.7517605,383.78800964,383.7517605,0.03624913999999535,0.0,0.03624913999999535,n00000222,n00000222,n00000222,1,0
2300,Psychology,389.6269435,389.6269435,389.61449219,0.0,-0.012451309999960358,0.012451309999960358,n00000126,n00000126,n00000126,0,1
2302,Psychology,381.01056894,381.01056894,381.00875469,0.0,-0.0018142499999953543,0.0018142499999953543,n00000040,n00000040,n00000040,0,1
2311,Psychology,380.16658039,380.21024723,380.1665804,0.04366684000001442,1.0000007932831068e-08,0.043666830000006485,n00000222,n00000222,n00000222,1,1
2312,Psychology,391.24456918,391.24560225,391.24456918,0.0010330700000054094,0.0,0.0010330700000054094,n00000222,n00000222,n00000222,1,0
2313,Psychology,387.27455775,387.26584734,387.27455774,-0.008710409999991953,-1.0000007932831068e-08,-0.00871039999998402,n00000215,n00000215,n00000215,1,1
2314,Psychology,395.69308292,395.66593189,395.69308292,-0.027151029999970433,0.0,-0.027151029999970433,n00000221,n00000221,n00000221,1,0
2322,Psychology,388.98853573,389.67018343,388.98853573,0.681647699999985,0.0,0.681647699999985,n00000216,n00000216,n00000216,1,0
2330,Psychology,379.95809908,379.97387424,379.95809967,0.015775159999975585,5.900000132896821e-07,0.015774569999962296,n00000218,n00000218,n00000218,1,1
2332,Psychology,384.67390334,384.66319433,384.67390334,-0.010709009999970931,0.0,-0.010709009999970931,n00000217,n00000217,n00000217,1,0
2335,Psychology,387.59902858,387.5990286,387.59902858,2.0000015865662135e-08,0.0,2.0000015865662135e-08,n00000082,n00000082,n00000082,1,0
2338,Psychology,384.82436961,384.93367485,384.80390198,0.10930523999996922,-0.02046763000004148,0.1297728700000107,n00000220,n00000220,n00000220,1,1
2340,Psychology,384.46859843,384.57578359,384.46859843,0.10718516000002865,0.0,0.10718516000002865,n00000222,n00000222,n00000222,1,0
2344,Psychology,388.81843886,388.80608605,388.81843886,-0.012352810000038517,0.0,-0.012352810000038517,n00000221,n00000221,n00000221,1,0
2349,Psychology,388.53496435,388.53184115,388.53496435,-0.0031232000000045446,0.0,-0.0031232000000045446,n00000215,n00000215,n00000215,1,0
2354,Psychology,393.88684315,393.91438368,393.88684315,0.02754053000001022,0.0,0.02754053000001022,n00000222,n00000222,n00000222,1,0
2356,Psychology,389.42905596,389.42905626,389.42843813,2.999999537678377e-07,-0.0006178300000101444,0.0006181299999639123,n00000040,n00000040,n00000040,1,1
2359,Psychology,377.46913863,377.46916202,377.46913863,2.339000002393732e-05,0.0,2.339000002393732e-05,n00000186,n00000186,n00000186,1,0
2367,Psychology,382.21872388,382.21830908,382.21872388,-0.0004148000000441243,0.0,-0.0004148000000441243,n00000215,n00000215,n00000215,1,0
2368,Psychology,385.15645729,385.17990091,385.15645729,0.023443620000023202,0.0,0.023443620000023202,n00000222,n00000222,n00000222,1,0
2376,Psychology,386.93069338,387.61213241,386.93069338,0.6814390300000355,0.0,0.6814390300000355,n00000215,n00000222,n00000215,1,0
2379,Psychology,383.22605989,383.21833855,383.22605989,-0.007721339999989141,0.0,-0.007721339999989141,n00000217,n00000217,n00000217,1,0
2383,Psychology,378.37056673,378.37056493,378.3705667,-1.8000000068241206e-06,-3.00000237984932e-08,-1.7699999830256274e-06,n00000219,n00000219,n00000219,1,1
2384,Psychology,381.77986611,382.1147736,381.77986611,0.33490748999997777,0.0,0.33490748999997777,n00000218,n00000218,n00000218,1,0
2390,Psychology,386.24814175,386.25250732,386.24814175,0.004365570000004482,0.0,0.004365570000004482,n00000221,n00000221,n00000221,1,0
2392,Psychology,395.84247495,395.83345678,395.84247495,-0.009018169999990278,0.0,-0.009018169999990278,n00000221,n00000221,n00000221,1,0
2399,Psychology,391.8116232,391.79258666,391.8116232,-0.019036540000001878,0.0,-0.019036540000001878,n00000221,n00000221,n00000221,1,0
2412,Psychology,388.76149613,388.76034165,388.76149613,-0.0011544800000251598,0.0,-0.0011544800000251598,n00000215,n00000215,n00000215,1,0
2414,Psychology,389.87028266,389.90118165,389.87028266,0.030898990000025606,0.0,0.030898990000025606,n00000222,n00000222,n00000222,1,0
2422,Psychology,392.39939774,392.36143162,392.39939774,-0.037966119999964576,0.0,-0.037966119999964576,n00000221,n00000221,n00000221,1,0
2423,Psychology,377.33566232,377.33032066,377.3277226,-0.005341659999999138,-0.007939719999967565,0.0025980599999684273,n00000104,n00000104,n00000104,1,1
2435,Psychology,385.57397137,385.57397032,385.57397136,-1.0499999802959792e-06,-1.0000007932831068e-08,-1.0399999723631481e-06,n00000217,n00000217,n00000217,1,1
2438,Psychology,402.04973786,402.04904853,402.00152902,-0.0006893300000001545,-0.0482088399999725,0.04751950999997234,n00000200,n00000200,n00000200,1,1
2440,Psychology,387.39370631,387.39258231,387.39370631,-0.0011240000000043437,0.0,-0.0011240000000043437,n00000217,n00000217,n00000217,1,0
2441,Psychology,391.03649901,391.0361216,391.03649265,-0.0003774099999986902,-6.35999998621628e-06,-0.0003710500000124739,n00000217,n00000217,n00000217,1,1
2443,Psychology,395.5538297,395.67369737,395.5538297,0.11986767000001919,0.0,0.11986767000001919,n00000222,n00000222,n00000222,1,0
2451,Psychology,394.41865281,394.422325,394.41865281,0.003672189999974762,0.0,0.003672189999974762,n00000222,n00000222,n00000222,1,0
2452,Psychology,384.64116959,384.68281139,384.64116959,0.04164179999997941,0.0,0.04164179999997941,n00000217,n00000217,n00000217,1,0
2454,Psychology,373.74162656,373.73700973,373.74123516,-0.004616829999974925,-0.00039140000001225417,-0.004225429999962671,n00000217,n00000217,n00000217,1,1
2468,Psychology,389.30976164,389.3096216,389.30976164,-0.0001400399999624824,0.0,-0.0001400399999624824,n00000215,n00000215,n00000215,1,0
2470,Psychology,387.94282725,387.94267481,387.94282725,-0.00015243999996528146,0.0,-0.00015243999996528146,n00000216,n00000216,n00000216,1,0
2475,Psychology,376.47975379,376.53225961,376.47975379,0.05250581999996484,0.0,0.05250581999996484,n00000220,n00000220,n00000220,1,0
2476,Psychology,393.56922345,393.54809344,393.56922345,-0.021130009999978938,0.0,-0.021130009999978938,n00000142,n00000142,n00000142,1,0
2477,Psychology,384.42082048,384.42069655,384.42082048,-0.0001239299999724608,0.0,-0.0001239299999724608,n00000216,n00000216,n00000216,1,0
2481,Psychology,373.66851498,373.6685598,373.66823389,4.482000002781206e-05,-0.0002810899999872163,0.00032591000001502834,n00000124,n00000124,n00000124,1,1
2483,Psychology,391.04819516,391.20813385,391.04819516,0.1599386900000468,0.0,0.1599386900000468,n00000222,n00000222,n00000222,1,0
2484,Psychology,396.6637222,396.64957058,396.6637222,-0.014151620000006915,0.0,-0.014151620000006915,n00000221,n00000221,n00000221,1,0
2486,Psychology,391.3229896,391.32330654,391.3229896,0.0003169399999478628,0.0,0.0003169399999478628,n00000222,n00000222,n00000222,1,0
2487,Psychology,387.82985888,388.82685094,387.82985888,0.9969920599999682,0.0,0.9969920599999682,n00000215,n00000215,n00000215,1,0
2494,Psychology,398.30522536,398.29585249,398.30522536,-0.009372869999992872,0.0,-0.009372869999992872,n00000221,n00000221,n00000221,1,0
2495,Psychology,388.22445992,388.60723872,388.22445992,0.38277879999998277,0.0,0.38277879999998277,n00000222,n00000222,n00000222,1,0
2496,Psychology,383.15388026,383.15406313,383.14969691,0.0001828700000032768,-0.004183350000005248,0.004366220000008525,n00000040,n00000040,n00000040,1,1
2498,Psychology,388.50017651,388.50699868,388.50017651,0.0068221699999639895,0.0,0.0068221699999639895,n00000222,n00000222,n00000222,1,0
2501,Psychology,380.50486456,382.10676509,380.50486456,1.601900530000023,0.0,1.601900530000023,n00000216,n00000222,n00000216,1,0
2503,Psychology,383.82421778,383.86380048,383.82421778,0.03958269999998265,0.0,0.03958269999998265,n00000219,n00000219,n00000219,1,0
2504,Psychology,392.47615249,392.46702622,392.47615249,-0.009126270000024306,0.0,-0.009126270000024306,n00000142,n00000142,n00000142,1,0
2508,Psychology,390.16996358,390.70489538,390.1699636,0.5349317999999812,2.0000015865662135e-08,0.5349317799999653,n00000222,n00000222,n00000222,1,1
2509,Psychology,388.55699071,388.55699071,388.55699071,0.0,0.0,0.0,n00000082,n00000082,n00000082,0,0
2511,Psychology,379.47661382,379.1111806,379.47660326,-0.3654332199999999,-1.0560000021087035e-05,-0.3654226599999788,n00000143,n00000143,n00000143,1,1
2513,Psychology,390.6398132,390.79748658,390.6398132,0.15767338000000564,0.0,0.15767338000000564,n00000222,n00000222,n00000222,1,0
2517,Psychology,399.53501463,399.53501463,399.53501463,0.0,0.0,0.0,n00000245,n00000245,n00000245,0,0
2520,Psychology,395.65999639,395.65895024,395.65999639,-0.0010461499999792068,0.0,-0.0010461499999792068,n00000221,n00000221,n00000221,1,0
2522,Psychology,391.9253341,391.89386561,391.9253341,-0.03146849000000884,0.0,-0.03146849000000884,n00000219,n00000219,n00000219,1,0
2526,Psychology,394.84208029,394.83822811,394.84208029,-0.0038521800000239637,0.0,-0.0038521800000239637,n00000221,n00000221,n00000221,1,0
2529,Psychology,386.68186337,386.6821214,386.68186337,0.00025803000005453214,0.0,0.00025803000005453214,n00000233,n00000233,n00000233,1,0
2531,Psychology,382.35824937,382.35794844,382.35824937,-0.0003009300000371695,0.0,-0.0003009300000371695,n00000159,n00000159,n00000159,1,0
2536,Psychology,397.44264501,397.43997373,397.44264501,-0.0026712799999586423,0.0,-0.0026712799999586423,n00000221,n00000221,n00000221,1,0
2544,Psychology,389.60686343,389.59502852,389.60686343,-0.01183490999994774,0.0,-0.01183490999994774,n00000221,n00000221,n00000221,1,0
2553,Psychology,380.06123871,380.36430421,380.0612415,0.30306550000000243,2.7899999963665323e-06,0.30306271000000606,n00000187,n00000187,n00000187,1,1
2554,Psychology,392.77846089,392.77855556,392.77846089,9.466999995311198e-05,0.0,9.466999995311198e-05,n00000222,n00000222,n00000222,1,0
2556,Psychology,385.47646137,385.44064198,385.47646137,-0.03581938999997192,0.0,-0.03581938999997192,n00000142,n00000142,n00000142,1,0
2558,Psychology,391.79577808,391.79577805,391.79577808,-2.999996695507434e-08,0.0,-2.999996695507434e-08,n00000027,n00000027,n00000027,1,0
2560,Psychology,381.84205962,382.37712435,381.84205962,0.5350647299999878,0.0,0.5350647299999878,n00000216,n00000216,n00000216,1,0
2561,Psychology,382.97894096,382.9789409,382.97894096,-5.999999075356754e-08,0.0,-5.999999075356754e-08,n00000219,n00000219,n00000219,1,0
2562,Psychology,385.46819605,385.50792518,385.46819605,0.03972912999995515,0.0,0.03972912999995515,n00000218,n00000218,n00000218,1,0
2563,Psychology,390.41063363,390.38787603,390.41063363,-0.022757600000034017,0.0,-0.022757600000034017,n00000221,n00000221,n00000221,1,0
2567,Psychology,380.02951891,380.02586763,380.02951891,-0.0036512799999854906,0.0,-0.0036512799999854906,n00000217,n00000217,n00000217,1,0
2568,Psychology,379.52425147,379.52376094,379.52425147,-0.0004905300000359603,0.0,-0.0004905300000359603,n00000219,n00000219,n00000219,1,0
2578,Psychology,394.85933585,394.85933585,394.85933585,0.0,0.0,0.0,n00000187,n00000187,n00000187,0,0
2580,Psychology,375.17525001,375.17522255,375.17519878,-2.7460000012524688e-05,-5.1229999996849074e-05,2.3769999984324386e-05,n00000183,n00000183,n00000183,1,1
2581,Psychology,384.80330083,384.85407958,384.80330083,0.05077875000000631,0.0,0.05077875000000631,n00000221,n00000221,n00000221,1,0
2584,Psychology,384.85975396,384.86758791,384.85975397,0.00783395000001974,1.0000007932831068e-08,0.007833940000011808,n00000222,n00000222,n00000222,1,1
2587,Psychology,379.23045738,379.27897113,379.23045738,0.0485137499999837,0.0,0.0485137499999837,n00000222,n00000222,n00000222,1,0
2588,Psychology,381.3007786,381.30077872,381.30067612,1.199999815071351e-07,-0.00010248000000956381,0.00010259999999107094,n00000082,n00000082,n00000082,1,1
2590,Psychology,374.46773032,374.49754069,374.60587266,0.02981037000000697,0.1381423400000017,-0.10833196999999473,n00000124,n00000124,n00000124,1,1
2592,Psychology,393.53531438,393.53529393,393.53531438,-2.044999996542174e-05,0.0,-2.044999996542174e-05,n00000215,n00000215,n00000215,1,0
2600,Psychology,391.13716089,391.13642697,391.13716089,-0.0007339200000160417,0.0,-0.0007339200000160417,n00000215,n00000215,n00000215,1,0
2602,Psychology,387.2360175,387.2360153,387.2360175,-2.19999998307685e-06,0.0,-2.19999998307685e-06,n00000219,n00000219,n00000219,1,0
2606,Psychology,383.94392951,384.165749,383.94392951,0.22181949000002987,0.0,0.22181949000002987,n00000219,n00000219,n00000219,1,0
2613,Psychology,390.87863773,390.87931312,390.87814898,0.0006753900000262547,-0.0004887499999881584,0.001164140000014413,n00000172,n00000172,n00000172,1,1
2614,Psychology,391.00206472,390.99740276,391.00206472,-0.004661960000021281,0.0,-0.004661960000021281,n00000221,n00000221,n00000221,1,0
2615,Psychology,392.51733686,392.50120557,392.51733777,-0.016131289999975706,9.09999982923182e-07,-0.01613219999995863,n00000183,n00000183,n00000183,1,1
2620,Psychology,387.60639973,388.75278031,387.60639973,1.1463805799999705,0.0,1.1463805799999705,n00000215,n00000215,n00000215,1,0
2621,Psychology,378.33211119,378.34496178,378.33167868,0.01285059000002775,-0.00043250999999600026,0.013283100000023751,n00000220,n00000220,n00000220,1,1
2624,Psychology,379.25404587,379.29708957,379.25404587,0.04304369999999835,0.0,0.04304369999999835,n00000218,n00000218,n00000218,1,0
2625,Psychology,386.41293523,386.39183107,386.41291234,-0.021104159999993044,-2.2890000025199697e-05,-0.021081269999967844,n00000221,n00000221,n00000221,1,1
2639,Psychology,377.13543527,377.1353759,377.13543527,-5.937000003086723e-05,0.0,-5.937000003086723e-05,n00000219,n00000219,n00000219,1,0
2643,Psychology,390.01574582,390.0549009,390.01574581,0.03915508000000045,-1.0000007932831068e-08,0.039155090000008386,n00000222,n00000222,n00000222,1,1
2653,Psychology,385.72100638,385.71571491,385.72100639,-0.005291470000031495,1.0000007932831068e-08,-0.005291480000039428,n00000221,n00000221,n00000221,1,1
2654,Psychology,381.50243721,381.50243697,381.50243645,-2.399999630142702e-07,-7.599999776175537e-07,5.200000146032835e-07,n00000027,n00000027,n00000027,1,1
2664,Psychology,378.08761527,378.08869103,378.08748353,0.0010757599999919876,-0.00013174000002891262,0.0012075000000209002,n00000195,n00000195,n00000195,1,1
2665,Psychology,387.19924706,387.19689033,387.19924705,-0.0023567300000308933,-1.0000007932831068e-08,-0.0023567200000229604,n00000218,n00000218,n00000218,1,1
2670,Psychology,394.48964441,394.49114103,394.48964441,0.001496620000011717,0.0,0.001496620000011717,n00000216,n00000216,n00000216,1,0
2672,Psychology,387.17522155,387.15015863,387.17522155,-0.025062919999982114,0.0,-0.025062919999982114,n00000216,n00000216,n00000216,1,0
2675,Psychology,397.38249048,397.38381142,397.38249048,0.0013209399999709603,0.0,0.0013209399999709603,n00000222,n00000222,n00000222,1,0
2678,Psychology,382.74583248,382.7508569,382.74583248,0.00502441999998382,0.0,0.00502441999998382,n00000221,n00000221,n00000221,1,0
2679,Psychology,380.24424747,380.25748238,380.24424747,0.013234909999994215,0.0,0.013234909999994215,n00000222,n00000222,n00000222,1,0
2684,Psychology,390.20034477,390.194123,390.20034964,-0.006221770000024662,4.869999997936247e-06,-0.0062266400000225985,n00000245,n00000245,n00000245,1,1
2687,Psychology,391.35830099,391.35786301,391.35830099,-0.0004379799999583156,0.0,-0.0004379799999583156,n00000142,n00000142,n00000142,1,0
2695,Psychology,387.77469195,387.74335331,387.77447496,-0.031338640000001305,-0.0002169899999557856,-0.03112165000004552,n00000217,n00000217,n00000217,1,1
2696,Psychology,386.46972459,386.46972398,386.46564471,-6.099999723119254e-07,-0.004079880000006142,0.00407927000003383,n00000234,n00000234,n00000234,1,1
2697,Psychology,379.89621453,379.89309178,379.89437512,-0.0031227499999886277,-0.0018394100000023172,-0.0012833399999863104,n00000078,n00000078,n00000078,1,1
2702,Psychology,390.15210301,390.15216566,390.15210301,6.264999996119514e-05,0.0,6.264999996119514e-05,n00000082,n00000082,n00000082,1,0
2703,Psychology,418.23521149,418.23521149,418.23521149,0.0,0.0,0.0,n00000234,n00000234,n00000234,0,0
2704,Psychology,389.49058025,389.48993094,389.49057999,-0.0006493099999715923,-2.599999788799323e-07,-0.0006490499999927124,n00000151,n00000151,n00000151,1,1
2705,Psychology,391.72358888,391.72380914,391.72358888,0.00022025999999186752,0.0,0.00022025999999186752,n00000246,n00000246,n00000246,1,0
2707,Psychology,390.30737395,390.30737077,390.30737436,-3.1800000215298496e-06,4.099999841855606e-07,-3.5900000057154102e-06,n00000217,n00000217,n00000217,1,1
2709,Psychology,387.38660554,387.38640666,387.38666746,-0.00019888000002765693,6.192000000737607e-05,-0.000260800000035033,n00000217,n00000217,n00000217,1,1
2711,Psychology,392.06429192,392.03969701,392.06429192,-0.0245949100000189,0.0,-0.0245949100000189,n00000215,n00000215,n00000215,1,0
2712,Psychology,395.58644654,395.58426275,395.58644654,-0.0021837900000036825,0.0,-0.0021837900000036825,n00000215,n00000215,n00000215,1,0
2721,Psychology,379.06569575,379.05974623,379.07244447,-0.005949520000001485,0.006748720000018693,-0.012698240000020178,n00000183,n00000183,n00000183,1,1
2723,Psychology,386.0565217,386.07830843,386.0565217,0.021786729999973886,0.0,0.021786729999973886,n00000222,n00000222,n00000222,1,0
2729,Psychology,384.32057417,384.3205849,384.32038036,1.0729999985414906e-05,-0.0001938099999847509,0.0002045399999701658,n00000172,n00000172,n00000172,1,1
2731,Psychology,387.6937318,387.69122276,387.6937318,-0.0025090400000067348,0.0,-0.0025090400000067348,n00000216,n00000216,n00000216,1,0
2732,Psychology,381.41673748,381.41671605,381.41673748,-2.143000000387474e-05,0.0,-2.143000000387474e-05,n00000216,n00000216,n00000216,1,0
2736,Psychology,389.50603855,389.50501647,389.50603855,-0.0010220800000411145,0.0,-0.0010220800000411145,n00000216,n00000216,n00000216,1,0
2745,Psychology,382.43022539,382.43042435,382.43022541,0.00019896000003427616,2.0000015865662135e-08,0.0001989400000184105,n00000143,n00000143,n00000143,1,1
2747,Psychology,395.98145088,395.99647155,395.98145088,0.015020670000012615,0.0,0.015020670000012615,n00000222,n00000222,n00000222,1,0
2751,Psychology,384.78947016,384.78722061,384.78947016,-0.002249549999987721,0.0,-0.002249549999987721,n00000216,n00000216,n00000216,1,0
2754,Psychology,379.88623968,379.81842061,379.89181922,-0.06781907000004139,0.0055795399999851725,-0.07339861000002657,n00000078,n00000078,n00000199,1,1
2755,Psychology,386.83010921,386.83003125,386.83010921,-7.795999999871128e-05,0.0,-7.795999999871128e-05,n00000265,n00000265,n00000265,1,0
2758,Psychology,385.78307282,385.95396227,385.78307282,0.17088945000000422,0.0,0.17088945000000422,n00000218,n00000218,n00000218,1,0
2759,Psychology,396.95390514,396.95383371,396.95390502,-7.142999999132371e-05,-1.2000003835055395e-07,-7.130999995297316e-05,n00000217,n00000217,n00000217,1,1
2760,Psychology,389.85250184,389.85233009,389.85250184,-0.00017174999999269858,0.0,-0.00017174999999269858,n00000216,n00000216,n00000216,1,0
2762,Psychology,389.13670188,389.13128942,389.13670188,-0.005412460000002284,0.0,-0.005412460000002284,n00000219,n00000219,n00000219,1,0
2767,Psychology,394.82993104,394.82835737,394.82993104,-0.001573670000027505,0.0,-0.001573670000027505,n00000216,n00000216,n00000216,1,0
2769,Psychology,386.73148484,386.73153009,386.73148484,4.524999997101986e-05,0.0,4.524999997101986e-05,n00000219,n00000219,n00000219,1,0
2771,Psychology,379.26445758,379.2643498,379.26445439,-0.00010778000000755128,-3.189999972619262e-06,-0.00010459000003493202,n00000217,n00000217,n00000217,1,1
2772,Psychology,386.46210596,386.46209456,386.46210522,-1.13999999484804e-05,-7.399999617518915e-07,-1.0659999986728508e-05,n00000217,n00000217,n00000217,1,1
2778,Psychology,387.61524244,388.6591913,387.61524253,1.0439488600000004,9.000001455206075e-08,1.0439487699999859,n00000218,n00000222,n00000218,1,1
2783,Psychology,395.591323,395.59126325,395.591323,-5.97499999912543e-05,0.0,-5.97499999912543e-05,n00000215,n00000215,n00000215,1,0
2784,Psychology,383.32262066,383.3256575,383.32262066,0.003036839999992935,0.0,0.003036839999992935,n00000219,n00000219,n00000219,1,0
2787,Psychology,384.63710895,384.65740908,384.63710895,0.020300129999952787,0.0,0.020300129999952787,n00000222,n00000222,n00000222,1,0
2789,Psychology,375.8508431,375.8508431,375.85083803,0.0,-5.070000042906031e-06,5.070000042906031e-06,n00000124,n00000124,n00000124,0,1
2795,Psychology,380.80278477,380.80188699,380.80278477,-0.0008977800000025127,0.0,-0.0008977800000025127,n00000218,n00000218,n00000218,1,0
2799,Psychology,395.59845859,395.58506093,395.59845859,-0.013397660000009637,0.0,-0.013397660000009637,n00000216,n00000216,n00000216,1,0
2800,Psychology,395.36557893,395.36557539,395.36557893,-3.5400000228946737e-06,0.0,-3.5400000228946737e-06,n00000215,n00000215,n00000215,1,0
2802,Psychology,384.26980902,384.26488936,384.26980902,-0.004919660000041404,0.0,-0.004919660000041404,n00000216,n00000216,n00000216,1,0
2806,Biology,391.87511861,391.87511861,391.87511858,0.0,-3.00000237984932e-08,3.00000237984932e-08,n00000125,n00000125,n00000125,0,1
2808,Biology,377.29211605,377.29211154,377.28791762,-4.509999996571423e-06,-0.0041984300000308394,0.004193920000034268,n00000104,n00000104,n00000104,1,1
2811,Biology,386.76523994,386.76523994,387.01371514,0.0,0.24847519999997303,-0.24847519999997303,n00000194,n00000194,n00000194,0,1
2812,Biology,392.57402252,392.57402252,392.56790565,0.0,-0.00611687000002803,0.00611687000002803,n00000126,n00000126,n00000126,0,1
2813,Biology,387.18268413,387.18268413,387.18508168,0.0,0.002397550000011961,-0.002397550000011961,n00000194,n00000194,n00000194,0,1
2814,Biology,381.19431237,381.19248528,381.22542225,-0.001827089999949294,0.0311098800000309,-0.03293696999998019,n00000194,n00000194,n00000194,1,1
2818,Biology,384.57382569,384.57382569,384.56754894,0.0,-0.006276749999983622,0.006276749999983622,n00000125,n00000125,n00000125,0,1
2821,Biology,381.0565646,381.0565646,381.33750842,0.0,0.2809438200000045,-0.2809438200000045,n00000124,n00000124,n00000124,0,1
2824,Biology,384.60609476,384.60609222,384.60413895,-2.540000025419431e-06,-0.0019558100000267586,0.001953270000001339,n00000126,n00000126,n00000126,1,1
2826,Biology,389.45652422,389.45660898,389.45652421,8.475999999291162e-05,-1.0000007932831068e-08,8.477000000084445e-05,n00000125,n00000125,n00000125,1,1
2829,Biology,379.51449766,379.51449766,379.51444724,0.0,-5.0420000036410784e-05,5.0420000036410784e-05,n00000124,n00000124,n00000124,0,1
2832,Biology,392.60683232,392.60683232,392.60683195,0.0,-3.700000092976552e-07,3.700000092976552e-07,n00000125,n00000125,n00000125,0,1
2851,Biology,379.74636383,379.74636383,379.74636382,0.0,-1.0000007932831068e-08,1.0000007932831068e-08,n00000186,n00000186,n00000186,0,1
2856,Biology,393.73656525,393.73656525,393.75847931,0.0,0.02191405999997187,-0.02191405999997187,n00000126,n00000126,n00000126,0,1
2858,Biology,389.92055842,389.92055842,389.92054702,0.0,-1.1400000005323818e-05,1.1400000005323818e-05,n00000040,n00000040,n00000040,0,1
2861,Biology,380.80527617,380.80527617,380.80525955,0.0,-1.661999999669206e-05,1.661999999669206e-05,n00000195,n00000195,n00000195,0,1
2865,Biology,378.00118489,378.00118489,378.00118438,0.0,-5.100000066704524e-07,5.100000066704524e-07,n00000195,n00000195,n00000195,0,1
2869,Biology,378.06753669,378.06753668,378.07929517,-1.0000007932831068e-08,0.011758480000025884,-0.011758490000033817,n00000124,n00000124,n00000124,1,1
2872,Biology,390.11128344,390.11128344,390.09365677,0.0,-0.017626670000026934,0.017626670000026934,n00000040,n00000040,n00000040,0,1
2876,Biology,376.51566724,376.51567308,376.51566723,5.839999971612997e-06,-1.0000007932831068e-08,5.849999979545828e-06,n00000083,n00000083,n00000083,1,1
2877,Biology,377.84793984,377.84793984,377.9203631,0.0,0.07242325999999366,-0.07242325999999366,n00000194,n00000194,n00000194,0,1
2885,Biology,392.21009515,392.21009515,392.21009515,0.0,0.0,0.0,n00000125,n00000125,n00000125,0,0
2889,Biology,387.20999581,387.20999581,387.20999533,0.0,-4.799999828719592e-07,4.799999828719592e-07,n00000125,n00000125,n00000125,0,1
2895,Biology,389.1685618,389.1685618,389.16856171,0.0,-9.000001455206075e-08,9.000001455206075e-08,n00000125,n00000125,n00000125,0,1
2896,Biology,395.34742028,395.34742028,395.34742028,0.0,0.0,0.0,n00000125,n00000125,n00000125,0,0
2897,Biology,377.91891073,377.91891073,377.91891071,0.0,-2.0000015865662135e-08,2.0000015865662135e-08,n00000187,n00000187,n00000187,0,1
2902,Biology,381.08432197,381.08432197,381.08423738,0.0,-8.459000002858375e-05,8.459000002858375e-05,n00000040,n00000040,n00000040,0,1
2908,Biology,391.16244053,391.16244053,391.16236575,0.0,-7.478000003402485e-05,7.478000003402485e-05,n00000040,n00000040,n00000040,0,1
2910,Biology,375.77288602,375.77288602,375.77284981,0.0,-3.620999996201135e-05,3.620999996201135e-05,n00000124,n00000124,n00000124,0,1
2911,Biology,391.39663511,391.45466851,391.39663511,0.05803339999999935,0.0,0.05803339999999935,n00000222,n00000222,n00000222,1,0
2917,Biology,395.23493883,395.23493883,395.24179893,0.0,0.006860100000039893,-0.006860100000039893,n00000126,n00000126,n00000126,0,1
2923,Biology,381.69345466,381.69345466,381.69385055,0.0,0.00039588999999295993,-0.00039588999999295993,n00000194,n00000194,n00000194,0,1
2930,Biology,393.55179915,393.55179915,393.55127993,0.0,-0.0005192200000010416,0.0005192200000010416,n00000040,n00000040,n00000040,0,1
2932,Biology,375.93563314,375.93563314,375.91928534,0.0,-0.016347800000005464,0.016347800000005464,n00000040,n00000040,n00000040,0,1
2935,Biology,381.89545958,381.89545958,381.89540144,0.0,-5.814000002146713e-05,5.814000002146713e-05,n00000186,n00000186,n00000186,0,1
2936,Biology,390.83505747,390.83505747,390.83454254,0.0,-0.0005149300000084622,0.0005149300000084622,n00000126,n00000126,n00000126,0,1
2941,Biology,374.05527378,374.05527378,374.05484061,0.0,-0.00043317000000797634,0.00043317000000797634,n00000040,n00000040,n00000040,0,1
2944,Biology,384.44314337,384.44314337,384.4372673,0.0,-0.005876069999999345,0.005876069999999345,n00000126,n00000126,n00000126,0,1
2945,Biology,382.55663221,382.55663221,382.55644676,0.0,-0.00018545000000358414,0.00018545000000358414,n00000040,n00000040,n00000040,0,1
2955,Biology,383.19777915,383.19778016,383.19777931,1.0100000054080738e-06,1.6000001323845936e-07,8.499999921696144e-07,n00000188,n00000188,n00000188,1,1
2958,Biology,390.00418415,390.00418415,390.00170799,0.0,-0.0024761600000147155,0.0024761600000147155,n00000040,n00000040,n00000040,0,1
2961,Biology,387.24710089,387.24710089,387.24709106,0.0,-9.830000010424556e-06,9.830000010424556e-06,n00000040,n00000040,n00000040,0,1
2966,Biology,377.85911736,377.85912579,377.85987376,8.429999979853164e-06,0.0007564000000002125,-0.0007479700000203593,n00000195,n00000195,n00000195,1,1
2968,Biology,374.34396915,374.34396915,374.34396914,0.0,-1.0000007932831068e-08,1.0000007932831068e-08,n00000186,n00000186,n00000186,0,1
2971,Biology,378.1079469,378.1079469,378.1753371,0.0,0.06739019999997709,-0.06739019999997709,n00000194,n00000194,n00000194,0,1
2972,Biology,378.91271977,378.91271977,379.0117121,0.0,0.0989923299999873,-0.0989923299999873,n00000124,n00000124,n00000124,0,1
2973,Biology,388.42027491,388.36678903,388.42027491,-0.053485879999982444,0.0,-0.053485879999982444,n00000142,n00000142,n00000142,1,0
2977,Biology,379.99171468,379.99171468,379.97627716,0.0,-0.015437519999977667,0.015437519999977667,n00000040,n00000040,n00000040,0,1
2984,Biology,385.76070283,385.76070283,385.75514505,0.0,-0.005557780000003731,0.005557780000003731,n00000126,n00000126,n00000126,0,1
2987,Biology,385.37058628,385.37058628,385.36796698,0.0,-0.0026192999999921085,0.0026192999999921085,n00000126,n00000126,n00000126,0,1
2988,Biology,381.74570155,381.74570155,381.74569899,0.0,-2.5599999844416743e-06,2.5599999844416743e-06,n00000040,n00000040,n00000040,0,1
2990,Biology,385.02470111,385.02470111,385.02387442,0.0,-0.0008266899999966881,0.0008266899999966881,n00000040,n00000040,n00000040,0,1
2994,Biology,382.10228061,382.10228061,382.10199352,0.0,-0.00028708999997206774,0.00028708999997206774,n00000040,n00000040,n00000040,0,1
2997,Biology,391.05096841,391.05096841,391.05085677,0.0,-0.00011164000000007945,0.00011164000000007945,n00000126,n00000126,n00000126,0,1
2998,Biology,378.58210114,378.58210114,378.58210053,0.0,-6.100000291553442e-07,6.100000291553442e-07,n00000195,n00000195,n00000195,0,1
3002,Biology,384.09665769,384.09665848,384.09417803,7.900000014160469e-07,-0.0024796599999490354,0.0024804499999504515,n00000040,n00000040,n00000040,1,1
3003,Biology,388.55207508,388.55207508,388.55205829,0.0,-1.679000001786335e-05,1.679000001786335e-05,n00000125,n00000125,n00000125,0,1
3006,Biology,389.24386816,389.24386816,389.24384624,0.0,-2.191999999467953e-05,2.191999999467953e-05,n00000040,n00000040,n00000040,0,1
3009,Biology,380.01669988,380.01669988,380.01242924,0.0,-0.004270639999958803,0.004270639999958803,n00000040,n00000040,n00000040,0,1
3012,Biology,391.84189392,391.84189397,391.84185586,4.999998282073648e-08,-3.806000000849963e-05,3.8109999991320365e-05,n00000125,n00000125,n00000125,1,1
3015,Biology,387.43999767,387.43999767,387.43999765,0.0,-2.0000015865662135e-08,2.0000015865662135e-08,n00000125,n00000125,n00000125,0,1
3016,Biology,378.82209317,378.82209317,378.82206951,0.0,-2.3660000010750082e-05,2.3660000010750082e-05,n00000186,n00000186,n00000186,0,1
3017,Biology,379.55313262,379.55313262,379.55313293,0.0,3.1000001854408765e-07,-3.1000001854408765e-07,n00000082,n00000082,n00000082,0,1
3018,Biology,375.85557803,375.85557803,375.8555953,0.0,1.7270000000735308e-05,-1.7270000000735308e-05,n00000083,n00000083,n00000083,0,1
3020,Biology,385.16408908,385.16408933,385.16408908,2.500000277905201e-07,0.0,2.500000277905201e-07,n00000158,n00000158,n00000158,1,0
3025,Biology,393.22400475,393.22400475,393.22400469,0.0,-5.999999075356754e-08,5.999999075356754e-08,n00000125,n00000125,n00000125,0,1
3029,Biology,387.60929759,387.60929759,387.60929383,0.0,-3.759999970043282e-06,3.759999970043282e-06,n00000040,n00000040,n00000040,0,1
3030,Biology,382.69741669,382.69741669,382.72558794,0.0,0.02817125000001397,-0.02817125000001397,n00000194,n00000194,n00000194,0,1
3031,Biology,387.84897824,387.84897824,387.84478885,0.0,-0.004189390000021831,0.004189390000021831,n00000040,n00000040,n00000040,0,1
3037,Biology,391.66545809,393.91225975,391.66545809,2.24680165999996,0.0,2.24680165999996,n00000215,n00000222,n00000215,1,0
3040,Biology,380.53123222,380.53123222,380.53079151,0.0,-0.000440710000020772,0.000440710000020772,n00000040,n00000040,n00000040,0,1
3045,Biology,411.13082972,411.1308297,411.13082972,-2.0000015865662135e-08,0.0,-2.0000015865662135e-08,n00000184,n00000184,n00000184,1,0
3049,Biology,391.91049249,391.91049249,391.9104912,0.0,-1.2900000001536682e-06,1.2900000001536682e-06,n00000126,n00000126,n00000126,0,1
3051,Biology,384.60783704,384.60783704,384.60122686,0.0,-0.00661017999999558,0.00661017999999558,n00000040,n00000040,n00000040,0,1
3052,Biology,390.55923466,390.55923466,390.55921876,0.0,-1.589999999396241e-05,1.589999999396241e-05,n00000125,n00000125,n00000125,0,1
3057,Biology,387.57496562,387.57496562,387.57423067,0.0,-0.0007349499999804721,0.0007349499999804721,n00000126,n00000126,n00000126,0,1
3063,Biology,383.59666589,383.59666589,383.596665,0.0,-8.900000239009387e-07,8.900000239009387e-07,n00000040,n00000040,n00000040,0,1
3064,Biology,372.40592025,372.40592025,372.39624417,0.0,-0.009676080000019738,0.009676080000019738,n00000040,n00000040,n00000040,0,1
3066,Biology,377.38895277,377.38895277,377.38933181,0.0,0.000379039999984343,-0.000379039999984343,n00000195,n00000195,n00000195,0,1
3068,Biology,383.73290505,383.73290505,383.73233214,0.0,-0.0005729100000166909,0.0005729100000166909,n00000040,n00000040,n00000040,0,1
3070,Biology,385.45072304,385.45072304,385.45072287,0.0,-1.7000002117129043e-07,1.7000002117129043e-07,n00000125,n00000125,n00000125,0,1
3073,Biology,375.63278036,375.63278036,375.63277605,0.0,-4.3100000084450585e-06,4.3100000084450585e-06,n00000083,n00000083,n00000083,0,1
3084,Biology,390.82639182,390.82639182,390.82639181,0.0,-1.0000007932831068e-08,1.0000007932831068e-08,n00000125,n00000125,n00000125,0,1
3085,Biology,378.67054027,378.67054027,378.67020821,0.0,-0.00033206000000518543,0.00033206000000518543,n00000125,n00000125,n00000125,0,1
3094,Biology,385.63240603,385.63240603,385.63235455,0.0,-5.1480000024639594e-05,5.1480000024639594e-05,n00000040,n00000040,n00000040,0,1
3105,Biology,390.1599013,390.1599013,390.15986847,0.0,-3.283000000919856e-05,3.283000000919856e-05,n00000126,n00000126,n00000126,0,1
3110,Biology,393.13685821,393.13685821,393.13685732,0.0,-8.900000239009387e-07,8.900000239009387e-07,n00000196,n00000196,n00000196,0,1
3111,Biology,388.96645086,388.96645086,388.96645086,0.0,0.0,0.0,n00000204,n00000204,n00000204,0,0
3117,Biology,391.59628641,391.59628641,391.5962666,0.0,-1.981000002615474e-05,1.981000002615474e-05,n00000126,n00000126,n00000126,0,1
3118,Biology,383.35090616,383.35090616,383.34786823,0.0,-0.0030379300000049625,0.0030379300000049625,n00000040,n00000040,n00000040,0,1
3123,Biology,390.19355068,390.19355068,390.19237966,0.0,-0.0011710200000152327,0.0011710200000152327,n00000040,n00000040,n00000040,0,1
3124,Biology,379.44863952,379.44864406,379.46343493,4.5400000203699165e-06,0.014795410000033371,-0.014790870000013001,n00000195,n00000195,n00000195,1,1
3126,Biology,380.35701844,380.35701845,380.35701616,1.0000007932831068e-08,-2.27999998969608e-06,2.289999997628911e-06,n00000083,n00000083,n00000083,1,1
3132,Biology,382.02148501,382.02135279,382.04426249,-0.00013222000001178458,0.022777480000002015,-0.0229097000000138,n00000243,n00000243,n00000243,1,1
3133,Biology,396.37406864,396.37406864,396.37406859,0.0,-5.000003966415534e-08,5.000003966415534e-08,n00000125,n00000125,n00000125,0,1
3134,Biology,386.04600812,386.04600812,386.04523625,0.0,-0.0007718699999941236,0.0007718699999941236,n00000040,n00000040,n00000040,0,1
3136,Biology,373.00036989,373.00036989,373.00037025,0.0,3.6000000136482413e-07,-3.6000000136482413e-07,n00000082,n00000082,n00000082,0,1
3138,Biology,390.1039282,390.1039282,390.10392818,0.0,-1.9999959022243274e-08,1.9999959022243274e-08,n00000125,n00000125,n00000125,0,1
3153,Biology,374.69522187,374.69522187,374.70063533,0.0,0.005413459999999759,-0.005413459999999759,n00000186,n00000186,n00000186,0,1
3158,Biology,385.37773248,385.37773248,385.45408568,0.0,0.07635319999997137,-0.07635319999997137,n00000195,n00000195,n00000195,0,1
3161,Biology,382.82837603,382.82837603,382.82837603,0.0,0.0,0.0,n00000083,n00000083,n00000083,0,0
3162,Biology,377.78286545,377.78286545,378.02977785,0.0,0.246912400000042,-0.246912400000042,n00000195,n00000195,n00000195,0,1
3167,Biology,392.05513288,392.05513288,392.05513209,0.0,-7.900000014160469e-07,7.900000014160469e-07,n00000125,n00000125,n00000125,0,1
3168,Biology,379.78314215,379.75734114,379.78313815,-0.025801010000009228,-3.999999989900971e-06,-0.025797010000019327,n00000221,n00000221,n00000221,1,1
3176,Biology,380.72707382,380.72707382,380.74748305,0.0,0.020409230000041134,-0.020409230000041134,n00000195,n00000195,n00000195,0,1
3177,Biology,377.44004298,377.44004298,377.53761837,0.0,0.09757539000003135,-0.09757539000003135,n00000195,n00000195,n00000195,0,1
3179,Biology,387.64995613,387.61328888,387.64995613,-0.0366672499999936,0.0,-0.0366672499999936,n00000188,n00000188,n00000188,1,0
3180,Biology,391.70583493,391.72252623,391.70584632,0.016691300000047704,1.1389999997390987e-05,0.016679910000050313,n00000158,n00000158,n00000158,1,1
3184,Biology,386.50833773,386.50833773,386.49714504,0.0,-0.011192689999973027,0.011192689999973027,n00000040,n00000040,n00000040,0,1
3187,Biology,387.8897107,387.8897107,387.88970989,0.0,-8.10000017281709e-07,8.10000017281709e-07,n00000040,n00000040,n00000040,0,1
3195,Biology,385.85976692,385.85992745,385.85942304,0.00016052999995963546,-0.00034388000000262764,0.0005044099999622631,n00000126,n00000126,n00000126,1,1
3199,Biology,382.92871494,382.92871494,382.9226816,0.0,-0.006033340000044518,0.006033340000044518,n00000040,n00000040,n00000040,0,1
3203,Biology,384.03244283,384.03244283,384.03244269,0.0,-1.3999999737279722e-07,1.3999999737279722e-07,n00000125,n00000125,n00000125,0,1
3204,Biology,379.36676067,379.36676068,379.36672681,1.0000007932831068e-08,-3.386000003047229e-05,3.3870000038405124e-05,n00000195,n00000195,n00000195,1,1
3205,Biology,377.61132813,377.61132273,377.61130699,-5.400000020472362e-06,-2.1140000001196313e-05,1.573999998072395e-05,n00000194,n00000194,n00000194,1,1
3207,Biology,381.25269812,381.25269798,381.25267933,-1.3999999737279722e-07,-1.8790000012813834e-05,1.8650000015441037e-05,n00000124,n00000124,n00000124,1,1
3214,Biology,388.63909212,388.63909212,388.67460783,0.0,0.03551571000002696,-0.03551571000002696,n00000194,n00000194,n00000194,0,1
3215,Biology,386.26155359,386.26155359,386.26149761,0.0,-5.5980000013278186e-05,5.5980000013278186e-05,n00000040,n00000040,n00000040,0,1
3218,Biology,387.97504092,387.97504092,387.97504092,0.0,0.0,0.0,n00000083,n00000083,n00000083,0,0
3224,Biology,383.85709606,383.85709606,383.84800281,0.0,-0.00909324999997807,0.00909324999997807,n00000040,n00000040,n00000040,0,1
3230,Biology,386.31084617,386.31084617,386.29794122,0.0,-0.012904950000006465,0.012904950000006465,n00000040,n00000040,n00000040,0,1
3231,Biology,382.06178212,382.06178212,382.04335926,0.0,-0.01842285999998694,0.01842285999998694,n00000040,n00000040,n00000040,0,1
3235,Biology,394.02117683,394.0206055,394.02117683,-0.0005713300000138588,0.0,-0.0005713300000138588,n00000161,n00000161,n00000161,1,0
3236,Biology,391.3183768,391.3183768,391.31780946,0.0,-0.0005673400000318907,0.0005673400000318907,n00000040,n00000040,n00000040,0,1
3241,Biology,388.26861681,388.26861681,388.26861143,0.0,-5.3800000046067e-06,5.3800000046067e-06,n00000125,n00000125,n00000125,0,1
3253,Biology,380.389996,380.389996,380.3899938,0.0,-2.19999998307685e-06,2.19999998307685e-06,n00000040,n00000040,n00000040,0,1
3255,Biology,384.97623919,384.97623919,384.97615627,0.0,-8.292000001119959e-05,8.292000001119959e-05,n00000126,n00000126,n00000126,0,1
3256,Biology,381.25470817,381.25470817,381.33027777,0.0,0.07556959999999435,-0.07556959999999435,n00000194,n00000194,n00000194,0,1
3262,Biology,385.43498244,385.43498244,385.41484995,0.0,-0.020132489999980407,0.020132489999980407,n00000040,n00000040,n00000040,0,1
3264,Biology,395.85766839,395.85766839,395.85285873,0.0,-0.00480966000003491,0.00480966000003491,n00000126,n00000126,n00000126,0,1
3267,Biology,390.20205451,390.20205752,390.20205465,3.010000000358559e-06,1.3999999737279722e-07,2.870000002985762e-06,n00000125,n00000125,n00000125,1,1
3269,Biology,374.54681958,374.54681958,374.54784127,0.0,0.0010216900000159512,-0.0010216900000159512,n00000195,n00000195,n00000195,0,1
3270,Biology,385.56305342,385.56305342,385.56304186,0.0,-1.1560000018562278e-05,1.1560000018562278e-05,n00000040,n00000040,n00000040,0,1
3272,Biology,387.71977908,387.71977908,387.72154377,0.0,0.001764689999959046,-0.001764689999959046,n00000126,n00000126,n00000126,0,1
3273,Biology,382.58337292,382.58337292,382.58334376,0.0,-2.9159999996863917e-05,2.9159999996863917e-05,n00000040,n00000040,n00000040,0,1
3274,Biology,381.12551339,381.12551339,381.12430939,0.0,-0.0012039999999728934,0.0012039999999728934,n00000126,n00000126,n00000126,0,1
3276,Biology,368.27205749,368.27118223,368.2833896,-0.0008752599999866106,0.011332110000012108,-0.012207369999998718,n00000124,n00000124,n00000124,1,1
3277,Biology,377.35120168,377.35120366,377.34903628,1.980000035928242e-06,-0.0021653999999671214,0.0021673800000030496,n00000040,n00000040,n00000040,1,1
3278,Biology,381.68956508,381.68956508,381.68947194,0.0,-9.314000004678746e-05,9.314000004678746e-05,n00000125,n00000125,n00000125,0,1
3280,Biology,382.09232011,382.09232011,382.08963708,0.0,-0.0026830300000142415,0.0026830300000142415,n00000040,n00000040,n00000040,0,1
3281,Biology,390.44513772,390.44513772,390.44513508,0.0,-2.639999991060904e-06,2.639999991060904e-06,n00000040,n00000040,n00000040,0,1
3285,Biology,384.0979298,384.09769712,384.08592759,-0.00023267999995368882,-0.012002209999991464,0.011769530000037776,n00000125,n00000125,n00000125,1,1
3286,Biology,394.78910267,394.78498253,394.78910267,-0.004120139999997718,0.0,-0.004120139999997718,n00000161,n00000161,n00000161,1,0
3293,Biology,381.69899568,381.69899568,381.87400214,0.0,0.17500646000002007,-0.17500646000002007,n00000124,n00000124,n00000124,0,1
3295,Biology,385.87898259,385.87898259,385.87897786,0.0,-4.73000000056345e-06,4.73000000056345e-06,n00000040,n00000040,n00000040,0,1
3296,Biology,377.17491855,377.17491855,377.17491855,0.0,0.0,0.0,n00000187,n00000187,n00000187,0,0
3298,Biology,394.13688419,394.13688419,394.13688418,0.0,-1.0000007932831068e-08,1.0000007932831068e-08,n00000125,n00000125,n00000125,0,1
3303,Biology,382.05137463,382.05137463,382.03127671,0.0,-0.020097920000011982,0.020097920000011982,n00000040,n00000040,n00000040,0,1
3305,Biology,395.2189259,395.2189259,395.21892577,0.0,-1.2999998943996616e-07,1.2999998943996616e-07,n00000126,n00000126,n00000126,0,1
3308,Biology,391.87311419,391.87311419,391.87311419,0.0,0.0,0.0,n00000082,n00000082,n00000082,0,0
3309,Biology,387.73054361,387.73054361,387.73025577,0.0,-0.0002878399999985959,0.0002878399999985959,n00000126,n00000126,n00000126,0,1
3319,Biology,385.78411888,385.78411888,385.77705663,0.0,-0.007062249999989945,0.007062249999989945,n00000040,n00000040,n00000040,0,1
3330,Biology,391.48298746,391.48298746,391.48291924,0.0,-6.822000000283879e-05,6.822000000283879e-05,n00000040,n00000040,n00000040,0,1
3334,Biology,381.32516906,381.37375547,381.33226709,0.048586409999984426,0.007098030000008748,0.04148837999997568,n00000195,n00000195,n00000195,1,1
3338,Biology,389.21078872,389.20932239,389.21078872,-0.0014663299999710944,0.0,-0.0014663299999710944,n00000189,n00000189,n00000189,1,0
3339,Biology,393.68388701,393.68388701,393.68385331,0.0,-3.3699999960390414e-05,3.3699999960390414e-05,n00000040,n00000040,n00000040,0,1
3349,Biology,395.5206518,395.5206518,395.52065179,0.0,-1.0000007932831068e-08,1.0000007932831068e-08,n00000125,n00000125,n00000125,0,1
3354,Biology,392.54605714,392.54605714,392.5460571,0.0,-4.000003173132427e-08,4.000003173132427e-08,n00000125,n00000125,n00000125,0,1
3355,Biology,395.90206026,395.90206026,395.90206026,0.0,0.0,0.0,n00000125,n00000125,n00000125,0,0
3360,Biology,390.55266138,390.55266138,390.55266136,0.0,-2.0000015865662135e-08,2.0000015865662135e-08,n00000125,n00000125,n00000125,0,1
3365,Biology,383.80025192,383.80025192,383.79226419,0.0,-0.007987729999967996,0.007987729999967996,n00000040,n00000040,n00000040,0,1
3376,Biology,381.85520585,381.85520585,381.83912313,0.0,-0.016082719999985784,0.016082719999985784,n00000040,n00000040,n00000040,0,1
3378,Biology,388.92686133,388.92686133,388.92685295,0.0,-8.379999997032428e-06,8.379999997032428e-06,n00000040,n00000040,n00000040,0,1
3379,Biology,383.17697451,383.17697451,383.25837269,0.0,0.08139818000000787,-0.08139818000000787,n00000195,n00000195,n00000195,0,1
3382,Biology,395.74904973,395.74904973,395.74903315,0.0,-1.6580000021804153e-05,1.6580000021804153e-05,n00000040,n00000040,n00000040,0,1
3383,Biology,388.7615291,388.7615291,388.75518607,0.0,-0.006343030000039107,0.006343030000039107,n00000126,n00000126,n00000126,0,1
3385,Biology,374.26759177,374.24828013,374.26853333,-0.019311640000012176,0.0009415600000011182,-0.020253200000013294,n00000187,n00000187,n00000187,1,1
3386,Biology,374.47473516,374.47473516,374.50773022,0.0,0.032995059999961995,-0.032995059999961995,n00000195,n00000195,n00000195,0,1
3393,Biology,383.08393645,383.08393645,383.08393454,0.0,-1.9100000372418435e-06,1.9100000372418435e-06,n00000040,n00000040,n00000040,0,1
3401,Biology,383.11266178,383.11266178,383.11152761,0.0,-0.0011341700000002675,0.0011341700000002675,n00000125,n00000125,n00000125,0,1
3403,Biology,382.5363711,382.5363711,382.70478212,0.0,0.16841102000000774,-0.16841102000000774,n00000304,n00000304,n00000304,0,1
3405,Biology,378.50536482,378.50536486,378.50547309,3.999997488790541e-08,0.00010826999999835607,-0.00010823000002346816,n00000183,n00000183,n00000183,1,1
3406,Biology,391.90047242,391.90047242,391.90045061,0.0,-2.1810000021105225e-05,2.1810000021105225e-05,n00000040,n00000040,n00000040,0,1
3411,Biology,381.69554811,381.69554811,381.67770488,0.0,-0.017843229999982668,0.017843229999982668,n00000040,n00000040,n00000040,0,1
3420,Biology,380.016917,380.016917,380.02391076,0.0,0.006993760000000293,-0.006993760000000293,n00000194,n00000194,n00000194,0,1
3436,Biology,382.38537026,382.38537026,382.38619127,0.0,0.0008210099999814702,-0.0008210099999814702,n00000195,n00000195,n00000195,0,1
3439,Biology,376.50450401,376.50450038,376.50424216,-3.6299999806033156e-06,-0.000261850000015329,0.00025822000003472567,n00000195,n00000195,n00000195,1,1
3443,Biology,390.14225071,390.14225071,390.12427434,0.0,-0.01797636999998531,0.01797636999998531,n00000040,n00000040,n00000040,0,1
3445,Biology,380.41740953,380.41740954,380.41739196,1.0000007932831068e-08,-1.7570000011346565e-05,1.7580000019279396e-05,n00000195,n00000195,n00000195,1,1
3448,Biology,391.91405036,391.91405036,391.91345079,0.0,-0.0005995699999630233,0.0005995699999630233,n00000040,n00000040,n00000040,0,1
3449,Biology,382.17268463,382.17366718,382.17268462,0.0009825500000033571,-1.0000007932831068e-08,0.00098256000001129,n00000222,n00000222,n00000222,1,1
3454,Biology,388.00848389,388.00762227,388.00848407,-0.0008616199999664786,1.800000291041215e-07,-0.0008617999999955828,n00000221,n00000221,n00000221,1,1
3460,Biology,382.39352082,382.39352091,382.38257067,9.000001455206075e-08,-0.010950149999985115,0.010950239999999667,n00000125,n00000125,n00000125,1,1
3461,Biology,384.45893738,384.45893738,384.444999,0.0,-0.01393838000001324,0.01393838000001324,n00000126,n00000126,n00000126,0,1
3462,Biology,371.16824932,371.16824932,371.16824887,0.0,-4.49999959073466e-07,4.49999959073466e-07,n00000195,n00000195,n00000195,0,1
3464,Biology,394.98853278,394.98793577,394.98853278,-0.000597010000035425,0.0,-0.000597010000035425,n00000161,n00000161,n00000161,1,0
3488,Biology,389.4849014,389.4849014,389.4902515,0.0,0.005350099999986924,-0.005350099999986924,n00000040,n00000040,n00000040,0,1
3491,Biology,390.42143514,390.42143514,390.42032776,0.0,-0.0011073800000076517,0.0011073800000076517,n00000040,n00000040,n00000040,0,1
3494,Biology,382.13296241,382.13296241,382.11713428,0.0,-0.015828129999988505,0.015828129999988505,n00000040,n00000040,n00000040,0,1
3497,Biology,380.77485012,380.77485012,380.75415128,0.0,-0.020698840000022756,0.020698840000022756,n00000126,n00000126,n00000126,0,1
3499,Biology,380.82807687,380.82807687,380.82807687,0.0,0.0,0.0,n00000083,n00000083,n00000083,0,0
3503,Biology,384.73946346,384.73946346,384.73941797,0.0,-4.549000004772097e-05,4.549000004772097e-05,n00000040,n00000040,n00000040,0,1
3505,Biology,386.32902442,386.32902442,386.32902408,0.0,-3.39999985499162e-07,3.39999985499162e-07,n00000126,n00000126,n00000126,0,1
3508,Biology,381.05409001,381.05409001,381.05409001,0.0,0.0,0.0,n00000082,n00000082,n00000082,0,0
3509,Biology,381.26340827,381.26340827,381.27533287,0.0,0.011924599999986185,-0.011924599999986185,n00000124,n00000124,n00000124,0,1
3516,Biology,380.19167931,380.19167931,380.44447478,0.0,0.25279547000002367,-0.25279547000002367,n00000195,n00000195,n00000195,0,1
3526,Chemistry,375.89709694,375.89127896,375.89709701,-0.0058179799999606985,6.999999868639861e-08,-0.005818049999959385,n00000189,n00000189,n00000189,1,1
3531,Chemistry,380.84681703,380.83988567,380.84681707,-0.006931360000010045,3.999997488790541e-08,-0.006931399999984933,n00000189,n00000189,n00000189,1,1
3535,Chemistry,406.20437741,406.20437741,406.20437741,0.0,0.0,0.0,n00000204,n00000204,n00000204,0,0
3541,Chemistry,380.13493038,380.13496231,380.13493038,3.192999997736479e-05,0.0,3.192999997736479e-05,n00000268,n00000268,n00000268,1,0
3548,Chemistry,398.68409506,398.75713086,398.68409506,0.07303580000001375,0.0,0.07303580000001375,n00000190,n00000190,n00000190,1,0
3555,Chemistry,432.33721618,432.33721616,432.33721618,-1.9999959022243274e-08,0.0,-1.9999959022243274e-08,n00000030,n00000030,n00000030,1,0
3557,Chemistry,400.5808399,400.58088472,400.58083948,4.481999997096864e-05,-4.199999921183917e-07,4.523999996308703e-05,n00000169,n00000169,n00000169,1,1
3560,Chemistry,438.32516464,438.31847575,438.32516464,-0.00668889000002082,0.0,-0.00668889000002082,n00000030,n00000030,n00000030,1,0
3561,Chemistry,431.76497509,431.76497489,431.76497509,-1.9999998812636477e-07,0.0,-1.9999998812636477e-07,n00000030,n00000030,n00000030,1,0
3564,Chemistry,417.28722972,417.28724123,417.28722972,1.1509999978898122e-05,0.0,1.1509999978898122e-05,n00000030,n00000030,n00000030,1,0
3568,Chemistry,380.22716272,380.22424729,380.22704558,-0.002915430000030028,-0.00011714000004303671,-0.0027982899999869915,n00000171,n00000171,n00000171,1,1
3575,Chemistry,390.71990296,390.63855798,390.71990296,-0.08134498000003987,0.0,-0.08134498000003987,n00000268,n00000268,n00000268,1,0
3581,Chemistry,401.35483959,401.35483959,401.35483959,0.0,0.0,0.0,n00000204,n00000204,n00000204,0,0
3582,Chemistry,404.66301646,404.66301646,404.66301646,0.0,0.0,0.0,n00000204,n00000204,n00000204,0,0
3587,Chemistry,431.2982288,431.29925995,431.2982288,0.0010311500000170781,0.0,0.0010311500000170781,n00000030,n00000030,n00000030,1,0
3597,Chemistry,402.33735071,402.33735071,402.33735071,0.0,0.0,0.0,n00000204,n00000204,n00000204,0,0
3598,Chemistry,417.98785282,417.96609878,417.98785282,-0.021754040000018904,0.0,-0.021754040000018904,n00000267,n00000267,n00000267,1,0
3604,Chemistry,413.45956832,413.4565776,413.45956832,-0.00299072000001388,0.0,-0.00299072000001388,n00000268,n00000268,n00000268,1,0
3607,Chemistry,381.96206257,381.96207393,381.96206257,1.1359999973592494e-05,0.0,1.1359999973592494e-05,n00000268,n00000268,n00000268,1,0
3609,Chemistry,445.36222105,445.36222105,445.36222105,0.0,0.0,0.0,n00000030,n00000030,n00000030,0,0
3613,Chemistry,395.72578334,395.72578334,395.72578334,0.0,0.0,0.0,n00000188,n00000188,n00000188,0,0
3614,Chemistry,394.8891898,394.88918959,394.8891898,-2.0999999605919584e-07,0.0,-2.0999999605919584e-07,n00000267,n00000267,n00000267,1,0
3620,Chemistry,413.33011798,413.33011798,413.33011798,0.0,0.0,0.0,n00000204,n00000204,n00000204,0,0
3622,Chemistry,426.30476293,426.28516999,426.30476293,-0.01959293999999545,0.0,-0.01959293999999545,n00000268,n00000268,n00000268,1,0
3623,Chemistry,438.06127754,438.06127755,438.06127754,1.0000007932831068e-08,0.0,1.0000007932831068e-08,n00000030,n00000030,n00000030,1,0
3631,Chemistry,381.74895948,381.74936601,381.74895948,0.0004065300000206662,0.0,0.0004065300000206662,n00000268,n00000268,n00000268,1,0
3634,Chemistry,376.92133461,376.91921573,376.92133461,-0.00211887999995497,0.0,-0.00211887999995497,n00000189,n00000189,n00000189,1,0
3635,Chemistry,392.67402105,392.67402105,392.67402105,0.0,0.0,0.0,n00000204,n00000204,n00000204,0,0
3636,Chemistry,389.40144331,389.40144329,389.43774027,-2.0000015865662135e-08,0.03629696000001559,-0.036296980000031454,n00000191,n00000191,n00000191,1,1
3639,Chemistry,389.0090726,389.00907279,389.0090726,1.899999801935337e-07,0.0,1.899999801935337e-07,n00000191,n00000191,n00000191,1,0
3645,Chemistry,386.83018848,386.83016737,386.83018844,-2.110999997739782e-05,-4.000003173132427e-08,-2.1069999945666495e-05,n00000170,n00000170,n00000170,1,1
3646,Chemistry,388.40129398,388.40097051,388.40129295,-0.0003234700000120938,-1.029999964430317e-06,-0.0003224400000476635,n00000190,n00000190,n00000190,1,1
3648,Chemistry,394.30750691,394.30750692,394.30750691,1.0000007932831068e-08,0.0,1.0000007932831068e-08,n00000170,n00000170,n00000170,1,0
3649,Chemistry,444.80337517,444.80337496,444.80337517,-2.0999999605919584e-07,0.0,-2.0999999605919584e-07,n00000030,n00000030,n00000030,1,0
3650,Chemistry,447.08334681,447.08334681,447.08334681,0.0,0.0,0.0,n00000030,n00000030,n00000030,0,0
3656,Chemistry,407.87941677,407.87941717,407.87941677,4.000000330961484e-07,0.0,4.000000330961484e-07,n00000030,n00000030,n00000030,1,0
3657,Chemistry,436.99202308,436.99202309,436.99202308,9.999951089412207e-09,0.0,9.999951089412207e-09,n00000030,n00000030,n00000030,1,0
3658,Chemistry,380.2478302,380.24119006,380.24783018,-0.006640140000001793,-2.0000015865662135e-08,-0.006640119999985927,n00000189,n00000189,n00000189,1,1
3662,Chemistry,378.58496711,378.58553956,378.58496711,0.0005724499999928412,0.0,0.0005724499999928412,n00000268,n00000268,n00000268,1,0
3666,Chemistry,397.06485109,397.06485109,397.06485109,0.0,0.0,0.0,n00000204,n00000204,n00000204,0,0
3668,Chemistry,394.3424713,394.3424713,394.3424713,0.0,0.0,0.0,n00000267,n00000267,n00000267,0,0
3670,Chemistry,386.24634729,386.24634729,386.24634729,0.0,0.0,0.0,n00000267,n00000267,n00000267,0,0
3672,Chemistry,391.08389405,391.08389876,391.08389405,4.709999984697788e-06,0.0,4.709999984697788e-06,n00000190,n00000190,n00000190,1,0
3673,Chemistry,398.92981687,398.92981687,398.92981687,0.0,0.0,0.0,n00000204,n00000204,n00000204,0,0
3680,Chemistry,401.94814954,401.94814953,401.94814954,-9.999951089412207e-09,0.0,-9.999951089412207e-09,n00000030,n00000030,n00000030,1,0
3681,Chemistry,439.61754367,439.61754367,439.61754367,0.0,0.0,0.0,n00000030,n00000030,n00000030,0,0
3685,Chemistry,427.28464005,427.28609213,427.28464005,0.0014520799999786504,0.0,0.0014520799999786504,n00000030,n00000030,n00000030,1,0
3686,Chemistry,414.56920052,414.57034563,414.56920052,0.001145110000038585,0.0,0.001145110000038585,n00000030,n00000030,n00000030,1,0
3694,Chemistry,435.70488576,435.70488576,435.70488576,0.0,0.0,0.0,n00000030,n00000030,n00000030,0,0
3698,Chemistry,409.34817042,409.33762915,409.34817042,-0.010541269999976066,0.0,-0.010541269999976066,n00000267,n00000267,n00000267,1,0
3703,Chemistry,376.46220837,376.46221372,376.46220837,5.3500000376516255e-06,0.0,5.3500000376516255e-06,n00000191,n00000191,n00000191,1,0
3704,Chemistry,441.28996744,441.28996744,441.28996744,0.0,0.0,0.0,n00000030,n00000030,n00000030,0,0
3705,Chemistry,391.62624703,391.63127569,391.62624703,0.005028659999993579,0.0,0.005028659999993579,n00000190,n00000190,n00000190,1,0
3709,Chemistry,391.34125045,391.34125057,391.34125045,1.199999815071351e-07,0.0,1.199999815071351e-07,n00000188,n00000188,n00000188,1,0
3710,Chemistry,422.45312456,422.45331647,422.45312456,0.0001919100000122853,0.0,0.0001919100000122853,n00000030,n00000030,n00000030,1,0
3711,Chemistry,397.30397908,397.30397908,397.30397908,0.0,0.0,0.0,n00000188,n00000188,n00000188,0,0
3721,Chemistry,377.82214901,377.77927865,377.82214901,-0.04287035999999489,0.0,-0.04287035999999489,n00000189,n00000189,n00000189,1,0
3723,Chemistry,397.39903502,397.3843334,397.39903502,-0.01470161999998254,0.0,-0.01470161999998254,n00000268,n00000268,n00000268,1,0
3725,Chemistry,387.67544416,387.67544416,387.67544416,0.0,0.0,0.0,n00000191,n00000191,n00000191,0,0
3729,Chemistry,424.91964062,424.9138421,424.91964062,-0.005798519999984819,0.0,-0.005798519999984819,n00000030,n00000030,n00000030,1,0
3739,Chemistry,443.45273185,443.45273185,443.45273185,0.0,0.0,0.0,n00000030,n00000030,n00000030,0,0
3743,Chemistry,388.10932605,388.10934241,388.10932605,1.6360000017812126e-05,0.0,1.6360000017812126e-05,n00000190,n00000190,n00000190,1,0
3750,Chemistry,440.17691407,440.17691406,440.17691407,-1.0000007932831068e-08,0.0,-1.0000007932831068e-08,n00000030,n00000030,n00000030,1,0
3751,Chemistry,409.32268564,409.32268564,409.32268564,0.0,0.0,0.0,n00000204,n00000204,n00000204,0,0
3754,Chemistry,390.87613173,390.87613173,390.87613173,0.0,0.0,0.0,n00000155,n00000155,n00000155,0,0
3755,Chemistry,439.22694781,439.22694781,439.22694781,0.0,0.0,0.0,n00000030,n00000030,n00000030,0,0
3758,Chemistry,402.0687333,402.06873309,402.0687333,-2.0999999605919584e-07,0.0,-2.0999999605919584e-07,n00000267,n00000267,n00000267,1,0
3759,Chemistry,389.62222568,389.61557662,389.62222568,-0.006649059999972451,0.0,-0.006649059999972451,n00000190,n00000190,n00000190,1,0
3760,Chemistry,412.65801611,412.65802381,412.65801611,7.699999969190685e-06,0.0,7.699999969190685e-06,n00000030,n00000030,n00000030,1,0
3765,Chemistry,391.67728954,391.63183541,391.67728958,-0.045454129999995985,3.999997488790541e-08,-0.04545416999997087,n00000267,n00000267,n00000267,1,1
3774,Chemistry,419.29809025,419.18237352,419.29814581,-0.11571672999997418,5.5560000021159794e-05,-0.11577228999999534,n00000037,n00000037,n00000037,1,1
3775,Chemistry,383.17200351,383.38778326,385.25584686,0.2157797499999674,2.083843349999995,-1.8680636000000277,n00000173,n00000173,n00000173,1,1
3778,Chemistry,393.16895035,393.16895409,393.16895035,3.7400000110210385e-06,0.0,3.7400000110210385e-06,n00000268,n00000268,n00000268,1,0
3779,Chemistry,375.09247841,375.09244463,375.11649014,-3.378000002385306e-05,0.0240117299999838,-0.024045510000007653,n00000304,n00000304,n00000304,1,1
3780,Chemistry,430.51892317,430.51892274,430.51892317,-4.3000000005122274e-07,0.0,-4.3000000005122274e-07,n00000030,n00000030,n00000030,1,0
3782,Chemistry,408.06175756,407.98824099,408.06175756,-0.07351656999998113,0.0,-0.07351656999998113,n00000268,n00000268,n00000268,1,0
3785,Chemistry,418.26243063,418.2624072,418.26243063,-2.3429999998825224e-05,0.0,-2.3429999998825224e-05,n00000030,n00000030,n00000030,1,0
3786,Chemistry,425.67242475,425.6615687,425.67242475,-0.010856050000029427,0.0,-0.010856050000029427,n00000191,n00000191,n00000191,1,0
3787,Chemistry,396.3736013,396.37363228,396.3736013,3.097999996271028e-05,0.0,3.097999996271028e-05,n00000190,n00000190,n00000190,1,0
3790,Chemistry,424.12910058,424.12910055,424.12910058,-3.00000237984932e-08,0.0,-3.00000237984932e-08,n00000030,n00000030,n00000030,1,0
3803,Chemistry,385.01563289,385.01563294,385.01563289,4.999998282073648e-08,0.0,4.999998282073648e-08,n00000191,n00000191,n00000191,1,0
3807,Chemistry,385.33987808,385.33988051,385.33987808,2.429999995001708e-06,0.0,2.429999995001708e-06,n00000191,n00000191,n00000191,1,0
3812,Chemistry,380.91797051,380.91797059,380.91797051,8.000000661922968e-08,0.0,8.000000661922968e-08,n00000191,n00000191,n00000191,1,0
3817,Chemistry,403.2364202,403.22857826,403.2364202,-0.00784193999999161,0.0,-0.00784193999999161,n00000268,n00000268,n00000268,1,0
3822,Chemistry,392.60809802,392.60809848,392.60809802,4.6000002384971594e-07,0.0,4.6000002384971594e-07,n00000191,n00000191,n00000191,1,0
3828,Chemistry,431.87220256,431.83217791,431.87220256,-0.040024650000020756,0.0,-0.040024650000020756,n00000030,n00000030,n00000030,1,0
3831,Chemistry,431.12074936,431.12074927,431.12074936,-9.000001455206075e-08,0.0,-9.000001455206075e-08,n00000030,n00000030,n00000030,1,0
3832,Chemistry,439.65211138,439.65211165,439.65211138,2.699999868127634e-07,0.0,2.699999868127634e-07,n00000030,n00000030,n00000030,1,0
3838,Chemistry,391.04995639,391.04995639,391.04995639,0.0,0.0,0.0,n00000267,n00000267,n00000267,0,0
3840,Chemistry,393.99134067,393.99134067,393.99134067,0.0,0.0,0.0,n00000267,n00000267,n00000267,0,0
3841,Chemistry,403.76795831,403.76795831,403.76795831,0.0,0.0,0.0,n00000204,n00000204,n00000204,0,0
3844,Chemistry,404.08032878,404.04298526,404.08032878,-0.03734351999997898,0.0,-0.03734351999997898,n00000268,n00000268,n00000268,1,0
3848,Chemistry,418.31023017,418.31024468,418.31023017,1.450999997132385e-05,0.0,1.450999997132385e-05,n00000030,n00000030,n00000030,1,0
3853,Chemistry,375.42289545,375.4223629,375.42289545,-0.0005325500000026295,0.0,-0.0005325500000026295,n00000268,n00000268,n00000268,1,0
3858,Chemistry,432.91915189,432.9224637,432.91915189,0.0033118099999569495,0.0,0.0033118099999569495,n00000030,n00000030,n00000030,1,0
3863,Chemistry,408.38699351,408.38699351,408.38699351,0.0,0.0,0.0,n00000204,n00000204,n00000204,0,0
3865,Chemistry,449.40237843,449.40237843,449.40237843,0.0,0.0,0.0,n00000030,n00000030,n00000030,0,0
3868,Chemistry,434.30985059,434.30985059,434.30985059,0.0,0.0,0.0,n00000030,n00000030,n00000030,0,0
3875,Chemistry,429.06655593,429.06655607,429.06655593,1.3999999737279722e-07,0.0,1.3999999737279722e-07,n00000030,n00000030,n00000030,1,0
3879,Chemistry,402.32884862,402.32884863,402.32884862,1.0000007932831068e-08,0.0,1.0000007932831068e-08,n00000232,n00000232,n00000232,1,0
3882,Chemistry,426.88444239,426.88444011,426.88444239,-2.27999998969608e-06,0.0,-2.27999998969608e-06,n00000030,n00000030,n00000030,1,0
3883,Chemistry,383.93299811,383.93490135,383.9332446,0.0019032399999900917,0.0002464899999949921,0.0016567499999950996,n00000191,n00000191,n00000191,1,1
3895,Chemistry,391.86693936,391.86693941,391.86693936,4.999998282073648e-08,0.0,4.999998282073648e-08,n00000191,n00000191,n00000191,1,0
3898,Chemistry,382.52589136,382.52052331,382.52589136,-0.005368050000015501,0.0,-0.005368050000015501,n00000189,n00000189,n00000189,1,0
3901,Chemistry,381.6910131,381.69296548,381.69101296,0.0019523799999774383,-1.3999999737279722e-07,0.001952519999974811,n00000173,n00000173,n00000173,1,1
3902,Chemistry,387.11978607,387.11694637,387.11848951,-0.002839699999981349,-0.0012965599999574806,-0.0015431400000238682,n00000171,n00000171,n00000171,1,1
3903,Chemistry,394.77016024,394.8841262,394.77016024,0.11396596000003001,0.0,0.11396596000003001,n00000190,n00000190,n00000190,1,0
3906,Chemistry,388.24873,388.24873,388.24873,0.0,0.0,0.0,n00000238,n00000238,n00000238,0,0
3907,Chemistry,443.10946413,443.10946413,443.10946413,0.0,0.0,0.0,n00000030,n00000030,n00000030,0,0
3909,Chemistry,442.94557306,442.94557306,442.94557306,0.0,0.0,0.0,n00000030,n00000030,n00000030,0,0
3910,Chemistry,425.16199429,425.16199526,425.16199429,9.700000305201684e-07,0.0,9.700000305201684e-07,n00000030,n00000030,n00000030,1,0
3912,Chemistry,430.06376859,430.03179417,430.06376859,-0.031974419999983184,0.0,-0.031974419999983184,n00000030,n00000030,n00000030,1,0
3916,Chemistry,381.49173631,381.48918734,381.49173631,-0.002548970000020745,0.0,-0.002548970000020745,n00000267,n00000267,n00000267,1,0
3919,Chemistry,395.63302243,395.63280211,395.63302719,-0.00022031999998262108,4.760000024361943e-06,-0.00022508000000698303,n00000173,n00000173,n00000173,1,1
3922,Chemistry,441.8852141,441.88521402,441.8852141,-8.000000661922968e-08,0.0,-8.000000661922968e-08,n00000030,n00000030,n00000030,1,0
3925,Chemistry,436.96887603,436.96887606,436.96887603,3.00000237984932e-08,0.0,3.00000237984932e-08,n00000030,n00000030,n00000030,1,0
3927,Chemistry,421.49123499,421.49123499,421.49123499,0.0,0.0,0.0,n00000030,n00000030,n00000030,0,0
3928,Chemistry,412.93620496,412.82417743,412.93620496,-0.11202752999997756,0.0,-0.11202752999997756,n00000268,n00000268,n00000268,1,0
3929,Chemistry,398.46182647,398.46182647,398.46182647,0.0,0.0,0.0,n00000267,n00000267,n00000267,0,0
3930,Chemistry,389.25709353,389.25709622,389.25709353,2.6899999738816405e-06,0.0,2.6899999738816405e-06,n00000268,n00000268,n00000268,1,0
3934,Chemistry,386.06060871,386.05894242,386.06060871,-0.0016662900000028458,0.0,-0.0016662900000028458,n00000189,n00000189,n00000189,1,0
3941,Chemistry,420.88706591,420.88742505,420.88706591,0.00035914000000047963,0.0,0.00035914000000047963,n00000030,n00000030,n00000030,1,0
3944,Chemistry,388.16211367,388.16211926,388.16211653,5.590000000665896e-06,2.859999995052931e-06,2.7300000056129647e-06,n00000155,n00000155,n00000155,1,1
3945,Chemistry,401.78936142,401.78936142,401.78936142,0.0,0.0,0.0,n00000204,n00000204,n00000204,0,0
3954,Chemistry,419.62680364,419.62117044,419.62680364,-0.005633199999977023,0.0,-0.005633199999977023,n00000191,n00000191,n00000191,1,0
3956,Chemistry,421.42155198,421.42155357,421.42155198,1.5900000107649248e-06,0.0,1.5900000107649248e-06,n00000030,n00000030,n00000030,1,0
3963,Chemistry,401.05145092,401.05145092,401.05145092,0.0,0.0,0.0,n00000267,n00000267,n00000267,0,0
3965,Chemistry,443.94008305,443.93967171,443.94008305,-0.00041133999997100545,0.0,-0.00041133999997100545,n00000030,n00000030,n00000030,1,0
3970,Chemistry,402.25370672,402.11813024,402.2537307,-0.13557647999999745,2.3979999980383582e-05,-0.13560045999997783,n00000189,n00000189,n00000189,1,1
3972,Chemistry,386.54257566,386.54257566,386.54257566,0.0,0.0,0.0,n00000128,n00000128,n00000128,0,0
3977,Chemistry,399.06733769,398.69963485,399.07263529,-0.36770283999999265,0.005297600000005787,-0.37300043999999843,n00000030,n00000030,n00000030,1,1
3978,Chemistry,398.77212671,398.70465167,398.77212671,-0.06747504000003346,0.0,-0.06747504000003346,n00000268,n00000268,n00000268,1,0
3984,Chemistry,392.79647894,392.79647893,392.79647894,-1.0000007932831068e-08,0.0,-1.0000007932831068e-08,n00000266,n00000266,n00000266,1,0
3986,Chemistry,380.27038845,380.27036873,380.27038845,-1.972000001160268e-05,0.0,-1.972000001160268e-05,n00000268,n00000268,n00000268,1,0
3988,Chemistry,397.99639544,397.83978071,397.99639544,-0.15661473000000115,0.0,-0.15661473000000115,n00000189,n00000189,n00000189,1,0
3990,Chemistry,391.72356544,391.72356544,391.72356544,0.0,0.0,0.0,n00000191,n00000191,n00000191,0,0
3991,Chemistry,440.76376507,440.76376507,440.76376507,0.0,0.0,0.0,n00000030,n00000030,n00000030,0,0
3994,Chemistry,437.40237095,437.40289968,437.40237095,0.0005287300000418327,0.0,0.0005287300000418327,n00000030,n00000030,n00000030,1,0
3995,Chemistry,385.08699853,385.08703528,385.08699853,3.67499999924803e-05,0.0,3.67499999924803e-05,n00000191,n00000191,n00000191,1,0
3998,Chemistry,390.55188202,390.55174832,390.55188199,-0.00013369999999213178,-2.999996695507434e-08,-0.0001336700000251767,n00000171,n00000171,n00000171,1,1
4000,Chemistry,391.21898261,391.76071116,391.21900288,0.5417285500000162,2.0269999993161036e-05,0.541708280000023,n00000171,n00000190,n00000171,1,1
4006,Chemistry,418.65345,418.65605799,418.65345,0.0026079900000013367,0.0,0.0026079900000013367,n00000030,n00000030,n00000030,1,0
4008,Chemistry,389.23517705,389.41640177,389.23517704,0.1812247199999888,-1.0000007932831068e-08,0.18122472999999673,n00000171,n00000171,n00000171,1,1
4012,Chemistry,386.23929986,386.20082014,386.23929986,-0.038479719999998,0.0,-0.038479719999998,n00000189,n00000189,n00000189,1,0
4014,Chemistry,408.26373475,408.26373475,408.26373475,0.0,0.0,0.0,n00000204,n00000204,n00000204,0,0
4015,Chemistry,414.43720805,414.43807322,414.43720833,0.0008651699999973061,2.7999999474559445e-07,0.0008648900000025606,n00000037,n00000037,n00000037,1,1
4019,Chemistry,384.95486376,384.954853,384.95486376,-1.07600000092134e-05,0.0,-1.07600000092134e-05,n00000191,n00000191,n00000191,1,0
4020,Chemistry,421.72506341,421.72517014,421.72506341,0.00010672999997041188,0.0,0.00010672999997041188,n00000030,n00000030,n00000030,1,0
4028,Chemistry,390.59057425,390.59345464,390.59057425,0.00288039000002982,0.0,0.00288039000002982,n00000268,n00000268,n00000268,1,0
4030,Chemistry,411.68093502,411.68093502,411.68093502,0.0,0.0,0.0,n00000204,n00000204,n00000204,0,0
4034,Chemistry,430.72570394,430.72570342,430.72570394,-5.200000146032835e-07,0.0,-5.200000146032835e-07,n00000030,n00000030,n00000030,1,0
4044,Chemistry,409.93448476,409.93443616,409.93448476,-4.859999995687758e-05,0.0,-4.859999995687758e-05,n00000030,n00000030,n00000030,1,0
4045,Chemistry,415.76128547,415.72927731,415.76128547,-0.03200816000003215,0.0,-0.03200816000003215,n00000268,n00000268,n00000268,1,0
4046,Chemistry,420.37651561,420.37394407,420.37654152,-0.0025715400000194677,2.590999997664767e-05,-0.0025974499999961154,n00000173,n00000173,n00000037,1,1
4047,Chemistry,392.2596307,392.25960961,392.2596307,-2.1090000018375576e-05,0.0,-2.1090000018375576e-05,n00000268,n00000268,n00000268,1,0
4048,Chemistry,391.37716881,391.37716709,391.37716881,-1.720000000204891e-06,0.0,-1.720000000204891e-06,n00000267,n00000267,n00000267,1,0
4051,Chemistry,406.98633054,406.98925684,406.98633054,0.002926300000012816,0.0,0.002926300000012816,n00000030,n00000030,n00000030,1,0
4055,Chemistry,420.79438487,420.79427563,420.79438487,-0.00010923999997203282,0.0,-0.00010923999997203282,n00000030,n00000030,n00000030,1,0
4057,Chemistry,393.0816758,393.0816758,393.0816758,0.0,0.0,0.0,n00000191,n00000191,n00000191,0,0
4059,Chemistry,405.06988185,405.07038683,405.06988185,0.0005049800000165305,0.0,0.0005049800000165305,n00000030,n00000030,n00000030,1,0
4060,Chemistry,427.05108468,427.05109998,427.05108468,1.5300000029583316e-05,0.0,1.5300000029583316e-05,n00000030,n00000030,n00000030,1,0
4061,Chemistry,402.81825166,402.81825166,402.81825166,0.0,0.0,0.0,n00000204,n00000204,n00000204,0,0
4062,Chemistry,407.43625811,407.43625811,407.43625811,0.0,0.0,0.0,n00000204,n00000204,n00000204,0,0
4066,Chemistry,430.4045397,430.40453969,430.4045397,-1.0000007932831068e-08,0.0,-1.0000007932831068e-08,n00000030,n00000030,n00000030,1,0
4069,Chemistry,425.17964216,425.17964217,425.17964216,1.0000007932831068e-08,0.0,1.0000007932831068e-08,n00000030,n00000030,n00000030,1,0
4072,Chemistry,403.21193416,403.21193416,403.21193416,0.0,0.0,0.0,n00000204,n00000204,n00000204,0,0
4075,Chemistry,388.8845972,388.80777601,388.88459724,-0.07682118999997556,4.000003173132427e-08,-0.07682123000000729,n00000268,n00000268,n00000268,1,1
4076,Chemistry,392.83483025,392.83486078,392.83483025,3.0530000003636815e-05,0.0,3.0530000003636815e-05,n00000204,n00000204,n00000204,1,0
4082,Chemistry,391.11003139,391.11003139,391.11003139,0.0,0.0,0.0,n00000204,n00000204,n00000204,0,0
4086,Chemistry,384.13222191,384.31305395,385.29667082,0.18083203999998432,1.164448909999976,-0.9836168699999916,n00000173,n00000173,n00000173,1,1
4087,Chemistry,377.44293934,377.44293935,377.44293936,1.0000007932831068e-08,2.0000015865662135e-08,-1.0000007932831068e-08,n00000189,n00000189,n00000189,1,1
4088,Chemistry,383.87350957,383.87351025,383.87330332,6.79999970998324e-07,-0.0002062500000192813,0.0002069299999902796,n00000188,n00000188,n00000188,1,1
4105,Chemistry,414.46282713,414.4521747,414.46282713,-0.010652429999993274,0.0,-0.010652429999993274,n00000191,n00000191,n00000191,1,0
4115,Chemistry,392.12877333,392.12877333,392.12877333,0.0,0.0,0.0,n00000267,n00000267,n00000267,0,0
4117,Chemistry,408.26241805,408.26241805,408.26241805,0.0,0.0,0.0,n00000204,n00000204,n00000204,0,0
4120,Chemistry,399.99803626,399.99803626,399.99803626,0.0,0.0,0.0,n00000204,n00000204,n00000204,0,0
4124,Chemistry,392.09825268,392.04512148,392.09825268,-0.053131199999995715,0.0,-0.053131199999995715,n00000268,n00000268,n00000268,1,0
4125,Chemistry,432.99691559,432.99691619,432.99691559,5.999999643790943e-07,0.0,5.999999643790943e-07,n00000030,n00000030,n00000030,1,0
4128,Chemistry,387.49904538,387.49904658,387.49904538,1.2000000424450263e-06,0.0,1.2000000424450263e-06,n00000267,n00000267,n00000267,1,0
4132,Chemistry,399.36402499,399.36402499,399.36402499,0.0,0.0,0.0,n00000204,n00000204,n00000204,0,0
4139,Chemistry,398.06076244,398.06076294,398.06076244,4.999999987376214e-07,0.0,4.999999987376214e-07,n00000268,n00000268,n00000268,1,0
4143,Chemistry,380.31685257,380.29608326,380.31685257,-0.020769309999991492,0.0,-0.020769309999991492,n00000189,n00000189,n00000189,1,0
4144,Chemistry,414.34906644,414.3469151,414.34906645,-0.0021513400000117144,1.0000007932831068e-08,-0.0021513500000196473,n00000030,n00000030,n00000030,1,1
4145,Chemistry,391.20356987,391.20357275,391.20356987,2.879999954075174e-06,0.0,2.879999954075174e-06,n00000268,n00000268,n00000268,1,0
4147,Chemistry,426.1299528,426.13266753,426.1299528,0.0027147299999796815,0.0,0.0027147299999796815,n00000030,n00000030,n00000030,1,0
4151,Chemistry,409.22674245,409.16400737,409.22674245,-0.06273508000003858,0.0,-0.06273508000003858,n00000268,n00000268,n00000268,1,0
4153,Chemistry,378.44842434,378.44841105,378.41255179,-1.328999996985658e-05,-0.03587254999996503,0.035859259999995174,n00000064,n00000064,n00000064,1,1
4155,Chemistry,389.53607585,389.53607636,389.53607585,5.100000066704524e-07,0.0,5.100000066704524e-07,n00000268,n00000268,n00000268,1,0
4167,Chemistry,381.35655925,381.35654484,381.36354752,-1.4409999948838959e-05,0.006988270000022112,-0.007002679999970951,n00000171,n00000171,n00000171,1,1
4172,Chemistry,383.28482226,383.28482226,383.28482226,0.0,0.0,0.0,n00000191,n00000191,n00000191,0,0
4174,Chemistry,389.39361622,389.44503718,389.39361621,0.05142095999997309,-1.0000007932831068e-08,0.051420969999981025,n00000190,n00000190,n00000190,1,1
4178,Chemistry,389.98020424,389.97864962,389.97289805,-0.0015546199999789678,-0.0073061899999515845,0.005751569999972617,n00000171,n00000171,n00000171,1,1
4179,Chemistry,386.66917664,386.66917664,386.66917664,0.0,0.0,0.0,n00000157,n00000157,n00000157,0,0
4182,Chemistry,441.23801223,441.23801223,441.23801223,0.0,0.0,0.0,n00000030,n00000030,n00000030,0,0
4185,Chemistry,444.79312345,444.79312331,444.79312345,-1.3999999737279722e-07,0.0,-1.3999999737279722e-07,n00000030,n00000030,n00000030,1,0
4186,Chemistry,418.80041412,417.38902842,418.80216028,-1.4113857000000394,0.0017461599999819555,-1.4131318600000213,n00000037,n00000037,n00000037,1,1
4189,Chemistry,397.76450022,397.76450022,397.76450022,0.0,0.0,0.0,n00000267,n00000267,n00000267,0,0
4191,Chemistry,388.3523251,388.3442221,388.34679166,-0.008102999999948679,-0.00553343999996514,-0.0025695599999835395,n00000171,n00000171,n00000171,1,1
4195,Chemistry,401.24642932,401.20664062,401.24642932,-0.039788700000030985,0.0,-0.039788700000030985,n00000267,n00000267,n00000267,1,0
4200,Chemistry,392.74513297,392.72631594,392.74513297,-0.018817029999979695,0.0,-0.018817029999979695,n00000268,n00000268,n00000268,1,0
4202,Chemistry,437.42151109,437.42151109,437.42151109,0.0,0.0,0.0,n00000030,n00000030,n00000030,0,0
4203,Chemistry,439.73668177,439.73668212,439.73668177,3.4999999343199306e-07,0.0,3.4999999343199306e-07,n00000030,n00000030,n00000030,1,0
4204,Chemistry,395.21461524,395.1427825,395.21461524,-0.07183273999999074,0.0,-0.07183273999999074,n00000267,n00000267,n00000267,1,0
4205,Chemistry,409.80206265,409.80411932,409.80206265,0.002056670000001759,0.0,0.002056670000001759,n00000030,n00000030,n00000030,1,0
4206,Chemistry,376.44673059,376.44673065,376.44469238,5.999999075356754e-08,-0.002038210000023355,0.0020382700000141085,n00000268,n00000268,n00000268,1,1
4207,Chemistry,397.28689845,397.21868324,397.32207401,-0.0682152100000053,0.035175559999970574,-0.10339076999997587,n00000189,n00000189,n00000189,1,1
4209,Chemistry,417.5975513,417.58941012,417.5975513,-0.00814117999999553,0.0,-0.00814117999999553,n00000191,n00000191,n00000191,1,0
4210,Chemistry,398.51386302,398.48670378,398.51386302,-0.027159239999946294,0.0,-0.027159239999946294,n00000189,n00000189,n00000189,1,0
4211,Chemistry,407.80894587,407.76511597,407.8089462,-0.04382989999999154,3.2999997756633093e-07,-0.043830229999969106,n00000030,n00000030,n00000030,1,1
4213,Chemistry,374.80871056,374.80871057,374.80871056,1.0000007932831068e-08,0.0,1.0000007932831068e-08,n00000128,n00000128,n00000128,1,0
4217,Chemistry,389.60325716,389.60325744,389.60325716,2.7999999474559445e-07,0.0,2.7999999474559445e-07,n00000268,n00000268,n00000268,1,0
4218,Chemistry,401.07835791,400.990455,401.07835791,-0.08790291000002526,0.0,-0.08790291000002526,n00000267,n00000267,n00000267,1,0
4219,Chemistry,390.41609885,390.41609885,390.40223528,0.0,-0.01386357000001226,0.01386357000001226,n00000066,n00000066,n00000066,0,1
4220,Chemistry,432.53732828,432.53732829,432.53732828,1.0000007932831068e-08,0.0,1.0000007932831068e-08,n00000030,n00000030,n00000030,1,0
4229,Chemistry,397.87134535,400.08027691,397.87134534,2.2089315599999964,-1.0000007932831068e-08,2.2089315700000043,n00000171,n00000190,n00000171,1,1
4230,Chemistry,386.56544396,386.565444,386.56544396,4.000003173132427e-08,0.0,4.000003173132427e-08,n00000204,n00000204,n00000204,1,0
4231,Chemistry,391.41797714,391.41797688,391.41797714,-2.599999788799323e-07,0.0,-2.599999788799323e-07,n00000188,n00000188,n00000188,1,0
4234,Chemistry,436.02201518,436.02201429,436.02201518,-8.899999670575198e-07,0.0,-8.899999670575198e-07,n00000030,n00000030,n00000030,1,0
4236,Chemistry,407.00698287,407.00698287,407.00698287,0.0,0.0,0.0,n00000204,n00000204,n00000204,0,0
4240,Chemistry,440.27372701,440.27372701,440.27372701,0.0,0.0,0.0,n00000030,n00000030,n00000030,0,0
4243,Chemistry,390.35209896,390.35244182,390.35209896,0.00034286000004613015,0.0,0.00034286000004613015,n00000204,n00000204,n00000204,1,0
4251,Chemistry,406.54527147,406.54527147,406.54527147,0.0,0.0,0.0,n00000204,n00000204,n00000204,0,0
4252,Chemistry,384.02607722,384.02255368,384.02607722,-0.0035235400000033223,0.0,-0.0035235400000033223,n00000268,n00000268,n00000268,1,0
4256,Chemistry,406.19810527,406.19842037,406.19810527,0.0003151000000229942,0.0,0.0003151000000229942,n00000171,n00000171,n00000171,1,0
4257,Chemistry,394.06771994,394.33492218,394.06771982,0.2672022399999605,-1.2000003835055395e-07,0.26720235999999886,n00000190,n00000190,n00000190,1,1
4261,Chemistry,397.16767606,397.16767313,397.16767606,-2.9299999937393295e-06,0.0,-2.9299999937393295e-06,n00000191,n00000191,n00000191,1,0
4268,Chemistry,399.26875064,399.26874913,399.26875064,-1.5100000041456951e-06,0.0,-1.5100000041456951e-06,n00000170,n00000170,n00000170,1,0
4270,Chemistry,435.50782568,435.50782561,435.50782568,-6.999999868639861e-08,0.0,-6.999999868639861e-08,n00000030,n00000030,n00000030,1,0
4271,Chemistry,440.82610588,440.82610587,440.82610588,-1.0000007932831068e-08,0.0,-1.0000007932831068e-08,n00000030,n00000030,n00000030,1,0
4275,Chemistry,442.21113996,442.21113995,442.21113996,-1.0000007932831068e-08,0.0,-1.0000007932831068e-08,n00000030,n00000030,n00000030,1,0
4278,Chemistry,390.94496854,390.8108082,390.94496854,-0.134160339999994,0.0,-0.134160339999994,n00000267,n00000267,n00000267,1,0
4279,Chemistry,425.36037307,425.36051713,425.36037307,0.00014406000002509245,0.0,0.00014406000002509245,n00000030,n00000030,n00000030,1,0
4289,Chemistry,442.60648843,442.60648843,442.60648843,0.0,0.0,0.0,n00000030,n00000030,n00000030,0,0
4292,Chemistry,403.62110295,403.62110295,403.62110295,0.0,0.0,0.0,n00000267,n00000267,n00000267,0,0
4294,Chemistry,439.86425324,439.86425324,439.86425324,0.0,0.0,0.0,n00000030,n00000030,n00000030,0,0
4295,Chemistry,408.70867517,408.70813017,408.70867558,-0.0005449999999882493,4.099999841855606e-07,-0.0005454099999724349,n00000173,n00000173,n00000173,1,1
4307,Chemistry,394.56313078,394.56287532,394.56313078,-0.0002554600000053142,0.0,-0.0002554600000053142,n00000268,n00000268,n00000268,1,0
4310,Chemistry,430.86579828,430.86579825,430.86579828,-2.999996695507434e-08,0.0,-2.999996695507434e-08,n00000030,n00000030,n00000030,1,0
4320,Chemistry,390.01745159,390.0174516,390.01745159,1.0000007932831068e-08,0.0,1.0000007932831068e-08,n00000188,n00000188,n00000188,1,0
4323,Chemistry,413.75168794,413.75168819,414.60669588,2.4999997094710125e-07,0.8550079400000072,-0.8550076900000363,n00000243,n00000243,n00000037,1,1
4328,Chemistry,390.90912306,390.90925757,390.90912306,0.0001345100000094135,0.0,0.0001345100000094135,n00000030,n00000030,n00000030,1,0
4329,Chemistry,391.38962108,391.74346075,391.38962108,0.3538396700000135,0.0,0.3538396700000135,n00000190,n00000190,n00000190,1,0
4331,Chemistry,395.06532323,395.11182183,395.06532323,0.04649860000000672,0.0,0.04649860000000672,n00000190,n00000190,n00000190,1,0
4335,Chemistry,412.71930083,412.71930083,412.71930083,0.0,0.0,0.0,n00000204,n00000204,n00000204,0,0
4336,Chemistry,416.29926263,414.74851494,416.29926263,-1.5507476899999801,0.0,-1.5507476899999801,n00000030,n00000037,n00000030,1,0
4337,Chemistry,383.04053947,382.99409414,383.04053947,-0.04644532999998319,0.0,-0.04644532999998319,n00000268,n00000268,n00000268,1,0
4346,Chemistry,391.91178305,391.91178305,391.91178305,0.0,0.0,0.0,n00000191,n00000191,n00000191,0,0
4347,Chemistry,420.34083873,420.34083873,420.34083873,0.0,0.0,0.0,n00000030,n00000030,n00000030,0,0
4348,Chemistry,377.10267315,377.10267089,377.10267315,-2.2599999738304177e-06,0.0,-2.2599999738304177e-06,n00000159,n00000159,n00000159,1,0
4350,Chemistry,388.88812122,388.88407333,388.88051719,-0.004047890000038024,-0.00760403000003862,0.003556140000000596,n00000171,n00000171,n00000171,1,1
4355,Chemistry,388.71708623,388.71708655,388.71711015,3.1999996963349986e-07,2.3919999989630014e-05,-2.3600000019996514e-05,n00000191,n00000191,n00000191,1,1
4356,Chemistry,388.87130465,388.86811646,388.87130464,-0.0031881900000030328,-1.0000007932831068e-08,-0.0031881799999951,n00000171,n00000171,n00000171,1,1
4358,Chemistry,434.64032779,434.6403278,434.64032779,1.0000007932831068e-08,0.0,1.0000007932831068e-08,n00000030,n00000030,n00000030,1,0
4360,Chemistry,434.085078,434.08507577,434.085078,-2.2300000068753434e-06,0.0,-2.2300000068753434e-06,n00000030,n00000030,n00000030,1,0
4367,Chemistry,430.5228668,430.523319,430.5228668,0.00045220000004064786,0.0,0.00045220000004064786,n00000030,n00000030,n00000030,1,0
4368,Chemistry,383.94253518,383.94253439,383.94253518,-7.900000014160469e-07,0.0,-7.900000014160469e-07,n00000189,n00000189,n00000189,1,0
4372,Chemistry,401.30813655,401.30813518,401.30813655,-1.369999949929479e-06,0.0,-1.369999949929479e-06,n00000267,n00000267,n00000267,1,0
4375,Chemistry,392.73245063,392.71233233,392.73245063,-0.02011830000003556,0.0,-0.02011830000003556,n00000191,n00000191,n00000191,1,0
4376,Chemistry,436.30745016,436.30745017,436.30745016,1.0000007932831068e-08,0.0,1.0000007932831068e-08,n00000030,n00000030,n00000030,1,0
4378,Chemistry,419.71067338,419.71019448,419.71067338,-0.0004789000000187116,0.0,-0.0004789000000187116,n00000030,n00000030,n00000030,1,0
4379,Chemistry,426.98415229,426.98415229,426.98415229,0.0,0.0,0.0,n00000030,n00000030,n00000030,0,0
4380,Chemistry,403.59062399,403.59062399,403.59062399,0.0,0.0,0.0,n00000204,n00000204,n00000204,0,0
4382,Chemistry,419.56683787,419.5553192,419.56683787,-0.011518669999986741,0.0,-0.011518669999986741,n00000267,n00000267,n00000267,1,0
4384,Chemistry,415.61519737,415.61520005,415.61519737,2.6800000227922283e-06,0.0,2.6800000227922283e-06,n00000030,n00000030,n00000030,1,0
4387,Chemistry,400.02335251,400.02335251,400.02335251,0.0,0.0,0.0,n00000204,n00000204,n00000204,0,0
4395,Chemistry,401.16437738,401.16437738,401.16437738,0.0,0.0,0.0,n00000267,n00000267,n00000267,0,0
4399,Chemistry,391.73321685,391.73321709,391.73321685,2.399999630142702e-07,0.0,2.399999630142702e-07,n00000268,n00000268,n00000268,1,0
4402,Chemistry,424.90404085,424.90404021,424.90404085,-6.399999961104186e-07,0.0,-6.399999961104186e-07,n00000030,n00000030,n00000030,1,0
4410,Chemistry,394.36051007,394.36051007,394.36051007,0.0,0.0,0.0,n00000204,n00000204,n00000204,0,0
4411,Chemistry,408.72002172,408.69568644,408.72002172,-0.024335280000002513,0.0,-0.024335280000002513,n00000267,n00000267,n00000267,1,0
4413,Chemistry,423.76226272,423.73154069,423.76226272,-0.03072203000004947,0.0,-0.03072203000004947,n00000191,n00000191,n00000191,1,0
4430,Chemistry,395.61667204,395.61667204,395.61667204,0.0,0.0,0.0,n00000267,n00000267,n00000267,0,0
4435,Chemistry,409.64852598,409.64852598,409.64852598,0.0,0.0,0.0,n00000204,n00000204,n00000204,0,0
4441,Chemistry,383.71112446,383.70542312,383.71111833,-0.005701340000030086,-6.130000031134841e-06,-0.005695209999998951,n00000171,n00000171,n00000171,1,1
4448,Chemistry,451.14153777,451.14153777,451.14153777,0.0,0.0,0.0,n00000030,n00000030,n00000030,0,0
4453,Chemistry,441.0250689,441.02506371,441.0250689,-5.190000024413166e-06,0.0,-5.190000024413166e-06,n00000030,n00000030,n00000030,1,0
4454,Chemistry,375.64722718,375.6469408,375.64722718,-0.00028638000003411435,0.0,-0.00028638000003411435,n00000189,n00000189,n00000189,1,0
4456,Chemistry,386.92043195,386.92043195,386.92043195,0.0,0.0,0.0,n00000189,n00000189,n00000189,0,0
4458,Chemistry,397.37849674,397.37849674,397.378438,0.0,-5.8739999985846225e-05,5.8739999985846225e-05,n00000243,n00000243,n00000243,0,1
4465,Chemistry,390.61044326,390.61044444,390.61044326,1.1799999697359453e-06,0.0,1.1799999697359453e-06,n00000267,n00000267,n00000267,1,0
4467,Chemistry,401.03819764,401.03819764,401.03819764,0.0,0.0,0.0,n00000204,n00000204,n00000204,0,0
4468,Chemistry,401.40565667,401.40565667,401.40565667,0.0,0.0,0.0,n00000204,n00000204,n00000204,0,0
4471,Chemistry,383.19505908,383.19505886,383.19505908,-2.200000039920269e-07,0.0,-2.200000039920269e-07,n00000268,n00000268,n00000268,1,0
4473,Chemistry,385.28239942,385.28227039,385.28239942,-0.0001290299999823219,0.0,-0.0001290299999823219,n00000268,n00000268,n00000268,1,0
4475,Chemistry,395.39627681,396.07010592,396.02147846,0.6738291099999856,0.6252016500000082,0.04862745999997742,n00000030,n00000037,n00000037,1,1
4481,Chemistry,385.87717176,385.87279883,385.92405216,-0.004372929999988173,0.04688039999996363,-0.0512533299999518,n00000171,n00000171,n00000171,1,1
4488,Chemistry,428.77728432,428.77728417,428.77728432,-1.500000053056283e-07,0.0,-1.500000053056283e-07,n00000030,n00000030,n00000030,1,0
4491,Chemistry,412.8979113,412.89788767,412.8979113,-2.362999998695159e-05,0.0,-2.362999998695159e-05,n00000030,n00000030,n00000030,1,0
4492,Chemistry,429.76584177,429.76584177,429.76584177,0.0,0.0,0.0,n00000030,n00000030,n00000030,0,0
4494,Chemistry,405.96256674,405.96256674,405.96256674,0.0,0.0,0.0,n00000204,n00000204,n00000204,0,0
4495,Chemistry,407.18420086,407.18420086,407.18420086,0.0,0.0,0.0,n00000204,n00000204,n00000204,0,0
4498,Chemistry,443.51064449,443.51064254,443.51064449,-1.950000012129749e-06,0.0,-1.950000012129749e-06,n00000030,n00000030,n00000030,1,0
4499,Chemistry,436.77954589,436.77954589,436.77954589,0.0,0.0,0.0,n00000030,n00000030,n00000030,0,0
4501,Chemistry,399.99835072,399.99362974,399.99835072,-0.004720980000001873,0.0,-0.004720980000001873,n00000268,n00000268,n00000268,1,0
4502,Chemistry,432.11143472,432.11176463,432.11143472,0.0003299100000049293,0.0,0.0003299100000049293,n00000030,n00000030,n00000030,1,0
4506,Chemistry,380.74451728,381.16032176,380.75751903,0.41580447999996295,0.013001750000000811,0.40280272999996214,n00000189,n00000189,n00000189,1,1
4507,Chemistry,389.66844834,389.64615216,389.66844834,-0.0222961800000121,0.0,-0.0222961800000121,n00000267,n00000267,n00000267,1,0
4510,Chemistry,406.02397981,406.02397981,406.02397981,0.0,0.0,0.0,n00000204,n00000204,n00000204,0,0
4517,Chemistry,387.90563153,387.90563157,387.90563153,4.000003173132427e-08,0.0,4.000003173132427e-08,n00000191,n00000191,n00000191,1,0
4521,Chemistry,389.7839242,389.78392532,389.7839242,1.1199999789823778e-06,0.0,1.1199999789823778e-06,n00000191,n00000191,n00000191,1,0
4524,Chemistry,451.92970608,451.92970608,451.92970608,0.0,0.0,0.0,n00000030,n00000030,n00000030,0,0
4533,Chemistry,394.29751076,394.29751076,394.29751076,0.0,0.0,0.0,n00000267,n00000267,n00000267,0,0
4535,Chemistry,443.10478828,443.10478828,443.10478828,0.0,0.0,0.0,n00000030,n00000030,n00000030,0,0
4537,Chemistry,397.73171867,397.73206163,397.73171867,0.0003429599999549282,0.0,0.0003429599999549282,n00000190,n00000190,n00000190,1,0
4538,Chemistry,382.99489156,382.99308797,382.99489156,-0.0018035900000086258,0.0,-0.0018035900000086258,n00000189,n00000189,n00000189,1,0
4542,Chemistry,383.48837983,383.50775447,383.48999417,0.019374640000023646,0.001614340000003267,0.01776030000002038,n00000189,n00000189,n00000189,1,1
4546,Chemistry,435.98574833,435.98574833,435.98574833,0.0,0.0,0.0,n00000030,n00000030,n00000030,0,0
4547,Chemistry,417.10308571,417.07970626,417.10308571,-0.023379449999993085,0.0,-0.023379449999993085,n00000188,n00000188,n00000188,1,0
4548,Chemistry,428.47080525,428.47080529,428.47080525,3.999997488790541e-08,0.0,3.999997488790541e-08,n00000030,n00000030,n00000030,1,0
4554,Chemistry,416.7934748,416.7934768,416.7934748,1.9999999949504854e-06,0.0,1.9999999949504854e-06,n00000030,n00000030,n00000030,1,0
4556,Chemistry,383.14936955,383.14570639,383.14936955,-0.0036631600000305298,0.0,-0.0036631600000305298,n00000267,n00000267,n00000267,1,0
4557,Chemistry,413.11688997,413.05517325,413.11689026,-0.06171671999999262,2.900000026784255e-07,-0.0617170099999953,n00000037,n00000037,n00000037,1,1
4560,Chemistry,420.0438911,420.04353522,420.0438911,-0.00035587999997233055,0.0,-0.00035587999997233055,n00000030,n00000030,n00000030,1,0
4565,Chemistry,427.66986704,427.66986713,427.66986704,9.000001455206075e-08,0.0,9.000001455206075e-08,n00000030,n00000030,n00000030,1,0
4572,Chemistry,423.31473173,423.31727225,423.31473173,0.0025405199999681827,0.0,0.0025405199999681827,n00000030,n00000030,n00000030,1,0
4574,Chemistry,378.30577134,378.30579551,378.30577124,2.4170000017420534e-05,-9.999996564147295e-08,2.4269999983062007e-05,n00000189,n00000189,n00000189,1,1
4576,Chemistry,421.02318021,420.89161447,421.0231805,-0.13156574000004184,2.900000026784255e-07,-0.13156603000004452,n00000037,n00000037,n00000037,1,1
4580,Chemistry,397.27846201,397.27846543,397.27846201,3.41999998454412e-06,0.0,3.41999998454412e-06,n00000030,n00000030,n00000030,1,0
4589,Chemistry,441.41659419,441.41659419,441.41659419,0.0,0.0,0.0,n00000030,n00000030,n00000030,0,0
4592,Chemistry,385.14858498,385.14858467,385.14858498,-3.1000001854408765e-07,0.0,-3.1000001854408765e-07,n00000189,n00000189,n00000189,1,0
4597,Chemistry,390.23761581,390.20352401,390.55495227,-0.034091799999998784,0.3173364599999786,-0.3514282599999774,n00000171,n00000171,n00000171,1,1
4605,Chemistry,370.75093264,370.75094433,370.75074256,1.1690000008002244e-05,-0.0001900799999816627,0.00020176999998966494,n00000124,n00000124,n00000124,1,1
4607,Chemistry,389.18181974,389.18181978,389.18181974,4.000003173132427e-08,0.0,4.000003173132427e-08,n00000191,n00000191,n00000191,1,0
4609,Chemistry,392.90038951,392.90038956,392.90038951,4.999998282073648e-08,0.0,4.999998282073648e-08,n00000191,n00000191,n00000191,1,0
4610,Chemistry,375.14765226,375.14765226,375.13440013,0.0,-0.013252129999955287,0.013252129999955287,n00000184,n00000184,n00000184,0,1
4615,Chemistry,450.99014106,450.99014106,450.99014106,0.0,0.0,0.0,n00000030,n00000030,n00000030,0,0
4619,Chemistry,430.28115557,430.28115658,430.28115557,1.0100000054080738e-06,0.0,1.0100000054080738e-06,n00000030,n00000030,n00000030,1,0
4621,Chemistry,394.83865182,394.84453571,394.83865182,0.005883890000006886,0.0,0.005883890000006886,n00000190,n00000190,n00000190,1,0
4627,Chemistry,423.41375002,423.41423915,423.41375002,0.0004891300000053889,0.0,0.0004891300000053889,n00000030,n00000030,n00000030,1,0
4628,Chemistry,398.19634329,398.19306544,398.19634329,-0.003277850000017679,0.0,-0.003277850000017679,n00000267,n00000267,n00000267,1,0
4629,Chemistry,428.74663307,428.74663307,428.74663307,0.0,0.0,0.0,n00000030,n00000030,n00000030,0,0
4631,Chemistry,429.22062231,429.22062231,429.22062231,0.0,0.0,0.0,n00000030,n00000030,n00000030,0,0
4635,Chemistry,424.95912227,424.95912228,424.95912227,9.999951089412207e-09,0.0,9.999951089412207e-09,n00000030,n00000030,n00000030,1,0
4639,Chemistry,389.42551993,389.38575086,389.42551993,-0.039769070000033935,0.0,-0.039769070000033935,n00000268,n00000268,n00000268,1,0
4646,Chemistry,428.06690974,428.09410941,428.06691115,0.027199669999959042,1.4099999816608033e-06,0.02719825999997738,n00000037,n00000037,n00000037,1,1
4648,Chemistry,408.0369151,408.0369151,408.0369151,0.0,0.0,0.0,n00000204,n00000204,n00000204,0,0
4651,Chemistry,388.13106137,388.13106111,388.13106415,-2.599999788799323e-07,2.7799999884337012e-06,-3.0399999673136335e-06,n00000188,n00000188,n00000188,1,1
4659,Chemistry,438.26037826,438.25516724,438.26037826,-0.005211019999990185,0.0,-0.005211019999990185,n00000037,n00000037,n00000037,1,0
4661,Chemistry,395.21895875,395.21895875,395.21895875,0.0,0.0,0.0,n00000267,n00000267,n00000267,0,0
4674,History,376.29455482,376.29455482,376.29421131,0.0,-0.00034350999999333,0.00034350999999333,n00000104,n00000104,n00000104,0,1
4675,History,385.51110969,385.51110969,385.50981149,0.0,-0.0012982000000079097,0.0012982000000079097,n00000040,n00000040,n00000040,0,1
4676,History,375.88152315,375.88151155,375.88152315,-1.1599999993450183e-05,0.0,-1.1599999993450183e-05,n00000104,n00000104,n00000104,1,0
4678,History,367.03392341,367.01651112,367.03392341,-0.017412289999981567,0.0,-0.017412289999981567,n00000107,n00000107,n00000107,1,0
4690,History,376.20396194,376.19398632,376.20396194,-0.009975619999977425,0.0,-0.009975619999977425,n00000143,n00000143,n00000143,1,0
4692,History,376.10829715,376.105585,376.10829715,-0.002712149999979374,0.0,-0.002712149999979374,n00000106,n00000106,n00000106,1,0
4694,History,370.08062031,370.07937307,370.0806205,-0.0012472399999978734,1.9000003703695256e-07,-0.0012474300000349103,n00000106,n00000106,n00000106,1,1
4695,History,378.02961082,378.02964138,378.02961082,3.055999997059189e-05,0.0,3.055999997059189e-05,n00000107,n00000107,n00000107,1,0
4699,History,371.77124792,371.85015569,371.77124792,0.07890777000000071,0.0,0.07890777000000071,n00000107,n00000107,n00000107,1,0
4701,History,381.91209918,381.91209874,381.91209918,-4.400000079840538e-07,0.0,-4.400000079840538e-07,n00000105,n00000105,n00000105,1,0
4704,History,372.81492831,372.81488005,372.81492831,-4.826000002822184e-05,0.0,-4.826000002822184e-05,n00000105,n00000105,n00000105,1,0
4705,History,385.40985715,385.40988377,385.40985754,2.6620000028287905e-05,3.9000002516331733e-07,2.6230000003124587e-05,n00000196,n00000196,n00000196,1,1
4712,History,379.79675851,379.79673617,379.79675851,-2.234000004364134e-05,0.0,-2.234000004364134e-05,n00000105,n00000105,n00000105,1,0
4717,History,381.73732331,381.73732613,381.73732331,2.8199999633216066e-06,0.0,2.8199999633216066e-06,n00000107,n00000107,n00000107,1,0
4719,History,372.36033394,372.30175049,372.36033556,-0.05858344999995779,1.620000034563418e-06,-0.058585069999992356,n00000106,n00000106,n00000106,1,1
4727,History,375.28605991,375.28561199,375.28605991,-0.0004479199999991579,0.0,-0.0004479199999991579,n00000106,n00000106,n00000106,1,0
4729,History,371.51424416,371.49893088,371.51424416,-0.015313279999986662,0.0,-0.015313279999986662,n00000106,n00000106,n00000106,1,0
4732,History,372.72548983,372.72548983,372.72548257,0.0,-7.26000001805005e-06,7.26000001805005e-06,n00000104,n00000104,n00000104,0,1
4736,History,375.13328526,375.13328407,375.13328526,-1.1899999776687764e-06,0.0,-1.1899999776687764e-06,n00000105,n00000105,n00000105,1,0
4740,History,373.47618055,373.47619713,373.47618055,1.6580000021804153e-05,0.0,1.6580000021804153e-05,n00000107,n00000107,n00000107,1,0
4742,History,386.12068419,386.02487747,386.12066883,-0.09580672000004142,-1.5360000020336884e-05,-0.09579136000002109,n00000199,n00000199,n00000199,1,1
4746,History,378.11122772,378.12198837,378.11122775,0.010760650000008809,3.00000237984932e-08,0.01076061999998501,n00000107,n00000107,n00000107,1,1
4751,History,381.57037513,381.570151,381.57037513,-0.00022412999999232852,0.0,-0.00022412999999232852,n00000106,n00000106,n00000106,1,0
4754,History,376.9554773,376.9554773,376.95547106,0.0,-6.240000004709145e-06,6.240000004709145e-06,n00000104,n00000104,n00000104,0,1
4756,History,373.96695618,373.96695618,373.95748996,0.0,-0.009466220000035719,0.009466220000035719,n00000040,n00000040,n00000040,0,1
4758,History,393.45881523,393.45881523,393.45877274,0.0,-4.249000005529524e-05,4.249000005529524e-05,n00000040,n00000040,n00000040,0,1
4761,History,376.20004198,376.20004198,376.1976015,0.0,-0.0024404799999615534,0.0024404799999615534,n00000126,n00000126,n00000126,0,1
4767,History,374.1839268,374.20042362,374.1839268,0.0164968199999862,0.0,0.0164968199999862,n00000107,n00000107,n00000107,1,0
4775,History,375.90857982,375.88923323,375.90857982,-0.019346589999997832,0.0,-0.019346589999997832,n00000106,n00000106,n00000106,1,0
4777,History,366.41390252,366.26510012,366.41390252,-0.14880240000002232,0.0,-0.14880240000002232,n00000105,n00000105,n00000105,1,0
4778,History,368.79999652,368.79656228,368.79999652,-0.003434239999990041,0.0,-0.003434239999990041,n00000105,n00000105,n00000105,1,0
4781,History,373.97518229,373.9751817,373.97518229,-5.900000132896821e-07,0.0,-5.900000132896821e-07,n00000104,n00000104,n00000104,1,0
4787,History,375.03460241,375.03459237,375.03460241,-1.0040000006483751e-05,0.0,-1.0040000006483751e-05,n00000105,n00000105,n00000105,1,0
4791,History,375.70175624,375.67106233,375.70175624,-0.03069391000002497,0.0,-0.03069391000002497,n00000106,n00000106,n00000106,1,0
4797,History,370.93125736,370.89722275,370.93125681,-0.03403460999999197,-5.500000384017767e-07,-0.03403405999995357,n00000106,n00000106,n00000106,1,1
4800,History,371.90206395,371.91383526,371.90206395,0.01177130999997189,0.0,0.01177130999997189,n00000107,n00000107,n00000107,1,0
4804,History,370.07074513,370.07007213,370.07074513,-0.0006729999999492975,0.0,-0.0006729999999492975,n00000106,n00000106,n00000106,1,0
4812,History,378.18846853,378.18489242,378.18846853,-0.0035761100000399892,0.0,-0.0035761100000399892,n00000106,n00000106,n00000106,1,0
4813,History,371.34798397,371.37600747,371.34798397,0.02802350000001752,0.0,0.02802350000001752,n00000105,n00000105,n00000105,1,0
4816,History,375.74483921,375.74483838,375.74483921,-8.300000331473711e-07,0.0,-8.300000331473711e-07,n00000105,n00000105,n00000105,1,0
4817,History,372.79296948,372.79296948,372.79296948,0.0,0.0,0.0,n00000105,n00000105,n00000105,0,0
4819,History,380.9396603,380.9396603,380.93964241,0.0,-1.7890000037823484e-05,1.7890000037823484e-05,n00000104,n00000104,n00000104,0,1
4822,History,368.09484723,368.09484723,368.09484713,0.0,-1.0000002248489182e-07,1.0000002248489182e-07,n00000105,n00000105,n00000105,0,1
4827,History,379.56077103,379.56035119,379.56077103,-0.00041984000000638844,0.0,-0.00041984000000638844,n00000106,n00000106,n00000106,1,0
4833,History,374.66383405,374.53050617,374.66383405,-0.13332787999996754,0.0,-0.13332787999996754,n00000107,n00000107,n00000107,1,0
4836,History,374.68921947,374.68254325,374.68921953,-0.006676220000031208,5.999999075356754e-08,-0.006676280000021961,n00000106,n00000106,n00000106,1,1
4840,History,381.07213949,381.07213949,381.07213949,0.0,0.0,0.0,n00000105,n00000105,n00000105,0,0
4843,History,378.60939727,378.60939588,378.60939727,-1.3899999657951412e-06,0.0,-1.3899999657951412e-06,n00000105,n00000105,n00000105,1,0
4847,History,376.03609858,376.03591344,376.03609858,-0.00018513999998504005,0.0,-0.00018513999998504005,n00000106,n00000106,n00000106,1,0
4848,History,376.94150557,376.94151783,376.94150557,1.2260000005426264e-05,0.0,1.2260000005426264e-05,n00000107,n00000107,n00000107,1,0
4852,History,380.43263017,380.42316187,380.43263017,-0.009468299999980445,0.0,-0.009468299999980445,n00000106,n00000106,n00000106,1,0
4857,History,363.08536353,362.95238978,363.08536353,-0.1329737500000192,0.0,-0.1329737500000192,n00000106,n00000106,n00000106,1,0
4858,History,376.13253458,376.13035176,376.13253458,-0.0021828200000300058,0.0,-0.0021828200000300058,n00000105,n00000105,n00000105,1,0
4859,History,369.79055845,369.73860546,369.79055845,-0.05195299000001796,0.0,-0.05195299000001796,n00000107,n00000107,n00000107,1,0
4862,History,370.74968521,370.74968521,370.74968521,0.0,0.0,0.0,n00000105,n00000105,n00000105,0,0
4864,History,383.12529769,383.12529769,383.12454758,0.0,-0.0007501100000126826,0.0007501100000126826,n00000040,n00000040,n00000040,0,1
4865,History,371.91410309,371.91410248,371.91406078,-6.100000291553442e-07,-4.231000002619112e-05,4.1699999997035775e-05,n00000105,n00000105,n00000105,1,1
4869,History,369.66762848,369.66762848,369.66762848,0.0,0.0,0.0,n00000105,n00000105,n00000105,0,0
4873,History,374.28309936,374.28309936,374.28309936,0.0,0.0,0.0,n00000105,n00000105,n00000105,0,0
4887,History,375.47644034,375.41553202,375.47644034,-0.06090832000001001,0.0,-0.06090832000001001,n00000107,n00000107,n00000107,1,0
4889,History,379.46029986,379.45743626,379.46029986,-0.0028636000000119566,0.0,-0.0028636000000119566,n00000106,n00000106,n00000106,1,0
4891,History,379.13691016,379.13691131,379.13691016,1.150000002780871e-06,0.0,1.150000002780871e-06,n00000143,n00000143,n00000143,1,0
4895,History,371.14578499,371.06857859,371.14578499,-0.07720639999996592,0.0,-0.07720639999996592,n00000107,n00000107,n00000107,1,0
4900,History,376.91438924,376.92483411,376.91438924,0.010444870000014816,0.0,0.010444870000014816,n00000107,n00000107,n00000107,1,0
4901,History,378.42106143,378.41783621,378.42106143,-0.0032252199999902587,0.0,-0.0032252199999902587,n00000106,n00000106,n00000106,1,0
4902,History,385.17988396,385.17988396,385.17960759,0.0,-0.00027636999999458567,0.00027636999999458567,n00000040,n00000040,n00000040,0,1
4904,History,376.88791317,376.88944223,376.97285335,0.0015290599999957522,0.0849401799999896,-0.08341111999999384,n00000124,n00000124,n00000124,1,1
4905,History,372.06622967,372.06622967,372.06622969,0.0,2.0000015865662135e-08,-2.0000015865662135e-08,n00000105,n00000105,n00000105,0,1
4906,History,367.26332382,367.26331712,367.26332382,-6.699999971715442e-06,0.0,-6.699999971715442e-06,n00000105,n00000105,n00000105,1,0
4908,History,378.85444793,378.85444656,378.85444793,-1.370000006772898e-06,0.0,-1.370000006772898e-06,n00000105,n00000105,n00000105,1,0
4913,History,381.46232506,381.46570688,381.46232506,0.003381820000015523,0.0,0.003381820000015523,n00000107,n00000107,n00000107,1,0
4914,History,380.71018067,380.70917946,380.71018067,-0.001001210000026731,0.0,-0.001001210000026731,n00000106,n00000106,n00000106,1,0
4916,History,371.93365598,371.95062201,371.93365598,0.01696602999999186,0.0,0.01696602999999186,n00000107,n00000107,n00000107,1,0
4919,History,376.68022769,376.62231347,376.68022769,-0.05791421999998647,0.0,-0.05791421999998647,n00000106,n00000106,n00000106,1,0
4925,History,375.59993512,375.59610003,375.59993512,-0.003835089999995489,0.0,-0.003835089999995489,n00000106,n00000106,n00000106,1,0
4935,History,370.33801008,370.32726468,370.33801003,-0.01074540000001889,-4.999998282073648e-08,-0.010745350000036069,n00000105,n00000105,n00000105,1,1
4937,History,372.94007905,372.94007905,372.94007905,0.0,0.0,0.0,n00000105,n00000105,n00000105,0,0
4941,History,381.1852479,381.18396577,381.18559817,-0.001282129999992776,0.0003502700000126424,-0.0016324000000054184,n00000106,n00000106,n00000106,1,1
4942,History,379.72521706,379.72519177,379.72521706,-2.5289999996402912e-05,0.0,-2.5289999996402912e-05,n00000106,n00000106,n00000106,1,0
4943,History,390.1351365,390.13327866,390.13513653,-0.0018578400000137663,3.00000237984932e-08,-0.0018578700000375648,n00000198,n00000198,n00000198,1,1
4944,History,373.01084991,372.9903215,373.01084992,-0.020528409999997166,1.0000007932831068e-08,-0.0205284200000051,n00000106,n00000106,n00000106,1,1
4953,History,381.22215512,381.22197802,381.22215512,-0.0001771000000303502,0.0,-0.0001771000000303502,n00000106,n00000106,n00000106,1,0
4958,History,375.88057543,375.78964466,375.88057543,-0.09093076999999994,0.0,-0.09093076999999994,n00000106,n00000106,n00000106,1,0
4959,History,375.28625277,375.28588428,375.28625277,-0.0003684899999711888,0.0,-0.0003684899999711888,n00000106,n00000106,n00000106,1,0
4961,History,374.04654202,374.06054118,374.04654202,0.013999159999968924,0.0,0.013999159999968924,n00000107,n00000107,n00000107,1,0
4962,History,372.50187097,372.50216238,372.50187097,0.00029140999998844563,0.0,0.00029140999998844563,n00000107,n00000107,n00000107,1,0
4965,History,370.70099966,370.70099835,370.70103224,-1.3099999591759115e-06,3.2580000038251455e-05,-3.388999999742737e-05,n00000104,n00000104,n00000104,1,1
4966,History,368.97531916,368.97421513,368.97531933,-0.001104030000021794,1.6999996432787157e-07,-0.0011041999999861218,n00000105,n00000105,n00000105,1,1
4967,History,377.83420886,377.83420886,377.82444979,0.0,-0.00975906999997278,0.00975906999997278,n00000126,n00000126,n00000126,0,1
4973,History,376.62410817,376.62406795,376.62410817,-4.022000001668857e-05,0.0,-4.022000001668857e-05,n00000106,n00000106,n00000106,1,0
4979,History,384.32642455,384.32285086,384.32642455,-0.003573689999996077,0.0,-0.003573689999996077,n00000106,n00000106,n00000106,1,0
4980,History,375.3967355,375.36581561,375.39673554,-0.0309198899999501,4.000003173132427e-08,-0.030919929999981832,n00000106,n00000106,n00000106,1,1
4983,History,380.77325747,380.77323912,380.77325747,-1.8349999947986362e-05,0.0,-1.8349999947986362e-05,n00000106,n00000106,n00000106,1,0
4988,History,381.56458128,381.55834681,381.56458128,-0.006234470000038073,0.0,-0.006234470000038073,n00000106,n00000106,n00000106,1,0
4989,History,364.87007768,364.84489811,364.8700777,-0.025179570000034346,2.0000015865662135e-08,-0.02517959000005021,n00000106,n00000106,n00000106,1,1
4992,History,371.40919508,371.4092778,371.40919507,8.271999996622981e-05,-1.0000007932831068e-08,8.272999997416264e-05,n00000107,n00000107,n00000107,1,1
4996,History,375.17886829,375.17741508,375.17886829,-0.001453210000022409,0.0,-0.001453210000022409,n00000105,n00000105,n00000105,1,0
4999,History,374.36514174,374.36511255,374.36514189,-2.919000002066241e-05,1.500000053056283e-07,-2.9340000025968038e-05,n00000104,n00000104,n00000104,1,1
5004,History,379.44960317,379.44960317,379.44957278,0.0,-3.0390000006264017e-05,3.0390000006264017e-05,n00000040,n00000040,n00000040,0,1
5005,History,375.50724696,375.50724696,375.50724697,0.0,1.0000007932831068e-08,-1.0000007932831068e-08,n00000105,n00000105,n00000105,0,1
5006,History,379.97384852,379.97384852,379.97384852,0.0,0.0,0.0,n00000104,n00000104,n00000104,0,0
5007,History,382.29692424,382.29692288,382.29692419,-1.3599999988400668e-06,-4.999998282073648e-08,-1.3100000160193304e-06,n00000105,n00000105,n00000105,1,1
5011,History,375.13382758,375.13382758,375.13382758,0.0,0.0,0.0,n00000104,n00000104,n00000104,0,0
5020,History,373.56686285,373.58096602,373.56686285,0.0141031699999985,0.0,0.0141031699999985,n00000107,n00000107,n00000107,1,0
5024,History,391.33731431,390.08759246,391.33731431,-1.2497218500000145,0.0,-1.2497218500000145,n00000143,n00000143,n00000143,1,0
5026,History,376.88408207,376.86166597,376.88408207,-0.022416099999986727,0.0,-0.022416099999986727,n00000106,n00000106,n00000106,1,0
5027,History,372.4857316,372.44792255,372.4857316,-0.037809050000021216,0.0,-0.037809050000021216,n00000106,n00000106,n00000106,1,0
5033,History,371.01254917,371.01173652,371.01337907,-0.0008126500000003034,0.000829899999985173,-0.0016425499999854765,n00000105,n00000105,n00000105,1,1
5038,History,371.31453405,371.31453295,371.31453405,-1.1000000199601345e-06,0.0,-1.1000000199601345e-06,n00000104,n00000104,n00000104,1,0
5039,History,377.47937325,377.47941027,377.47958571,3.702000003613648e-05,0.00021246000000019194,-0.00017543999996405546,n00000183,n00000183,n00000183,1,1
5047,History,382.03485733,381.91662762,382.03490253,-0.1182297100000369,4.5199999988199124e-05,-0.1182749100000251,n00000183,n00000183,n00000199,1,1
5049,History,383.57790434,383.57776962,383.57790434,-0.00013471999994862927,0.0,-0.00013471999994862927,n00000143,n00000143,n00000143,1,0
5051,History,386.53953352,385.91179572,386.53953352,-0.627737800000034,0.0,-0.627737800000034,n00000143,n00000143,n00000143,1,0
5052,History,372.92480367,372.92469513,372.92480367,-0.00010854000004201225,0.0,-0.00010854000004201225,n00000106,n00000106,n00000106,1,0
5066,Other,379.59380619,379.59380619,379.59317323,0.0,-0.0006329600000185565,0.0006329600000185565,n00000078,n00000078,n00000078,0,1
5067,Other,378.43725067,378.43725064,378.43084468,-3.00000237984932e-08,-0.006405990000018846,0.006405959999995048,n00000078,n00000078,n00000078,1,1
5073,Other,375.43013447,375.39041079,375.43012332,-0.0397236800000087,-1.1149999977533298e-05,-0.039712530000031165,n00000180,n00000180,n00000180,1,1
5080,Other,377.49969642,377.66959942,377.49969683,0.1699029999999766,4.099999841855606e-07,0.16990258999999241,n00000107,n00000107,n00000107,1,1
5083,Other,383.69304217,383.69295706,383.69304217,-8.510999998634361e-05,0.0,-8.510999998634361e-05,n00000218,n00000218,n00000218,1,0
5087,Other,374.77678217,374.77678212,374.79942811,-4.999998282073648e-08,0.022645940000018072,-0.022645990000000893,n00000182,n00000182,n00000182,1,1
5095,Other,388.37856413,388.37518971,388.37856421,-0.0033744200000001,8.000000661922968e-08,-0.0033745000000067193,n00000030,n00000030,n00000030,1,1
5097,Other,376.50959569,376.50959569,376.50961477,0.0,1.907999995864884e-05,-1.907999995864884e-05,n00000082,n00000082,n00000082,0,1
5098,Other,368.39164143,368.39162744,368.39164149,-1.3990000013563986e-05,5.999999075356754e-08,-1.4050000004317553e-05,n00000185,n00000185,n00000185,1,1
5105,Other,365.97452541,365.97389127,365.97492948,-0.0006341399999882924,0.000404070000001866,-0.0010382099999901584,n00000185,n00000185,n00000185,1,1
5111,Other,377.78461594,377.78461594,377.77834586,0.0,-0.0062700799999788615,0.0062700799999788615,n00000243,n00000243,n00000243,0,1
5114,Other,384.41834899,384.41834899,384.41834362,0.0,-5.370000053517288e-06,5.370000053517288e-06,n00000078,n00000078,n00000078,0,1
5126,Other,390.67683476,390.42198321,390.66474898,-0.25485155000001214,-0.012085780000006707,-0.24276577000000543,n00000078,n00000078,n00000078,1,1
5136,Other,377.97607938,377.97763943,377.97608938,0.0015600500000232387,1.0000000031595846e-05,0.0015500499999916428,n00000219,n00000219,n00000219,1,1
5138,Other,374.10272259,374.10272425,374.10267883,1.6600000094513234e-06,-4.375999998273983e-05,4.541999999219115e-05,n00000078,n00000078,n00000078,1,1
5139,Other,381.07600022,381.07599351,381.07540517,-6.710000036491692e-06,-0.0005950500000153625,0.0005883399999788708,n00000235,n00000235,n00000235,1,1
5144,Other,374.61768324,374.61768315,374.6176869,-9.000001455206075e-08,3.660000004401809e-06,-3.7500000189538696e-06,n00000181,n00000181,n00000181,1,1
5151,Other,391.47700889,391.47480638,391.47700889,-0.0022025099999609665,0.0,-0.0022025099999609665,n00000219,n00000219,n00000219,1,0
5152,Other,385.16660699,385.08353491,385.16660282,-0.08307207999996535,-4.170000011072261e-06,-0.08306790999995428,n00000180,n00000180,n00000180,1,1
5154,Other,387.31693317,387.32790154,387.31693317,0.010968370000000505,0.0,0.010968370000000505,n00000218,n00000218,n00000218,1,0
5157,Other,377.72944614,377.72944583,377.78400317,-3.1000001854408765e-07,0.05455703000001222,-0.05455734000003076,n00000195,n00000195,n00000195,1,1
5161,Other,373.60947825,373.60947786,373.60947839,-3.8999996831989847e-07,1.3999999737279722e-07,-5.299999656926957e-07,n00000218,n00000218,n00000218,1,1
5163,Other,374.76343127,374.76347215,375.02138424,4.0879999971821235e-05,0.25795296999996253,-0.2579120899999907,n00000173,n00000173,n00000173,1,1
5168,Other,397.51627565,397.51627565,397.51627565,0.0,0.0,0.0,n00000232,n00000232,n00000232,0,0
5171,Other,367.54690656,367.54680706,367.54690656,-9.950000003300374e-05,0.0,-9.950000003300374e-05,n00000185,n00000185,n00000185,1,0
5174,Other,379.32888057,379.32888057,379.32888055,0.0,-2.0000015865662135e-08,2.0000015865662135e-08,n00000040,n00000040,n00000040,0,1
5178,Other,380.44698393,380.44698393,380.43970298,0.0,-0.007280949999994846,0.007280949999994846,n00000184,n00000184,n00000184,0,1
5179,Other,379.1838093,379.23112464,379.1838093,0.047315340000011474,0.0,0.047315340000011474,n00000222,n00000222,n00000222,1,0
5183,Other,383.00239418,383.00148387,382.96515766,-0.0009103099999947517,-0.037236520000021756,0.036326210000027004,n00000200,n00000200,n00000200,1,1
5185,Other,388.07753293,388.07753293,388.07753293,0.0,0.0,0.0,n00000151,n00000151,n00000151,0,0
5186,Other,389.22918677,389.22920355,389.22945989,1.6780000009930518e-05,0.0002731199999743694,-0.0002563399999644389,n00000078,n00000078,n00000078,1,1
5189,Other,425.1292179,425.1292179,425.1292179,0.0,0.0,0.0,n00000151,n00000151,n00000151,0,0
5192,Other,387.17719684,387.17719684,387.17719684,0.0,0.0,0.0,n00000233,n00000233,n00000233,0,0
5194,Other,367.99126461,368.3200588,367.99126414,0.3287941900000533,-4.6999997493912815e-07,0.3287946600000282,n00000105,n00000107,n00000105,1,1
5209,Other,376.63602865,376.6360281,376.63602248,-5.500000384017767e-07,-6.170000006022747e-06,5.61999996762097e-06,n00000180,n00000180,n00000180,1,1
5211,Other,381.26906227,381.26018765,381.26906227,-0.008874620000028699,0.0,-0.008874620000028699,n00000216,n00000216,n00000216,1,0
5214,Other,367.71715384,367.60131716,367.7171168,-0.1158366799999726,-3.703999999515872e-05,-0.11579963999997744,n00000105,n00000105,n00000105,1,1
5215,Other,393.70131443,393.6857476,393.70131443,-0.015566830000011578,0.0,-0.015566830000011578,n00000215,n00000215,n00000215,1,0
5218,Other,379.19750746,379.19750718,379.37006073,-2.7999999474559445e-07,0.17255326999998033,-0.17255354999997508,n00000195,n00000195,n00000195,1,1
5221,Other,384.07762166,384.07762166,384.07762166,0.0,0.0,0.0,n00000186,n00000186,n00000186,0,0
5223,Other,378.58569572,378.58569543,378.58837772,-2.900000026784255e-07,0.002681999999992968,-0.002682289999995646,n00000182,n00000182,n00000182,1,1
5224,Other,382.23185268,382.23185081,382.23392011,-1.8699999486671004e-06,0.0020674300000109724,-0.0020692999999596395,n00000183,n00000183,n00000183,1,1
5226,Other,376.06580936,376.06580936,376.06580935,0.0,-1.0000007932831068e-08,1.0000007932831068e-08,n00000182,n00000182,n00000182,0,1
5230,Other,365.60431103,365.62743508,365.60431094,0.023124049999978524,-9.000001455206075e-08,0.023124139999993076,n00000143,n00000143,n00000143,1,1
5233,Other,368.10517755,368.10459065,368.10517756,-0.0005869000000302549,1.0000007932831068e-08,-0.0005869100000381877,n00000105,n00000105,n00000105,1,1
5237,Other,391.67560997,391.67560997,391.67560997,0.0,0.0,0.0,n00000077,n00000077,n00000077,0,0
5241,Other,368.06517564,368.06551393,368.06547561,0.00033829000000196174,0.0002999700000145822,3.831999998737956e-05,n00000185,n00000185,n00000185,1,1
5245,Other,390.46594059,390.46594059,390.46594059,0.0,0.0,0.0,n00000232,n00000232,n00000232,0,0
5248,Other,370.98330264,370.9833299,370.98321259,2.7260000024398323e-05,-9.004999998296626e-05,0.00011731000000736458,n00000181,n00000181,n00000181,1,1
5250,Other,383.35356558,383.50203815,383.35356681,0.14847256999996716,1.2300000094001007e-06,0.14847133999995776,n00000222,n00000222,n00000222,1,1
5254,Other,366.96220875,366.96083738,366.96216838,-0.001371370000015304,-4.03700000219942e-05,-0.0013309999999933098,n00000056,n00000056,n00000056,1,1
5255,Other,387.85571763,387.85571763,387.85571763,0.0,0.0,0.0,n00000265,n00000265,n00000265,0,0
5256,Other,394.9242719,394.92422997,394.92225605,-4.193000000896063e-05,-0.0020158500000206914,0.0019739200000117307,n00000078,n00000078,n00000078,1,1
5263,Other,377.40024988,377.40024988,377.40024988,0.0,0.0,0.0,n00000151,n00000151,n00000151,0,0
5267,Other,385.88092832,385.88103019,385.8809286,0.00010186999998040847,2.7999999474559445e-07,0.00010158999998566287,n00000317,n00000317,n00000317,1,1
5269,Other,386.39482415,386.38744141,386.39482432,-0.007382739999968635,1.7000002117129043e-07,-0.007382909999989806,n00000181,n00000181,n00000181,1,1
5272,Other,395.38377651,394.08190678,395.38290713,-1.3018697300000213,-0.0008693800000401097,-1.3010003499999812,n00000199,n00000199,n00000199,1,1
5273,Other,398.62323021,398.62323021,398.62323021,0.0,0.0,0.0,n00000151,n00000151,n00000151,0,0
5277,Other,378.76045571,379.34363009,378.76055467,0.5831743800000027,9.89600000025348e-05,0.5830754200000001,n00000220,n00000220,n00000220,1,1
5285,Other,376.1485378,376.1485568,376.14853189,1.900000000887303e-05,-5.9099999702993955e-06,2.4909999979172426e-05,n00000220,n00000220,n00000220,1,1
5286,Other,377.12235077,377.1214152,377.12231809,-0.0009355700000241995,-3.268000000389293e-05,-0.0009028900000203066,n00000078,n00000078,n00000078,1,1
5287,Other,373.4198906,373.41989092,373.42008707,3.200000264769187e-07,0.0001964700000485209,-0.00019615000002204397,n00000183,n00000183,n00000183,1,1
5289,Other,380.68659638,380.68640644,380.68650656,-0.00018994000004113332,-8.982000002788482e-05,-0.0001001200000132485,n00000180,n00000180,n00000180,1,1
5290,Other,396.9739356,396.9739356,396.9739356,0.0,0.0,0.0,n00000077,n00000077,n00000077,0,0
5291,Other,392.60959952,392.60851085,392.60959952,-0.001088670000001457,0.0,-0.001088670000001457,n00000181,n00000181,n00000181,1,0
5292,Other,371.02743392,371.34727254,371.02743392,0.31983861999998453,0.0,0.31983861999998453,n00000107,n00000107,n00000107,1,0
5302,Other,393.43774079,393.43774079,393.43774079,0.0,0.0,0.0,n00000027,n00000027,n00000027,0,0
5305,Other,385.11526119,385.11526361,385.11526122,2.419999987068877e-06,2.999996695507434e-08,2.3900000201138027e-06,n00000318,n00000318,n00000318,1,1
5306,Other,369.16683632,369.16683631,369.17002085,-1.0000007932831068e-08,0.003184529999998631,-0.003184540000006564,n00000182,n00000182,n00000182,1,1
5308,Other,374.4498538,374.4498538,374.45014442,0.0,0.0002906199999870296,-0.0002906199999870296,n00000182,n00000182,n00000182,0,1
5310,Other,375.38308132,375.38308132,375.38355431,0.0,0.0004729900000484122,-0.0004729900000484122,n00000182,n00000182,n00000182,0,1
5314,Other,362.57862621,362.5786332,362.57827966,6.990000031237287e-06,-0.0003465499999606436,0.0003535399999918809,n00000185,n00000185,n00000185,1,1
5316,Other,367.15673601,367.15578888,367.15562369,-0.0009471299999859184,-0.001112319999947431,0.0001651899999615125,n00000180,n00000180,n00000180,1,1
5318,Other,369.52337959,369.52337943,369.52337971,-1.6000001323845936e-07,1.199999815071351e-07,-2.7999999474559445e-07,n00000185,n00000185,n00000185,1,1
5319,Other,396.01933278,396.01904164,396.01933085,-0.00029114000000163287,-1.929999996264087e-06,-0.0002892100000053688,n00000200,n00000200,n00000200,1,1
5320,Other,390.99236772,390.99236779,390.99236772,6.999999868639861e-08,0.0,6.999999868639861e-08,n00000204,n00000204,n00000204,1,0
5325,Other,375.76007314,375.76007314,375.76000618,0.0,-6.69599999696402e-05,6.69599999696402e-05,n00000078,n00000078,n00000078,0,1
5327,Other,362.95881611,363.25761342,362.95893413,0.29879730999999765,0.0001180200000021614,0.2986792899999955,n00000185,n00000185,n00000185,1,1
5329,Other,364.25860915,364.25860914,364.25840139,-1.0000007932831068e-08,-0.00020775999996658356,0.00020774999995865073,n00000185,n00000185,n00000185,1,1
5337,Other,386.811834,386.811834,386.811834,0.0,0.0,0.0,n00000196,n00000196,n00000196,0,0
5340,Other,359.47176101,359.47129177,359.47176839,-0.0004692400000294583,7.379999999557185e-06,-0.0004766200000290155,n00000185,n00000185,n00000185,1,1
5350,Other,406.71374823,406.71374823,406.71374823,0.0,0.0,0.0,n00000151,n00000151,n00000151,0,0
5351,Other,395.47895775,395.47895773,395.47895775,-2.0000015865662135e-08,0.0,-2.0000015865662135e-08,n00000246,n00000246,n00000246,1,0
5359,Other,380.92642124,380.92642124,380.92518822,0.0,-0.001233020000029228,0.001233020000029228,n00000078,n00000078,n00000078,0,1
5360,Other,392.04202172,391.96240548,392.04202172,-0.07961624000000711,0.0,-0.07961624000000711,n00000220,n00000220,n00000220,1,0
5361,Other,384.71091947,384.71091947,384.71114325,0.0,0.00022377999999889653,-0.00022377999999889653,n00000183,n00000183,n00000183,0,1
5365,Other,389.5948638,389.58716539,389.5948638,-0.007698409999989053,0.0,-0.007698409999989053,n00000142,n00000142,n00000142,1,0
5368,Other,406.81504904,406.815049,406.81504904,-4.000003173132427e-08,0.0,-4.000003173132427e-08,n00000196,n00000196,n00000196,1,0
5370,Other,372.36592751,372.36615145,372.36590787,0.000223940000012135,-1.964000000498345e-05,0.00024358000001711844,n00000107,n00000107,n00000107,1,1
5377,Other,391.80094704,391.80094704,391.80094704,0.0,0.0,0.0,n00000186,n00000186,n00000186,0,0
5379,Other,372.00093265,372.00092713,372.01295881,-5.520000001979497e-06,0.012026160000004893,-0.012031680000006872,n00000183,n00000183,n00000183,1,1
5381,Other,374.03214673,374.36565511,374.03214693,0.3335083799999552,1.9999998812636477e-07,0.33350817999996707,n00000107,n00000107,n00000107,1,1
5384,Other,369.27540793,369.25259988,369.27541677,-0.02280804999998054,8.840000020882144e-06,-0.022816890000001422,n00000185,n00000185,n00000185,1,1
5385,Other,370.05004182,370.05004301,370.04982794,1.1900000345121953e-06,-0.00021387999998978557,0.00021507000002429777,n00000183,n00000183,n00000183,1,1
5387,Other,365.10478062,365.10469605,365.10475938,-8.457000001271808e-05,-2.1239999966837786e-05,-6.33300000458803e-05,n00000187,n00000187,n00000187,1,1
5393,Other,380.09596735,380.09596735,380.09596108,0.0,-6.2700000285076385e-06,6.2700000285076385e-06,n00000040,n00000040,n00000040,0,1
5395,Other,371.40346739,371.39983364,371.40346981,-0.0036337500000058753,2.419999987068877e-06,-0.003636169999992944,n00000185,n00000185,n00000185,1,1
5399,Other,397.64427788,397.64373239,397.64427788,-0.0005454899999790541,0.0,-0.0005454899999790541,n00000056,n00000056,n00000056,1,0
5400,Other,372.54448583,372.54949935,372.54449227,0.005013520000034077,6.43999999283551e-06,0.005007080000041242,n00000107,n00000107,n00000107,1,1
5401,Other,370.46414859,370.46414795,370.4622239,-6.399999961104186e-07,-0.0019246899999529887,0.0019240499999568783,n00000185,n00000185,n00000185,1,1
5404,Other,366.36178302,366.36178302,366.35178836,0.0,-0.00999466000001803,0.00999466000001803,n00000184,n00000184,n00000184,0,1
5408,Other,388.8245302,388.8245302,388.8245302,0.0,0.0,0.0,n00000077,n00000077,n00000077,0,0
5416,Other,385.69545981,385.69545981,385.69166445,0.0,-0.0037953599999696053,0.0037953599999696053,n00000078,n00000078,n00000078,0,1
5423,Other,373.95021257,373.95453736,373.95021257,0.004324789999998302,0.0,0.004324789999998302,n00000107,n00000107,n00000107,1,0
5424,Other,386.39795498,386.39795498,386.39795498,0.0,0.0,0.0,n00000077,n00000077,n00000077,0,0
5432,Other,372.44112161,372.44047168,372.44109688,-0.0006499300000086805,-2.4730000006911723e-05,-0.0006252000000017688,n00000181,n00000181,n00000181,1,1
5436,Other,373.94241638,373.94710492,373.94241585,0.004688540000017838,-5.300000225361146e-07,0.004689070000040374,n00000107,n00000107,n00000107,1,1
5440,Other,396.80167678,396.80182617,396.80167967,0.0001493900000468784,2.890000018851424e-06,0.000146500000028027,n00000318,n00000318,n00000318,1,1
5443,Other,376.76494609,376.76494609,376.76667841,0.0,0.0017323199999736971,-0.0017323199999736971,n00000182,n00000182,n00000182,0,1
5444,Other,375.35935464,375.35935464,375.35941372,0.0,5.9080000028188806e-05,-5.9080000028188806e-05,n00000182,n00000182,n00000182,0,1
5446,Other,382.64804825,382.64804825,382.64806693,0.0,1.868000003923953e-05,-1.868000003923953e-05,n00000182,n00000182,n00000182,0,1
5447,Other,385.50192897,385.4225999,385.50192899,-0.07932906999997158,2.0000015865662135e-08,-0.07932908999998745,n00000142,n00000142,n00000142,1,1
5448,Other,376.79992869,376.79848034,376.80374943,-0.0014483499999755622,0.0038207399999805602,-0.0052690899999561225,n00000182,n00000182,n00000182,1,1
5454,Other,365.38346205,365.38346215,365.38346205,1.0000002248489182e-07,0.0,1.0000002248489182e-07,n00000185,n00000185,n00000185,1,0
5456,Other,383.17910514,383.17910514,383.17910514,0.0,0.0,0.0,n00000077,n00000077,n00000077,0,0
5461,Other,369.77138768,369.77384542,369.76620458,0.0024577400000111993,-0.005183099999953811,0.00764083999996501,n00000182,n00000182,n00000182,1,1
5462,Other,364.18072217,364.18071005,364.18247719,-1.2120000008053466e-05,0.0017550199999618599,-0.0017671399999699133,n00000185,n00000185,n00000185,1,1
5471,Other,391.30525409,391.30525409,391.30525409,0.0,0.0,0.0,n00000077,n00000077,n00000077,0,0
5478,Other,382.42813177,382.42310856,381.9712229,-0.005023209999990286,-0.4569088700000066,0.4518856600000163,n00000220,n00000220,n00000220,1,1
5482,Other,389.9407016,389.9407016,389.9407016,0.0,0.0,0.0,n00000077,n00000077,n00000077,0,0
5488,Other,385.26677776,385.24264064,385.26677922,-0.02413712000003443,1.4599999644815398e-06,-0.02413857999999891,n00000181,n00000181,n00000181,1,1
5491,Other,378.92625511,378.92625173,378.91970427,-3.3800000096562144e-06,-0.006550839999988511,0.006547459999978855,n00000078,n00000078,n00000078,1,1
5492,Other,390.38382113,390.38211894,390.3838187,-0.0017021900000031565,-2.429999995001708e-06,-0.0016997600000081547,n00000078,n00000078,n00000078,1,1
5493,Other,381.92071291,381.92071291,381.92066232,0.0,-5.0590000000738655e-05,5.0590000000738655e-05,n00000078,n00000078,n00000078,0,1
5494,Other,379.4012643,379.40041657,379.4012643,-0.0008477299999753996,0.0,-0.0008477299999753996,n00000220,n00000220,n00000220,1,0
5495,Other,380.32933336,380.33032258,380.3232848,0.000989219999951274,-0.006048560000010639,0.007037779999961913,n00000078,n00000078,n00000078,1,1
5496,Other,380.41219789,380.41219789,380.41123788,0.0,-0.0009600100000284328,0.0009600100000284328,n00000078,n00000078,n00000078,0,1
5500,Other,375.01885947,375.01885316,375.01822904,-6.310000003395544e-06,-0.0006304300000010699,0.0006241199999976743,n00000180,n00000180,n00000180,1,1
5507,Other,397.08541008,397.0720853,397.08541008,-0.013324779999948078,0.0,-0.013324779999948078,n00000142,n00000142,n00000142,1,0
5508,Other,374.39671726,374.40414915,374.39671506,0.007431890000020758,-2.19999998307685e-06,0.007434090000003835,n00000107,n00000107,n00000107,1,1
5509,Other,372.21503926,372.21055609,372.21503217,-0.004483170000014525,-7.0900000537221786e-06,-0.0044760799999608025,n00000104,n00000104,n00000104,1,1
5512,Other,378.19091416,378.21974938,378.19091416,0.028835220000019035,0.0,0.028835220000019035,n00000107,n00000107,n00000107,1,0
5513,Other,375.60377523,375.76234026,375.60377523,0.15856502999997701,0.0,0.15856502999997701,n00000107,n00000107,n00000107,1,0
5514,Other,399.65648937,399.65648937,399.65648937,0.0,0.0,0.0,n00000130,n00000130,n00000130,0,0
5518,Other,383.85682158,383.76539694,383.85682158,-0.09142463999995698,0.0,-0.09142463999995698,n00000143,n00000143,n00000143,1,0
5519,Other,375.85287286,375.85281793,375.87423974,-5.492999997613879e-05,0.02136688000001641,-0.021421809999992547,n00000182,n00000182,n00000182,1,1
5520,Other,387.23475346,387.16766139,387.23476596,-0.06709207000000106,1.2500000025283953e-05,-0.06710457000002634,n00000181,n00000181,n00000181,1,1
5521,Other,392.4954685,392.46096719,392.4954685,-0.03450130999999601,0.0,-0.03450130999999601,n00000142,n00000142,n00000142,1,0
5531,Other,378.11451421,378.11451406,378.11650328,-1.500000053056283e-07,0.0019890700000360084,-0.001989220000041314,n00000182,n00000182,n00000182,1,1
5533,Other,377.00920279,377.00920725,377.00923219,4.459999956907268e-06,2.9399999959878187e-05,-2.494000000297092e-05,n00000182,n00000182,n00000182,1,1
5535,Other,377.36762678,377.36762678,377.36764217,0.0,1.5389999987291958e-05,-1.5389999987291958e-05,n00000182,n00000182,n00000182,0,1
5536,Other,379.6726765,379.67276374,379.66877392,8.723999997073406e-05,-0.0039025800000445088,0.003989820000015243,n00000193,n00000193,n00000193,1,1
5537,Other,379.32328515,379.32328513,379.32323702,-2.0000015865662135e-08,-4.8129999981938454e-05,4.810999996607279e-05,n00000180,n00000180,n00000180,1,1
5544,Other,376.78066966,376.78066817,376.78066984,-1.489999988280033e-06,1.7999997226070263e-07,-1.6699999605407356e-06,n00000184,n00000184,n00000184,1,1
5546,Other,365.56982445,365.56979025,365.56982465,-3.4200000015971455e-05,1.9999998812636477e-07,-3.440000000409782e-05,n00000185,n00000185,n00000185,1,1
5548,Other,378.4587905,378.55217625,378.45879193,0.09338574999998173,1.4299999975264654e-06,0.0933843199999842,n00000215,n00000222,n00000215,1,1
5552,Other,361.76811026,361.76706945,361.76810798,-0.0010408100000063314,-2.27999998969608e-06,-0.0010385300000166353,n00000185,n00000185,n00000185,1,1
5554,Other,393.4226192,393.4240829,393.42265634,0.0014636999999879663,3.7140000017643615e-05,0.0014265599999703227,n00000318,n00000318,n00000318,1,1
5560,Other,387.26476971,387.26476977,387.26476971,5.999999075356754e-08,0.0,5.999999075356754e-08,n00000233,n00000233,n00000233,1,0
5561,Other,386.53789229,386.530752,386.53788214,-0.007140289999995275,-1.0149999980058055e-05,-0.007130140000015217,n00000200,n00000200,n00000200,1,1
5563,Other,400.94254281,400.94254281,400.94254281,0.0,0.0,0.0,n00000233,n00000233,n00000233,0,0
5570,Other,374.41316823,374.4129839,374.38957339,-0.00018433000002460176,-0.023594839999987016,0.023410509999962414,n00000078,n00000078,n00000078,1,1
5573,Other,386.87938049,386.87938049,386.87938049,0.0,0.0,0.0,n00000233,n00000233,n00000233,0,0
5576,Other,367.97470935,367.63169474,367.97470935,-0.34301461000001154,0.0,-0.34301461000001154,n00000105,n00000107,n00000105,1,0
5579,Other,383.59656563,383.59656563,383.59656563,0.0,0.0,0.0,n00000077,n00000077,n00000077,0,0
5580,Other,378.10015795,378.10015274,378.09956904,-5.209999983435409e-06,-0.0005889099999762948,0.0005836999999928594,n00000105,n00000105,n00000105,1,1
5584,Other,378.74501286,378.74454099,378.74501266,-0.00047186999995574297,-1.9999998812636477e-07,-0.0004716699999676166,n00000220,n00000220,n00000220,1,1
5588,Other,381.15122,381.14699611,381.15123402,-0.004223890000048414,1.401999998051906e-05,-0.004237910000028933,n00000183,n00000183,n00000183,1,1
5589,Other,370.54805858,370.54805806,370.54914141,-5.199999577598646e-07,0.001082830000029844,-0.001083349999987604,n00000185,n00000185,n00000185,1,1
5590,Other,382.73407393,382.71914144,382.73407393,-0.014932490000035159,0.0,-0.014932490000035159,n00000181,n00000181,n00000181,1,0
5591,Other,379.6962675,379.60408869,379.69626749,-0.09217880999995032,-9.999951089412207e-09,-0.09217879999999923,n00000107,n00000107,n00000107,1,1
5596,Other,389.08888736,389.08888736,389.08888736,0.0,0.0,0.0,n00000077,n00000077,n00000077,0,0
5599,Other,375.73303419,375.73303419,375.72688641,0.0,-0.0061477799999920535,0.0061477799999920535,n00000187,n00000187,n00000187,0,1
5602,Other,375.22174731,375.22174731,375.22834696,0.0,0.006599649999998292,-0.006599649999998292,n00000182,n00000182,n00000182,0,1
5606,Other,381.31514903,381.31514903,381.31517984,0.0,3.080999999838241e-05,-3.080999999838241e-05,n00000182,n00000182,n00000182,0,1
5609,Other,374.52565428,374.52565428,374.50748121,0.0,-0.018173070000045755,0.018173070000045755,n00000040,n00000040,n00000040,0,1
5611,Other,372.61237727,372.61271061,372.63465483,0.00033333999999740627,0.022277559999963614,-0.021944219999966208,n00000182,n00000182,n00000182,1,1
5613,Other,397.38209452,397.38043542,397.38209452,-0.0016590999999834821,0.0,-0.0016590999999834821,n00000202,n00000202,n00000202,1,0
5619,Other,369.07259442,369.07259031,369.07248684,-4.109999963475275e-06,-0.0001075799999625815,0.00010346999999910622,n00000184,n00000184,n00000184,1,1
5621,Other,364.53032015,364.53052747,364.53032125,0.0002073199999585995,1.0999999631167157e-06,0.0002062199999954828,n00000186,n00000186,n00000186,1,1
5622,Other,395.60262438,395.60262333,395.60262438,-1.050000037139398e-06,0.0,-1.050000037139398e-06,n00000265,n00000265,n00000265,1,0
5624,Other,370.93511499,370.93511499,370.93398886,0.0,-0.0011261299999887342,0.0011261299999887342,n00000184,n00000184,n00000184,0,1
5625,Other,370.91144035,370.91143612,370.91148734,-4.230000001825829e-06,4.6989999987090414e-05,-5.121999998891624e-05,n00000184,n00000184,n00000184,1,1
5637,Other,389.38517701,389.31042294,389.37968754,-0.07475406999998313,-0.0054894699999863406,-0.06926459999999679,n00000220,n00000220,n00000220,1,1
5639,Other,413.9693235,413.96930535,413.9693235,-1.8149999959859997e-05,0.0,-1.8149999959859997e-05,n00000200,n00000200,n00000200,1,0
5640,Other,403.61561141,403.61561141,403.61561141,0.0,0.0,0.0,n00000151,n00000151,n00000151,0,0
5650,Other,382.68091583,382.68091583,382.68072803,0.0,-0.00018779999999196662,0.00018779999999196662,n00000078,n00000078,n00000078,0,1
5653,Other,379.44438072,379.924009,379.50854577,0.4796282799999858,0.06416504999998551,0.4154632300000003,n00000078,n00000078,n00000199,1,1
5655,Other,374.15374362,374.15939078,374.15374362,0.005647160000023632,0.0,0.005647160000023632,n00000107,n00000107,n00000107,1,0
5658,Other,370.53482576,370.50290909,370.53482582,-0.03191666999998688,5.999999075356754e-08,-0.03191672999997763,n00000107,n00000107,n00000107,1,1
5660,Other,371.89724637,373.56799183,371.89724874,1.6707454599999778,2.3700000042481406e-06,1.6707430899999736,n00000104,n00000107,n00000104,1,1
5661,Other,368.37826626,369.8634057,368.37826624,1.4851394400000117,-1.9999959022243274e-08,1.4851394599999708,n00000104,n00000107,n00000104,1,1
5667,Other,380.97851419,380.63262669,380.97851424,-0.34588750000000346,4.999998282073648e-08,-0.3458875499999863,n00000184,n00000184,n00000184,1,1
5669,Other,370.45423554,370.46781347,370.45294743,0.01357792999999674,-0.0012881100000186052,0.014866040000015346,n00000181,n00000181,n00000181,1,1
5675,Other,383.16039463,383.16039463,383.16514978,0.0,0.004755149999994046,-0.004755149999994046,n00000195,n00000195,n00000195,0,1
5677,Other,387.27915695,387.27915695,387.27915695,0.0,0.0,0.0,n00000186,n00000186,n00000186,0,0
5678,Other,374.18924917,374.18924917,374.18935035,0.0,0.00010118000000147731,-0.00010118000000147731,n00000182,n00000182,n00000182,0,1
5686,Other,376.30801113,376.308011,376.30961986,-1.2999998943996616e-07,0.0016087299999867355,-0.0016088599999761755,n00000182,n00000182,n00000182,1,1
5687,Other,386.74351112,386.68008169,386.74358147,-0.06342942999998513,7.034999998722924e-05,-0.06349977999997236,n00000187,n00000187,n00000187,1,1
5688,Other,368.98867723,369.09247882,368.98885349,0.10380158999998912,0.00017625999998927,0.10362532999999985,n00000222,n00000222,n00000222,1,1
5690,Other,373.5608128,373.56081258,373.56063439,-2.200000039920269e-07,-0.0001784099999895261,0.0001781899999855341,n00000180,n00000180,n00000180,1,1
5697,Other,367.68089734,367.68089894,367.68102645,1.6000000186977559e-06,0.00012910999998894113,-0.00012750999997024337,n00000184,n00000184,n00000184,1,1
5701,Other,383.67955151,383.67955151,383.66437775,0.0,-0.01517375999998194,0.01517375999998194,n00000169,n00000169,n00000169,0,1
5706,Other,367.19309196,367.18691615,367.19309205,-0.006175810000002002,9.000001455206075e-08,-0.006175900000016554,n00000202,n00000202,n00000202,1,1
5716,Other,375.62391773,375.62391569,375.61431961,-2.0400000266818097e-06,-0.009598120000021026,0.009596079999994345,n00000078,n00000078,n00000078,1,1
5718,Other,388.59915371,388.59915371,388.59915371,0.0,0.0,0.0,n00000232,n00000232,n00000232,0,0
5723,Other,374.03720687,374.03720687,374.03943579,0.0,0.0022289200000500387,-0.0022289200000500387,n00000184,n00000184,n00000184,0,1
5727,Other,383.15720888,383.15721668,383.15720904,7.799999991675577e-06,1.6000001323845936e-07,7.639999978437118e-06,n00000317,n00000317,n00000317,1,1
5728,Other,380.70942046,380.70942046,380.70934249,0.0,-7.797000000664411e-05,7.797000000664411e-05,n00000078,n00000078,n00000078,0,1
5732,Other,364.39279562,364.39242432,364.39439916,-0.0003713000000402644,0.0016035399999623223,-0.0019748400000025867,n00000185,n00000185,n00000185,1,1
5737,Other,394.68942854,394.68404924,394.68942855,-0.005379300000015519,1.0000007932831068e-08,-0.005379310000023452,n00000180,n00000180,n00000180,1,1
5738,Other,380.23864372,380.23864445,380.23864323,7.299999538190605e-07,-4.900000476482091e-07,1.2200000014672696e-06,n00000180,n00000180,n00000180,1,1
5739,Other,378.37052337,378.33911077,378.37052334,-0.031412600000010116,-3.00000237984932e-08,-0.03141256999998632,n00000180,n00000180,n00000180,1,1
5740,Other,382.7223311,382.7223311,382.7223311,0.0,0.0,0.0,n00000186,n00000186,n00000186,0,0
5742,Other,381.95294399,381.95293775,381.95294387,-6.240000004709145e-06,-1.199999815071351e-07,-6.12000002320201e-06,n00000180,n00000180,n00000180,1,1
5746,Other,380.54134657,380.54134657,380.54134699,0.0,4.2000004896181053e-07,-4.2000004896181053e-07,n00000186,n00000186,n00000186,0,1
5748,Other,388.52531977,388.5253216,388.52531977,1.829999973779195e-06,0.0,1.829999973779195e-06,n00000082,n00000082,n00000082,1,0
5750,Other,370.5752826,370.57528254,370.57536077,-5.999999075356754e-08,7.816999999477048e-05,-7.822999998552405e-05,n00000184,n00000184,n00000184,1,1
5752,Other,377.44564932,377.44564961,377.45440499,2.900000026784255e-07,0.008755670000027749,-0.00875538000002507,n00000182,n00000182,n00000182,1,1
5753,Other,384.65604991,384.65605033,384.65612566,4.2000004896181053e-07,7.57500000077016e-05,-7.532999995873979e-05,n00000182,n00000182,n00000182,1,1
5755,Other,373.48196303,373.48196303,373.48737787,0.0,0.005414840000014465,-0.005414840000014465,n00000182,n00000182,n00000182,0,1
5769,Other,379.95546573,379.99253327,379.95546579,0.03706754000000956,5.999999075356754e-08,0.037067480000018804,n00000218,n00000218,n00000218,1,1
5771,Other,388.73924814,388.73314583,388.73924814,-0.006102309999960198,0.0,-0.006102309999960198,n00000221,n00000221,n00000221,1,0
5772,Other,380.36594575,380.36594577,380.63394432,2.0000015865662135e-08,0.2679985700000316,-0.2679985500000157,n00000173,n00000173,n00000173,1,1
5773,Other,407.77358102,407.77321063,407.77357327,-0.0003703900000004978,-7.75000000885484e-06,-0.000362639999991643,n00000200,n00000200,n00000200,1,1
5777,Other,393.06487401,393.06487398,393.06487401,-2.999996695507434e-08,0.0,-2.999996695507434e-08,n00000317,n00000317,n00000317,1,0
5789,Other,368.91743687,368.86911103,368.9174369,-0.04832584000001816,2.999996695507434e-08,-0.048325869999985116,n00000105,n00000105,n00000105,1,1
5790,Other,388.05130177,388.05130177,388.01320028,0.0,-0.038101490000030935,0.038101490000030935,n00000064,n00000064,n00000064,0,1
5798,Other,373.0801335,373.07543452,373.08440783,-0.004698980000000574,0.004274329999987003,-0.008973309999987578,n00000183,n00000183,n00000183,1,1
5801,Other,380.88536406,380.97050006,380.88536406,0.08513600000003407,0.0,0.08513600000003407,n00000222,n00000222,n00000222,1,0
5803,Other,388.96760202,388.98173495,388.96760202,0.014132929999959742,0.0,0.014132929999959742,n00000215,n00000215,n00000215,1,0
5806,Other,385.14948818,385.14948818,385.14948838,0.0,1.9999998812636477e-07,-1.9999998812636477e-07,n00000082,n00000082,n00000082,0,1
5807,Other,393.31261063,393.31261089,393.31261063,2.599999788799323e-07,0.0,2.599999788799323e-07,n00000187,n00000187,n00000187,1,0
5810,Other,384.74055505,384.74055505,384.74058786,0.0,3.2809999993332895e-05,-3.2809999993332895e-05,n00000182,n00000182,n00000182,0,1
5817,Other,373.55373109,373.55427967,373.56695653,0.0005485800000428753,0.013225440000042,-0.012676859999999124,n00000107,n00000107,n00000107,1,1
5820,Other,385.83818432,385.82495873,385.83818563,-0.013225589999990461,1.3100000160193304e-06,-0.01322690000000648,n00000221,n00000221,n00000221,1,1
5822,Other,372.56096351,372.60784202,372.5609635,0.046878509999999096,-1.0000007932831068e-08,0.04687852000000703,n00000220,n00000220,n00000220,1,1
5825,Other,367.6305965,367.62530419,367.63061799,-0.005292310000015732,2.1489999994628306e-05,-0.00531380000001036,n00000185,n00000185,n00000185,1,1
5829,Other,358.3111013,358.31106548,358.3108382,-3.5819999993691454e-05,-0.00026310000004059475,0.0002272800000469033,n00000235,n00000235,n00000235,1,1
5830,Other,366.45366333,366.45497814,366.46984651,0.001314809999996669,0.016183180000041375,-0.014868370000044706,n00000185,n00000185,n00000185,1,1
5831,Other,359.0200223,359.01008979,359.02031038,-0.009932509999998729,0.0002880800000184536,-0.010220590000017182,n00000242,n00000242,n00000242,1,1
5832,Other,385.55051722,385.54834655,385.55051727,-0.002170669999998154,4.999998282073648e-08,-0.0021707199999809745,n00000265,n00000265,n00000265,1,1
5841,Other,391.45734823,391.43415959,391.45683351,-0.02318864000000076,-0.0005147199999555596,-0.0226739200000452,n00000078,n00000078,n00000078,1,1
5843,Other,377.06446245,377.06446302,377.06446245,5.6999999742402e-07,0.0,5.6999999742402e-07,n00000265,n00000265,n00000265,1,0
5845,Other,390.18628055,390.18628055,390.18628055,0.0,0.0,0.0,n00000151,n00000151,n00000151,0,0
5850,Other,402.16168971,402.16168971,402.16168971,0.0,0.0,0.0,n00000151,n00000151,n00000151,0,0
5855,Other,377.14121055,377.14114951,377.14178783,-6.103999999140797e-05,0.0005772800000158895,-0.0006383200000072975,n00000183,n00000183,n00000183,1,1
5858,Other,385.11817859,385.11817858,385.11708865,-1.0000007932831068e-08,-0.001089939999985745,0.0010899299999778123,n00000078,n00000078,n00000078,1,1
5861,Other,378.27856931,378.27864347,378.27856918,7.415999999693668e-05,-1.3000004628338502e-07,7.429000004322006e-05,n00000180,n00000180,n00000180,1,1
5866,Other,381.28874407,381.28341733,381.28874407,-0.005326739999986785,0.0,-0.005326739999986785,n00000104,n00000107,n00000104,1,0
5876,Other,392.72670044,392.74699142,392.72670044,0.020290979999970205,0.0,0.020290979999970205,n00000222,n00000222,n00000222,1,0
5878,Other,379.07652066,379.03441527,379.07652066,-0.04210539000001745,0.0,-0.04210539000001745,n00000216,n00000216,n00000216,1,0
5880,Other,393.60787169,393.57226618,393.60787169,-0.035605510000038976,0.0,-0.035605510000038976,n00000216,n00000216,n00000216,1,0
5892,Other,379.84558012,379.8455718,379.84405468,-8.32000000627886e-06,-0.0015254400000230817,0.0015171200000168028,n00000169,n00000169,n00000169,1,1
5893,Other,361.94970978,361.93339713,361.94969821,-0.016312649999974838,-1.156999996965169e-05,-0.016301080000005186,n00000142,n00000142,n00000142,1,1
5897,Other,365.93103954,365.86205069,365.93103968,-0.06898884999998245,1.4000005421621609e-07,-0.06898899000003667,n00000185,n00000185,n00000185,1,1
5898,Other,379.75652022,379.75651975,379.75652022,-4.70000031782547e-07,0.0,-4.70000031782547e-07,n00000220,n00000220,n00000220,1,0
5901,Other,379.85095173,379.85091358,379.8509519,-3.815000002305169e-05,1.6999996432787157e-07,-3.831999998737956e-05,n00000129,n00000129,n00000129,1,1
5902,Other,361.68644572,361.75883091,361.68678343,0.07238518999997723,0.0003377099999966049,0.07204747999998062,n00000241,n00000241,n00000241,1,1
5904,Other,361.67763863,361.68131862,361.67763893,0.003679990000023281,3.000000106112566e-07,0.0036796900000126698,n00000185,n00000185,n00000185,1,1
5905,Other,378.49776341,378.42050904,378.49776341,-0.07725436999999147,0.0,-0.07725436999999147,n00000056,n00000056,n00000056,1,0
5907,Other,389.14356923,389.14356923,389.14356924,0.0,9.999951089412207e-09,-9.999951089412207e-09,n00000181,n00000181,n00000181,0,1
5908,Other,401.24392385,401.24392385,401.24392385,0.0,0.0,0.0,n00000233,n00000233,n00000233,0,0
5912,Other,387.92890958,387.39597434,387.90152598,-0.532935239999972,-0.02738360000000739,-0.5055516399999647,n00000220,n00000220,n00000220,1,1
5914,Other,389.88594443,389.88594443,389.88594443,0.0,0.0,0.0,n00000233,n00000233,n00000233,0,0
5918,Other,385.67314473,385.67316176,383.06611175,1.7030000037721038e-05,-2.6070329799999854,2.607050010000023,n00000220,n00000220,n00000220,1,1
5919,Other,386.74259131,386.69053392,386.77622231,-0.05205739000001586,0.03363099999995711,-0.08568838999997297,n00000078,n00000078,n00000078,1,1
5923,Other,388.95351937,388.95351937,388.95351937,0.0,0.0,0.0,n00000151,n00000151,n00000151,0,0
5924,Other,395.36904581,395.36904581,395.36904581,0.0,0.0,0.0,n00000151,n00000151,n00000151,0,0
5928,Other,379.30930527,379.30928732,379.3093068,-1.7949999971733632e-05,1.5300000200113573e-06,-1.947999999174499e-05,n00000184,n00000184,n00000184,1,1
5937,Other,381.85932825,381.85932825,381.85976126,0.0,0.0004330100000515813,-0.0004330100000515813,n00000183,n00000183,n00000183,0,1
5948,Other,376.424563,376.12569104,376.40000079,-0.2988719599999854,-0.02456220999999914,-0.27430974999998625,n00000181,n00000181,n00000181,1,1
5954,Other,379.41273516,379.41273516,379.41273516,0.0,0.0,0.0,n00000187,n00000187,n00000187,0,0
5956,Other,377.67609545,377.67609546,377.68912131,1.0000007932831068e-08,0.013025860000027478,-0.013025850000019545,n00000182,n00000182,n00000182,1,1
5957,Other,374.97035431,374.9703543,374.9826832,-1.0000007932831068e-08,0.012328889999992043,-0.012328899999999976,n00000182,n00000182,n00000182,1,1
5959,Other,381.72761277,381.73196167,381.72767326,0.0043488999999681255,6.049000000984961e-05,0.004288409999958276,n00000318,n00000318,n00000318,1,1
5960,Other,376.61388462,376.34580916,376.61399742,-0.2680754600000341,0.00011279999995394974,-0.2681882599999881,n00000182,n00000182,n00000182,1,1
5962,Other,371.09194535,371.09194535,371.09213808,0.0,0.00019272999998065643,-0.00019272999998065643,n00000182,n00000182,n00000182,0,1
5965,Other,368.28584403,368.28584138,368.28584404,-2.649999998993735e-06,9.999951089412207e-09,-2.6599999500831473e-06,n00000185,n00000185,n00000185,1,1
5977,Other,375.86949179,375.86949173,375.86049722,-5.999999075356754e-08,-0.008994569999970281,0.008994509999979527,n00000184,n00000184,n00000184,1,1
5980,Other,363.75934134,363.75758107,363.75934081,-0.0017602699999770266,-5.299999656926957e-07,-0.001759740000011334,n00000185,n00000185,n00000185,1,1
5985,Other,378.31494528,378.31494528,378.31467198,0.0,-0.00027330000000347354,0.00027330000000347354,n00000078,n00000078,n00000078,0,1
5986,Other,404.25163013,404.25163013,404.25163013,0.0,0.0,0.0,n00000151,n00000151,n00000151,0,0
5988,Other,396.72857902,396.72857902,396.72857902,0.0,0.0,0.0,n00000151,n00000151,n00000151,0,0
5989,Other,403.43597566,403.43597566,403.43597566,0.0,0.0,0.0,n00000151,n00000151,n00000151,0,0
5990,Other,386.20313633,386.20313518,386.20313626,-1.150000002780871e-06,-6.999999868639861e-08,-1.0800000040944724e-06,n00000077,n00000077,n00000077,1,1
6000,Other,378.06957697,378.06960117,378.2159316,2.419999998437561e-05,0.14635462999996207,-0.1463304299999777,n00000183,n00000183,n00000183,1,1
6004,Health,378.76060403,378.76060403,378.76032312,0.0,-0.0002809100000149556,0.0002809100000149556,n00000124,n00000124,n00000124,0,1
6006,Health,368.44854194,368.25498625,368.44850552,-0.1935556899999824,-3.641999995807055e-05,-0.19351927000002433,n00000104,n00000104,n00000104,1,1
6008,Health,417.82696671,417.82696676,417.82696671,4.999998282073648e-08,0.0,4.999998282073648e-08,n00000030,n00000030,n00000030,1,0
6013,Health,395.00383563,395.00383563,395.00383563,0.0,0.0,0.0,n00000027,n00000027,n00000027,0,0
6015,Health,383.06122245,383.06100605,383.06122245,-0.00021639999999933934,0.0,-0.00021639999999933934,n00000217,n00000217,n00000217,1,0
6017,Health,386.84145935,386.84146032,386.84145935,9.700000305201684e-07,0.0,9.700000305201684e-07,n00000187,n00000187,n00000187,1,0
6018,Health,375.96252572,375.96252552,375.9658279,-1.9999998812636477e-07,0.003302180000048338,-0.0033023800000364645,n00000183,n00000183,n00000183,1,1
6019,Health,382.15545152,382.19950751,382.15542919,0.04405599000000393,-2.232999997886509e-05,0.044078319999982796,n00000218,n00000218,n00000218,1,1
6020,Health,386.61106639,386.60350998,386.5960016,-0.007556410000006508,-0.01506478999999672,0.007508379999990211,n00000040,n00000040,n00000040,1,1
6023,Health,386.36299083,386.44430524,386.3629798,0.0813144100000045,-1.1029999996026163e-05,0.08132544000000053,n00000221,n00000222,n00000221,1,1
6024,Health,389.37472414,389.37472414,389.37472414,0.0,0.0,0.0,n00000082,n00000082,n00000082,0,0
6030,Health,384.65107261,384.65107261,384.65107261,0.0,0.0,0.0,n00000082,n00000082,n00000082,0,0
6031,Health,382.37804768,382.37804768,382.37804768,0.0,0.0,0.0,n00000082,n00000082,n00000082,0,0
6033,Health,399.7993249,399.7993249,399.7993249,0.0,0.0,0.0,n00000027,n00000027,n00000027,0,0
6048,Health,399.06186282,399.06186282,399.06186282,0.0,0.0,0.0,n00000027,n00000027,n00000027,0,0
6053,Health,380.90565297,380.90565297,380.90565297,0.0,0.0,0.0,n00000187,n00000187,n00000187,0,0
6055,Health,380.36814842,380.36814771,380.36815254,-7.099999947968172e-07,4.119999971408106e-06,-4.829999966204923e-06,n00000187,n00000187,n00000187,1,1
6057,Health,383.54448779,383.54448779,383.54448779,0.0,0.0,0.0,n00000187,n00000187,n00000187,0,0
6060,Health,379.924593,379.924593,379.9245761,0.0,-1.6899999991437653e-05,1.6899999991437653e-05,n00000195,n00000195,n00000195,0,1
6063,Health,378.17078215,378.17078215,378.17078215,0.0,0.0,0.0,n00000083,n00000083,n00000083,0,0
6066,Health,385.82710497,385.82710497,385.82710497,0.0,0.0,0.0,n00000186,n00000186,n00000186,0,0
6071,Health,385.82184733,385.82184733,385.82184733,0.0,0.0,0.0,n00000186,n00000186,n00000186,0,0
6072,Health,398.43830765,398.4383078,398.43830765,1.500000053056283e-07,0.0,1.500000053056283e-07,n00000204,n00000204,n00000204,1,0
6081,Health,378.90421863,378.90735865,378.90421868,0.003140019999989363,4.999998282073648e-08,0.0031399700000065423,n00000187,n00000187,n00000187,1,1
6083,Health,385.8444245,385.8444245,385.8444245,0.0,0.0,0.0,n00000027,n00000027,n00000027,0,0
6087,Health,398.18072992,398.18072992,398.18072992,0.0,0.0,0.0,n00000027,n00000027,n00000027,0,0
6089,Health,392.01681256,392.01681256,392.01681256,0.0,0.0,0.0,n00000082,n00000082,n00000082,0,0
6090,Health,389.02271503,388.85298437,389.02271503,-0.1697306599999706,0.0,-0.1697306599999706,n00000143,n00000143,n00000143,1,0
6094,Health,385.53012976,385.53013388,385.53025425,4.119999971408106e-06,0.00012448999996195198,-0.00012036999999054387,n00000183,n00000183,n00000183,1,1
6096,Health,392.397402,392.397402,392.39740196,0.0,-3.999997488790541e-08,3.999997488790541e-08,n00000082,n00000082,n00000082,0,1
6097,Health,391.45876892,391.45876897,391.4587689,4.999998282073648e-08,-2.0000015865662135e-08,6.999999868639861e-08,n00000125,n00000125,n00000125,1,1
6110,Health,389.8844136,389.8844136,389.8844136,0.0,0.0,0.0,n00000027,n00000027,n00000027,0,0
6111,Health,385.04355236,385.04101717,385.04356371,-0.00253519000000324,1.1350000022503082e-05,-0.002546540000025743,n00000187,n00000187,n00000187,1,1
6112,Health,393.60578206,393.60578206,393.60578206,0.0,0.0,0.0,n00000027,n00000027,n00000027,0,0
6113,Health,400.50167369,400.50167369,400.50167369,0.0,0.0,0.0,n00000027,n00000027,n00000027,0,0
6115,Health,392.21914097,392.21914097,392.21914097,0.0,0.0,0.0,n00000027,n00000027,n00000027,0,0
6121,Health,371.83780689,371.83780563,371.82911572,-1.2600000331985939e-06,-0.008691170000020065,0.008689909999986867,n00000182,n00000182,n00000182,1,1
6129,Health,387.07300739,387.07300739,387.07300739,0.0,0.0,0.0,n00000083,n00000083,n00000083,0,0
6130,Health,375.0173142,375.0173142,375.01743723,0.0,0.00012302999999747044,-0.00012302999999747044,n00000187,n00000187,n00000187,0,1
6131,Health,377.21533692,377.20425977,377.21533692,-0.011077150000005531,0.0,-0.011077150000005531,n00000221,n00000221,n00000221,1,0
6137,Health,389.19714809,389.19714809,389.19714809,0.0,0.0,0.0,n00000083,n00000083,n00000083,0,0
6138,Health,387.6981347,387.6981347,387.6981347,0.0,0.0,0.0,n00000083,n00000083,n00000083,0,0
6140,Health,390.26162206,390.26162206,390.26162206,0.0,0.0,0.0,n00000083,n00000083,n00000083,0,0
6143,Health,387.66246206,387.66246206,387.66246206,0.0,0.0,0.0,n00000186,n00000186,n00000186,0,0
6153,Health,374.94771288,375.05484846,374.94771119,0.10713558000003331,-1.6899999764063978e-06,0.10713727000000972,n00000185,n00000185,n00000185,1,1
6154,Health,380.59175907,380.58810078,380.59148856,-0.0036582900000325935,-0.000270510000007107,-0.0033877800000254865,n00000187,n00000187,n00000187,1,1
6159,Health,391.41878778,391.41878778,391.41878777,0.0,-1.0000007932831068e-08,1.0000007932831068e-08,n00000125,n00000125,n00000125,0,1
6161,Health,385.72082253,385.72082253,385.72082252,0.0,-1.0000007932831068e-08,1.0000007932831068e-08,n00000187,n00000187,n00000187,0,1
6162,Health,387.67228931,387.67228931,387.67228779,0.0,-1.5200000120785262e-06,1.5200000120785262e-06,n00000125,n00000125,n00000125,0,1
6167,Health,391.9119573,391.9119573,391.9119573,0.0,0.0,0.0,n00000027,n00000027,n00000027,0,0
6172,Health,387.3794627,387.3794627,387.3794627,0.0,0.0,0.0,n00000082,n00000082,n00000082,0,0
6174,Health,389.33371814,389.33371814,389.33371814,0.0,0.0,0.0,n00000027,n00000027,n00000027,0,0
6176,Health,399.5029964,399.5029964,399.5029964,0.0,0.0,0.0,n00000027,n00000027,n00000027,0,0
6181,Health,394.02185616,394.02185616,394.02185616,0.0,0.0,0.0,n00000027,n00000027,n00000027,0,0
6193,Health,382.80024061,382.80024061,382.80024062,0.0,1.0000007932831068e-08,-1.0000007932831068e-08,n00000187,n00000187,n00000187,0,1
6198,Health,384.26407365,384.2640045,384.26280456,-6.915000000162763e-05,-0.0012690899999938665,0.0011999399999922389,n00000194,n00000194,n00000194,1,1
6206,Health,379.44620477,379.44620477,379.44620477,0.0,0.0,0.0,n00000195,n00000195,n00000195,0,0
6207,Health,391.29950226,391.29950226,391.29950226,0.0,0.0,0.0,n00000027,n00000027,n00000027,0,0
6213,Health,393.15974221,393.15974219,393.15824238,-2.0000015865662135e-08,-0.0014998300000002018,0.0014998099999843362,n00000040,n00000040,n00000040,1,1
6214,Health,374.74006383,374.74006383,374.74418729,0.0,0.004123460000016621,-0.004123460000016621,n00000183,n00000183,n00000183,0,1
6216,Health,384.10908087,384.2101007,384.10908105,0.10101982999998427,1.7999997226070263e-07,0.101019650000012,n00000222,n00000222,n00000222,1,1
6218,Health,382.64952072,382.64952072,382.64952072,0.0,0.0,0.0,n00000083,n00000083,n00000083,0,0
6222,Health,392.78741875,392.78741875,392.78741875,0.0,0.0,0.0,n00000082,n00000082,n00000082,0,0
6223,Health,387.55170485,387.55170485,387.55170485,0.0,0.0,0.0,n00000082,n00000082,n00000082,0,0
6224,Health,383.34003634,383.34003633,383.34003634,-1.0000007932831068e-08,0.0,-1.0000007932831068e-08,n00000082,n00000082,n00000082,1,0
6226,Health,392.68831504,392.68831504,392.68831504,0.0,0.0,0.0,n00000027,n00000027,n00000027,0,0
6230,Health,393.49354312,393.49354312,393.49354312,0.0,0.0,0.0,n00000027,n00000027,n00000027,0,0
6236,Health,396.61936375,396.61936375,396.61936375,0.0,0.0,0.0,n00000027,n00000027,n00000027,0,0
6240,Health,385.19960498,385.19960498,385.19960498,0.0,0.0,0.0,n00000027,n00000027,n00000027,0,0
6242,Health,386.86777521,386.86777521,386.86777521,0.0,0.0,0.0,n00000027,n00000027,n00000027,0,0
6252,Health,399.77014538,399.77014538,399.77014538,0.0,0.0,0.0,n00000027,n00000027,n00000027,0,0
6259,Health,389.8744687,389.8744687,389.8744687,0.0,0.0,0.0,n00000083,n00000083,n00000083,0,0
6263,Health,367.43808175,367.14022162,367.4387061,-0.29786013000000366,0.0006243500000095992,-0.29848448000001326,n00000184,n00000184,n00000184,1,1
6264,Health,386.5950778,386.5950778,386.5950778,0.0,0.0,0.0,n00000083,n00000083,n00000083,0,0
6277,Health,377.56747431,377.5674743,377.56529827,-1.0000007932831068e-08,-0.0021760399999948277,0.002176029999986895,n00000040,n00000040,n00000040,1,1
6280,Health,384.99423421,384.99423421,384.99423421,0.0,0.0,0.0,n00000083,n00000083,n00000083,0,0
6281,Health,386.84644306,386.84644306,386.84643829,0.0,-4.7700000322947744e-06,4.7700000322947744e-06,n00000082,n00000082,n00000082,0,1
6287,Health,380.9043345,380.84942874,380.90433454,-0.05490575999999692,3.999997488790541e-08,-0.054905799999971805,n00000215,n00000215,n00000215,1,1
6289,Health,389.49407773,389.47376481,389.49407773,-0.020312920000037593,0.0,-0.020312920000037593,n00000221,n00000221,n00000221,1,0
6291,Health,392.82097977,392.79816586,392.82097978,-0.022813910000024862,1.0000007932831068e-08,-0.022813920000032795,n00000221,n00000221,n00000221,1,1
6293,Health,381.07362768,381.10420879,381.07350296,0.030581109999957334,-0.00012472000003072026,0.030705829999988055,n00000183,n00000183,n00000183,1,1
6295,Health,379.57437654,379.57715037,379.5743788,0.002773830000023736,2.2599999738304177e-06,0.0027715700000499055,n00000187,n00000187,n00000187,1,1
6298,Health,377.26650463,377.26650657,377.26650491,1.940000004196918e-06,2.7999999474559445e-07,1.6600000094513234e-06,n00000187,n00000187,n00000187,1,1
6311,Health,388.32185933,388.32185934,388.32185933,1.0000007932831068e-08,0.0,1.0000007932831068e-08,n00000187,n00000187,n00000187,1,0
6321,Health,374.29908132,374.29908132,374.29972118,0.0,0.0006398599999783983,-0.0006398599999783983,n00000194,n00000194,n00000194,0,1
6330,Health,388.90285025,388.90285025,388.90285025,0.0,0.0,0.0,n00000083,n00000083,n00000083,0,0
6332,Health,394.14378621,394.14379534,394.14378621,9.13000002356057e-06,0.0,9.13000002356057e-06,n00000267,n00000267,n00000267,1,0
6333,Health,375.1565685,375.1565685,375.1565685,0.0,0.0,0.0,n00000082,n00000082,n00000082,0,0
6337,Health,388.03538173,387.99632914,388.03538173,-0.039052589999982956,0.0,-0.039052589999982956,n00000221,n00000221,n00000221,1,0
6338,Health,387.05729845,387.12095765,387.05729845,0.06365919999996095,0.0,0.06365919999996095,n00000218,n00000218,n00000218,1,0
6345,Health,381.80270012,381.80270012,381.80270012,0.0,0.0,0.0,n00000083,n00000083,n00000083,0,0
6346,Health,398.81906677,398.81906677,398.81906677,0.0,0.0,0.0,n00000187,n00000187,n00000187,0,0
6347,Health,385.97984974,385.97984974,386.01674036,0.0,0.03689061999995147,-0.03689061999995147,n00000126,n00000126,n00000126,0,1
6348,Health,389.01735506,389.01735506,389.01735506,0.0,0.0,0.0,n00000082,n00000082,n00000082,0,0
6354,Health,399.20599133,399.20599133,399.20599133,0.0,0.0,0.0,n00000027,n00000027,n00000027,0,0
6355,Health,388.89255313,388.89255313,388.89255313,0.0,0.0,0.0,n00000082,n00000082,n00000082,0,0
6368,Health,389.61814645,389.61814645,389.61814645,0.0,0.0,0.0,n00000027,n00000027,n00000027,0,0
6373,Health,409.43272431,409.43272431,409.43272431,0.0,0.0,0.0,n00000027,n00000027,n00000027,0,0
6385,Health,388.56893702,388.56893702,388.56893682,0.0,-2.0000004496978363e-07,2.0000004496978363e-07,n00000194,n00000194,n00000194,0,1
6391,Health,377.669484,377.669484,377.66948367,0.0,-3.300000344097498e-07,3.300000344097498e-07,n00000083,n00000083,n00000083,0,1
6393,Health,386.22931686,386.22931686,386.22932628,0.0,9.420000026238995e-06,-9.420000026238995e-06,n00000186,n00000186,n00000186,0,1
6395,Health,381.39481039,381.39481039,381.39481041,0.0,2.0000015865662135e-08,-2.0000015865662135e-08,n00000187,n00000187,n00000187,0,1
6400,Health,387.64117724,387.6333188,387.64117724,-0.007858440000006794,0.0,-0.007858440000006794,n00000215,n00000215,n00000215,1,0
6401,Health,386.94820626,387.07705139,386.94820631,0.12884513000000197,4.999998282073648e-08,0.12884508000001915,n00000187,n00000187,n00000187,1,1
6403,Health,381.87011426,381.87011426,381.94175577,0.0,0.07164151000000629,-0.07164151000000629,n00000195,n00000195,n00000195,0,1
6411,Health,386.06290436,386.23276198,386.06290436,0.16985762000001614,0.0,0.16985762000001614,n00000222,n00000222,n00000222,1,0
6413,Health,383.76233893,383.61476972,383.76233893,-0.14756920999997192,0.0,-0.14756920999997192,n00000215,n00000215,n00000215,1,0
6414,Health,385.18538694,385.32155464,385.18538694,0.13616769999998724,0.0,0.13616769999998724,n00000221,n00000222,n00000221,1,0
6419,Health,395.84937237,395.84937237,395.84937237,0.0,0.0,0.0,n00000027,n00000027,n00000027,0,0
6422,Health,381.70838342,381.70838342,381.70838342,0.0,0.0,0.0,n00000082,n00000082,n00000082,0,0
6424,Health,384.01921207,384.01921207,384.01921207,0.0,0.0,0.0,n00000027,n00000027,n00000027,0,0
6425,Health,393.87884789,393.87884789,393.87884789,0.0,0.0,0.0,n00000027,n00000027,n00000027,0,0
6428,Health,385.07943102,385.07943102,385.07943102,0.0,0.0,0.0,n00000083,n00000083,n00000083,0,0
6437,Health,401.60311844,401.60311844,401.60311844,0.0,0.0,0.0,n00000027,n00000027,n00000027,0,0
6439,Health,388.04449265,388.04449265,388.04449265,0.0,0.0,0.0,n00000027,n00000027,n00000027,0,0
6443,Health,398.37936991,398.37936991,398.37936991,0.0,0.0,0.0,n00000027,n00000027,n00000027,0,0
6446,Health,402.56477708,402.56477708,402.56477708,0.0,0.0,0.0,n00000027,n00000027,n00000027,0,0
6452,Health,371.25416189,371.25416189,371.25416189,0.0,0.0,0.0,n00000186,n00000186,n00000186,0,0
6459,Health,387.17699586,387.1757855,387.17699586,-0.0012103599999591097,0.0,-0.0012103599999591097,n00000215,n00000215,n00000215,1,0
6461,Health,383.22104872,383.22104773,383.22104901,-9.899999895424116e-07,2.900000026784255e-07,-1.2799999922208372e-06,n00000083,n00000083,n00000083,1,1
6466,Health,381.86220418,381.86220422,381.854177,4.000003173132427e-08,-0.008027179999999134,0.008027220000030866,n00000040,n00000040,n00000040,1,1
6468,Health,375.02321498,375.02320174,375.0232331,-1.3239999987035844e-05,1.812000004974834e-05,-3.1360000036784186e-05,n00000187,n00000187,n00000187,1,1
6469,Health,389.74584908,389.73432937,389.74584908,-0.011519710000015948,0.0,-0.011519710000015948,n00000221,n00000221,n00000221,1,0
6471,Health,384.61632752,384.58638098,384.61632753,-0.029946540000025834,9.999951089412207e-09,-0.029946549999976924,n00000183,n00000183,n00000183,1,1
6472,Health,374.68980063,374.69989888,374.68960084,0.010098249999998643,-0.0001997899999537367,0.01029803999995238,n00000181,n00000181,n00000181,1,1
6479,Health,386.9957549,386.9957549,386.99574881,0.0,-6.089999999403517e-06,6.089999999403517e-06,n00000082,n00000082,n00000082,0,1
6482,Health,390.48802503,390.48802503,390.48802503,0.0,0.0,0.0,n00000082,n00000082,n00000082,0,0
6484,Health,380.77348434,380.77348434,380.77348446,0.0,1.2000003835055395e-07,-1.2000003835055395e-07,n00000082,n00000082,n00000082,0,1
6485,Health,375.18642025,375.18642028,375.18642024,2.999996695507434e-08,-1.0000007932831068e-08,3.999997488790541e-08,n00000082,n00000082,n00000082,1,1
6486,Health,383.25263412,383.25263412,383.25263411,0.0,-1.0000007932831068e-08,1.0000007932831068e-08,n00000082,n00000082,n00000082,0,1
6490,Health,398.973962,398.973962,398.973962,0.0,0.0,0.0,n00000027,n00000027,n00000027,0,0
6505,Health,392.90797414,392.90797414,392.90797414,0.0,0.0,0.0,n00000027,n00000027,n00000027,0,0
6512,Health,376.89948494,376.899485,376.89948493,6.00000475969864e-08,-9.999951089412207e-09,6.999999868639861e-08,n00000266,n00000266,n00000266,1,1
6516,Health,379.42874762,379.42874767,379.42874762,4.999998282073648e-08,0.0,4.999998282073648e-08,n00000187,n00000187,n00000187,1,0
6518,Health,380.88476879,380.88476879,380.88476816,0.0,-6.299999881775875e-07,6.299999881775875e-07,n00000124,n00000124,n00000124,0,1
6526,Health,385.70496435,385.70496435,385.70496435,0.0,0.0,0.0,n00000187,n00000187,n00000187,0,0
6530,Health,370.77344345,370.77344345,370.78777956,0.0,0.014336109999987912,-0.014336109999987912,n00000183,n00000183,n00000183,0,1
6531,Health,391.48021789,391.46406021,391.48001516,-0.01615767999999207,-0.00020273000001225228,-0.015954949999979817,n00000221,n00000221,n00000221,1,1
6534,Health,391.92596854,391.92596854,391.92595009,0.0,-1.8449999970471254e-05,1.8449999970471254e-05,n00000082,n00000082,n00000082,0,1
6535,Health,392.94698646,392.94698646,392.94698646,0.0,0.0,0.0,n00000082,n00000082,n00000082,0,0
6541,Health,400.44934883,400.44934883,400.44934883,0.0,0.0,0.0,n00000027,n00000027,n00000027,0,0
6546,Health,397.25787757,397.25787757,397.25787757,0.0,0.0,0.0,n00000027,n00000027,n00000027,0,0
6550,Health,392.49770062,392.49770062,392.49770062,0.0,0.0,0.0,n00000027,n00000027,n00000027,0,0
6552,Health,390.8874029,390.8874029,390.8874029,0.0,0.0,0.0,n00000027,n00000027,n00000027,0,0
6565,Health,381.12200563,381.12201442,381.12234373,8.790000038061407e-06,0.0003381000000217682,-0.0003293099999837068,n00000187,n00000187,n00000187,1,1
6567,Health,383.06609619,383.06609619,383.06548664,0.0,-0.0006095499999787535,0.0006095499999787535,n00000194,n00000194,n00000194,0,1
6571,Health,394.08163673,394.08163673,394.08163673,0.0,0.0,0.0,n00000187,n00000187,n00000187,0,0
6581,Health,395.34305106,395.34305106,395.34305106,0.0,0.0,0.0,n00000083,n00000083,n00000083,0,0
6582,Health,366.49569095,366.49569019,366.49781543,-7.599999776175537e-07,0.0021244800000204123,-0.00212523999999803,n00000182,n00000182,n00000182,1,1
6586,Health,384.62639701,384.62639701,384.61076942,0.0,-0.01562759000000824,0.01562759000000824,n00000040,n00000040,n00000040,0,1
6588,Health,378.92021289,378.92021289,378.94666346,0.0,0.02645057000000861,-0.02645057000000861,n00000124,n00000124,n00000124,0,1
6592,Health,397.05034201,397.05034201,397.05034201,0.0,0.0,0.0,n00000027,n00000027,n00000027,0,0
6594,Health,392.12365669,392.12365669,392.12365669,0.0,0.0,0.0,n00000027,n00000027,n00000027,0,0
6596,Health,396.09794824,396.09794824,396.09794824,0.0,0.0,0.0,n00000027,n00000027,n00000027,0,0
6601,Health,398.6128247,398.6128247,398.6128247,0.0,0.0,0.0,n00000027,n00000027,n00000027,0,0
6606,Health,388.26691234,388.26691234,388.26691234,0.0,0.0,0.0,n00000082,n00000082,n00000082,0,0
6612,Health,393.23686504,393.23686504,393.23686504,0.0,0.0,0.0,n00000027,n00000027,n00000027,0,0
6616,Health,390.43553302,390.43553302,390.43553302,0.0,0.0,0.0,n00000027,n00000027,n00000027,0,0
6623,Health,368.07375661,368.07375758,368.0737781,9.700000305201684e-07,2.1490000051471725e-05,-2.0520000020951557e-05,n00000184,n00000184,n00000184,1,1
6628,Health,381.67176465,381.67176465,381.6717646,0.0,-4.999998282073648e-08,4.999998282073648e-08,n00000083,n00000083,n00000083,0,1
6630,Health,378.7386844,378.7386844,378.73868449,0.0,9.000001455206075e-08,-9.000001455206075e-08,n00000187,n00000187,n00000187,0,1
6633,Health,381.54958911,381.54958911,381.54958911,0.0,0.0,0.0,n00000083,n00000083,n00000083,0,0
6637,Health,386.11307707,386.11307707,386.11307639,0.0,-6.79999970998324e-07,6.79999970998324e-07,n00000194,n00000194,n00000194,0,1
6652,Health,374.99179689,375.10942218,374.99179689,0.11762529000003497,0.0,0.11762529000003497,n00000215,n00000215,n00000215,1,0
6653,Health,369.66496354,369.66496395,369.65958422,4.1000004102897947e-07,-0.005379319999974541,0.00537973000001557,n00000124,n00000124,n00000124,1,1
6658,Health,384.60304672,384.60310731,384.60305189,6.058999997549108e-05,5.170000008547504e-06,5.541999996694358e-05,n00000125,n00000125,n00000125,1,1
6660,Health,392.8812141,392.8812141,392.8812141,0.0,0.0,0.0,n00000082,n00000082,n00000082,0,0
6661,Health,395.64001431,395.64001431,395.64001431,0.0,0.0,0.0,n00000027,n00000027,n00000027,0,0
6662,Health,380.93851064,380.93851064,380.93851427,0.0,3.6299999806033156e-06,-3.6299999806033156e-06,n00000082,n00000082,n00000082,0,1
6666,Health,396.60996828,396.60996828,396.60996828,0.0,0.0,0.0,n00000027,n00000027,n00000027,0,0
6668,Health,388.02968427,388.02968427,388.02968427,0.0,0.0,0.0,n00000083,n00000083,n00000083,0,0
6671,Health,394.06298618,394.06298618,394.06298618,0.0,0.0,0.0,n00000027,n00000027,n00000027,0,0
6681,Health,395.37695975,395.37695975,395.37695975,0.0,0.0,0.0,n00000027,n00000027,n00000027,0,0
6688,Health,391.80132339,391.80132339,391.80132339,0.0,0.0,0.0,n00000027,n00000027,n00000027,0,0
6690,Health,391.17369842,391.17369842,391.17369842,0.0,0.0,0.0,n00000027,n00000027,n00000027,0,0
6699,Health,379.54155127,379.54162426,379.54155127,7.298999997829014e-05,0.0,7.298999997829014e-05,n00000187,n00000187,n00000187,1,0
6716,Health,380.58406889,380.58406889,380.58406889,0.0,0.0,0.0,n00000186,n00000186,n00000186,0,0
6718,Health,374.07456283,374.07456203,374.07456283,-8.000000093488779e-07,0.0,-8.000000093488779e-07,n00000186,n00000186,n00000186,1,0
6719,Health,381.1776964,381.17769609,381.17931607,-3.1000001854408765e-07,0.001619670000025053,-0.001619980000043597,n00000194,n00000194,n00000194,1,1
6724,Health,388.53711967,388.53711967,388.53711967,0.0,0.0,0.0,n00000027,n00000027,n00000027,0,0
6726,Health,378.35051523,378.3453305,378.35023173,-0.005184729999996307,-0.00028349999996635233,-0.004901230000029955,n00000217,n00000217,n00000217,1,1
6728,Health,397.27399243,397.27399243,397.27399243,0.0,0.0,0.0,n00000027,n00000027,n00000027,0,0
6739,Health,371.90281054,371.7892316,371.89766953,-0.11357894000002489,-0.0051410100000452985,-0.10843792999997959,n00000181,n00000181,n00000181,1,1
6741,Health,382.72930991,382.72930991,382.72930992,0.0,1.0000007932831068e-08,-1.0000007932831068e-08,n00000082,n00000082,n00000082,0,1
6742,Health,386.61222066,386.61222066,386.61222066,0.0,0.0,0.0,n00000027,n00000027,n00000027,0,0
6743,Health,391.29849293,391.29849293,391.29849293,0.0,0.0,0.0,n00000082,n00000082,n00000082,0,0
6748,Health,397.65293657,397.65293657,397.65293657,0.0,0.0,0.0,n00000027,n00000027,n00000027,0,0
6750,Health,397.58345888,397.58345888,397.58345888,0.0,0.0,0.0,n00000027,n00000027,n00000027,0,0
6753,Health,394.65221127,394.65221127,394.65221127,0.0,0.0,0.0,n00000027,n00000027,n00000027,0,0
6754,Health,399.84140842,399.84140842,399.84140842,0.0,0.0,0.0,n00000027,n00000027,n00000027,0,0
6764,Health,386.50149873,386.50149873,386.56410865,0.0,0.06260991999999987,-0.06260991999999987,n00000194,n00000194,n00000194,0,1
6768,Health,379.81080833,379.81080833,379.81080836,0.0,3.00000237984932e-08,-3.00000237984932e-08,n00000083,n00000083,n00000083,0,1
6772,Health,378.05788358,378.05788358,378.05793868,0.0,5.509999999731008e-05,-5.509999999731008e-05,n00000186,n00000186,n00000186,0,1
6773,Health,382.45571491,382.45571491,382.44415292,0.0,-0.011561989999961497,0.011561989999961497,n00000126,n00000126,n00000126,0,1
6774,Health,379.42976834,379.42976834,379.42828164,0.0,-0.0014866999999867403,0.0014866999999867403,n00000124,n00000124,n00000124,0,1
6776,Health,383.36257946,383.36257948,383.36257958,2.0000015865662135e-08,1.199999815071351e-07,-9.999996564147295e-08,n00000083,n00000083,n00000083,1,1
6779,Health,382.98898444,382.98898444,382.98880647,0.0,-0.00017797000003838548,0.00017797000003838548,n00000126,n00000126,n00000126,0,1
6781,Health,378.37873289,378.37807562,378.37873289,-0.0006572699999765064,0.0,-0.0006572699999765064,n00000142,n00000142,n00000142,1,0
6792,Health,389.65915348,389.65915005,389.6591535,-3.429999992476951e-06,2.0000015865662135e-08,-3.450000008342613e-06,n00000245,n00000245,n00000245,1,1
6793,Health,399.25413172,399.25413172,399.25413172,0.0,0.0,0.0,n00000027,n00000027,n00000027,0,0
6795,Health,391.18706065,391.18706065,391.18706065,0.0,0.0,0.0,n00000027,n00000027,n00000027,0,0
6798,Health,399.24893887,399.24893887,399.24893887,0.0,0.0,0.0,n00000027,n00000027,n00000027,0,0
6813,Health,374.83287442,374.83287442,374.91822774,0.0,0.08535332000002427,-0.08535332000002427,n00000124,n00000124,n00000124,0,1
6815,Health,392.09633567,392.09633567,392.09633567,0.0,0.0,0.0,n00000083,n00000083,n00000083,0,0
6818,Health,386.37989784,386.37989784,386.37989784,0.0,0.0,0.0,n00000083,n00000083,n00000083,0,0
6820,Health,379.21886887,379.21886887,379.21933836,0.0,0.0004694900000004054,-0.0004694900000004054,n00000182,n00000182,n00000182,0,1
6826,Economics,392.27748976,392.27825517,392.27750268,0.0007654100000422659,1.2920000017402344e-05,0.0007524900000248635,n00000318,n00000318,n00000318,1,1
6832,Economics,403.16483551,403.16527028,403.16483563,0.0004347700000266741,1.2000003835055395e-07,0.00043464999998832354,n00000317,n00000317,n00000317,1,1
6834,Economics,397.55250715,397.55250715,397.55250715,0.0,0.0,0.0,n00000265,n00000265,n00000265,0,0
6839,Economics,383.49294785,383.49173056,383.4929479,-0.0012172899999995934,4.999998282073648e-08,-0.0012173399999824142,n00000266,n00000266,n00000266,1,1
6841,Economics,385.45494205,385.55209474,385.45494207,0.09715268999997306,2.0000015865662135e-08,0.0971526699999572,n00000222,n00000222,n00000222,1,1
6842,Economics,380.17705279,380.17705279,380.17712579,0.0,7.299999998622297e-05,-7.299999998622297e-05,n00000181,n00000181,n00000181,0,1
6844,Economics,388.86433227,388.86433227,388.86433227,0.0,0.0,0.0,n00000246,n00000246,n00000246,0,0
6850,Economics,392.11895249,392.11895249,392.11895249,0.0,0.0,0.0,n00000077,n00000077,n00000077,0,0
6855,Economics,405.34876917,405.34876917,405.34876917,0.0,0.0,0.0,n00000077,n00000077,n00000077,0,0
6857,Economics,396.85565524,396.85565524,396.85565524,0.0,0.0,0.0,n00000181,n00000181,n00000181,0,0
6861,Economics,396.08493324,396.08493222,396.08493324,-1.0200000133409048e-06,0.0,-1.0200000133409048e-06,n00000202,n00000202,n00000202,1,0
6862,Economics,392.5994835,392.5994835,392.5994835,0.0,0.0,0.0,n00000077,n00000077,n00000077,0,0
6864,Economics,393.93268812,393.9325039,393.93268812,-0.00018422000005102745,0.0,-0.00018422000005102745,n00000202,n00000202,n00000202,1,0
6865,Economics,390.33831184,390.33831184,390.33831184,0.0,0.0,0.0,n00000077,n00000077,n00000077,0,0
6866,Economics,387.61387592,387.61612863,387.61389812,0.0022527099999933853,2.2199999989425123e-05,0.00223051000000396,n00000317,n00000317,n00000317,1,1
6867,Economics,389.56094075,389.56094075,389.56094075,0.0,0.0,0.0,n00000265,n00000265,n00000265,0,0
6868,Economics,382.42507241,382.49342047,382.42474187,0.06834806000000526,-0.0003305399999931069,0.06867859999999837,n00000317,n00000317,n00000317,1,1
6876,Economics,388.79130183,388.79130183,388.79130183,0.0,0.0,0.0,n00000265,n00000265,n00000265,0,0
6877,Economics,400.57699351,400.57699351,400.57699351,0.0,0.0,0.0,n00000077,n00000077,n00000077,0,0
6878,Economics,398.15226799,398.15226799,398.15226799,0.0,0.0,0.0,n00000077,n00000077,n00000077,0,0
6879,Economics,401.55051126,401.55051126,401.55051126,0.0,0.0,0.0,n00000077,n00000077,n00000077,0,0
6881,Economics,395.94039368,395.93985809,395.94039498,-0.0005355900000267866,1.3000000080864993e-06,-0.0005368900000348731,n00000317,n00000317,n00000317,1,1
6882,Economics,394.63277858,394.63277858,394.63277858,0.0,0.0,0.0,n00000077,n00000077,n00000077,0,0
6883,Economics,411.29148642,411.29148642,411.29148642,0.0,0.0,0.0,n00000151,n00000151,n00000151,0,0
6888,Economics,391.48643024,391.48791146,391.48643026,0.0014812200000164921,2.0000015865662135e-08,0.0014812000000006265,n00000265,n00000265,n00000265,1,1
6889,Economics,402.00825455,402.00612973,402.00825455,-0.0021248200000059114,0.0,-0.0021248200000059114,n00000202,n00000202,n00000202,1,0
6892,Economics,398.49780261,398.49781228,398.49780281,9.669999997186096e-06,1.9999998812636477e-07,9.470000009059731e-06,n00000318,n00000318,n00000318,1,1
6894,Economics,387.10404484,387.10432086,387.10404975,0.0002760200000011537,4.910000029667572e-06,0.0002711099999714861,n00000318,n00000318,n00000318,1,1
6895,Economics,394.51959058,394.51960617,394.51959064,1.5589999975418323e-05,5.999999075356754e-08,1.5529999984664755e-05,n00000318,n00000318,n00000318,1,1
6896,Economics,388.9462518,388.90316349,388.94625184,-0.043088310000030106,3.999997488790541e-08,-0.043088350000004993,n00000202,n00000318,n00000202,1,1
6897,Economics,391.17541438,391.1755556,391.17541439,0.00014121999998906176,1.0000007932831068e-08,0.00014120999998112893,n00000265,n00000265,n00000265,1,1
6898,Economics,398.62649281,398.6263915,398.62649281,-0.00010130999999091728,0.0,-0.00010130999999091728,n00000202,n00000202,n00000202,1,0
6900,Economics,397.34440772,397.34440774,397.34440775,2.0000015865662135e-08,3.00000237984932e-08,-1.0000007932831068e-08,n00000265,n00000265,n00000265,1,1
6904,Economics,374.11660802,373.60122989,374.11688255,-0.5153781299999878,0.00027453000001287364,-0.5156526600000007,n00000184,n00000184,n00000184,1,1
6906,Economics,377.57198867,377.57198867,377.57198867,0.0,0.0,0.0,n00000266,n00000266,n00000266,0,0
6907,Economics,395.02416604,395.02416604,395.02416604,0.0,0.0,0.0,n00000265,n00000265,n00000265,0,0
6909,Economics,382.95402821,382.95402821,382.95402855,0.0,3.39999985499162e-07,-3.39999985499162e-07,n00000245,n00000245,n00000245,0,1
6912,Economics,391.48096351,391.48096377,391.48097292,2.600000357233512e-07,9.410000018306164e-06,-9.149999982582813e-06,n00000265,n00000265,n00000265,1,1
6917,Economics,385.78101084,385.78101084,385.78101084,0.0,0.0,0.0,n00000246,n00000246,n00000246,0,0
6918,Economics,409.65787853,409.65787853,409.65787853,0.0,0.0,0.0,n00000077,n00000077,n00000077,0,0
6923,Economics,394.45974182,394.45974182,394.45974182,0.0,0.0,0.0,n00000265,n00000265,n00000265,0,0
6925,Economics,386.95875284,386.95872486,386.95875287,-2.7979999970284553e-05,3.00000237984932e-08,-2.8009999994083046e-05,n00000317,n00000317,n00000317,1,1
6928,Economics,383.38196402,383.38196402,383.38196402,0.0,0.0,0.0,n00000077,n00000077,n00000077,0,0
6935,Economics,383.50818402,383.53386251,383.50818673,0.025678490000018428,2.7099999897473026e-06,0.02567578000002868,n00000317,n00000317,n00000317,1,1
6937,Economics,398.56424801,398.56424801,398.56424801,0.0,0.0,0.0,n00000077,n00000077,n00000077,0,0
6938,Economics,380.38398384,380.1366062,380.38401146,-0.24737763999996787,2.7620000025763147e-05,-0.24740525999999363,n00000318,n00000318,n00000318,1,1
6940,Economics,410.11052314,410.11052314,410.11052314,0.0,0.0,0.0,n00000151,n00000151,n00000151,0,0
6947,Economics,375.11167291,375.07105478,375.1119523,-0.040618129999984376,0.00027939000000287706,-0.04089751999998725,n00000317,n00000317,n00000317,1,1
6948,Economics,392.90780514,392.90780514,392.90780514,0.0,0.0,0.0,n00000266,n00000266,n00000266,0,0
6950,Economics,380.05511127,380.05497172,380.05483833,-0.0001395499999716776,-0.0002729400000021087,0.0001333900000304311,n00000078,n00000078,n00000078,1,1
6953,Economics,404.20645707,404.20645707,404.20645707,0.0,0.0,0.0,n00000077,n00000077,n00000077,0,0
6955,Economics,386.70113457,386.70778788,386.70113705,0.006653309999990142,2.4799999778224446e-06,0.00665083000001232,n00000318,n00000318,n00000318,1,1
6956,Economics,394.97617393,394.97472245,394.97617393,-0.0014514800000142714,0.0,-0.0014514800000142714,n00000202,n00000202,n00000202,1,0
6959,Economics,393.8303207,393.8299583,393.8303209,-0.0003624000000286287,1.9999998812636477e-07,-0.0003626000000167551,n00000317,n00000317,n00000317,1,1
6960,Economics,388.82944887,388.82921309,388.82944916,-0.00023578000002544286,2.900000026784255e-07,-0.00023607000002812129,n00000317,n00000317,n00000317,1,1
6961,Economics,371.64772689,371.67916788,371.6480219,0.03144099000002143,0.0002950100000020939,0.031145980000019335,n00000185,n00000185,n00000185,1,1
6962,Economics,389.73984903,389.68864393,389.73984903,-0.05120510000000422,0.0,-0.05120510000000422,n00000233,n00000233,n00000233,1,0
6964,Economics,403.64385908,403.64318777,403.64385908,-0.0006713100000297345,0.0,-0.0006713100000297345,n00000202,n00000202,n00000202,1,0
6967,Economics,398.36282924,398.36281969,398.36282924,-9.550000015678961e-06,0.0,-9.550000015678961e-06,n00000202,n00000202,n00000202,1,0
6971,Economics,395.15512649,395.15520271,395.15512766,7.622000003948415e-05,1.1700000186465331e-06,7.505000002083762e-05,n00000318,n00000318,n00000318,1,1
6979,Economics,386.90630447,386.90630486,386.90630447,3.8999996831989847e-07,0.0,3.8999996831989847e-07,n00000265,n00000265,n00000265,1,0
6981,Economics,397.09162167,397.09162167,397.09162167,0.0,0.0,0.0,n00000232,n00000232,n00000232,0,0
6984,Economics,399.71703015,399.71703015,399.71703015,0.0,0.0,0.0,n00000077,n00000077,n00000077,0,0
6985,Economics,403.34705918,403.34689929,403.34705936,-0.00015988999996352504,1.800000291041215e-07,-0.00016006999999262916,n00000184,n00000184,n00000184,1,1
6987,Economics,392.69010671,392.69010671,392.69010671,0.0,0.0,0.0,n00000265,n00000265,n00000265,0,0
6988,Economics,382.81076611,382.81076611,382.81076611,0.0,0.0,0.0,n00000246,n00000246,n00000246,0,0
6989,Economics,390.50859234,390.50859234,390.50859235,0.0,1.0000007932831068e-08,-1.0000007932831068e-08,n00000077,n00000077,n00000077,0,1
6990,Economics,383.57371346,383.57371346,383.57371346,0.0,0.0,0.0,n00000246,n00000246,n00000246,0,0
7000,Economics,396.78601958,396.78604851,396.78602001,2.892999998493906e-05,4.3000000005122274e-07,2.8499999984887836e-05,n00000318,n00000318,n00000318,1,1
7002,Economics,378.99697904,379.04542592,378.99744586,0.048446880000028614,0.00046682000004238944,0.047980059999986224,n00000318,n00000318,n00000318,1,1
7005,Economics,393.89016745,393.89016745,393.89016745,0.0,0.0,0.0,n00000077,n00000077,n00000077,0,0
7008,Economics,380.70211514,380.70211514,380.70210621,0.0,-8.929999978590786e-06,8.929999978590786e-06,n00000184,n00000184,n00000184,0,1
7011,Economics,397.88777763,397.88777763,397.88777763,0.0,0.0,0.0,n00000077,n00000077,n00000077,0,0
7016,Economics,387.71643231,387.71643231,387.71643231,0.0,0.0,0.0,n00000265,n00000265,n00000265,0,0
7017,Economics,385.35456967,385.35316934,385.35456967,-0.001400329999967198,0.0,-0.001400329999967198,n00000202,n00000202,n00000202,1,0
7030,Economics,390.58781135,390.58207066,390.58781137,-0.005740689999981896,2.0000015865662135e-08,-0.005740709999997762,n00000317,n00000317,n00000317,1,1
7036,Economics,388.37087425,388.37287508,388.37090347,0.0020008299999858536,2.9219999987617484e-05,0.001971609999998236,n00000318,n00000318,n00000318,1,1
7037,Economics,425.95977477,425.95977477,425.95977477,0.0,0.0,0.0,n00000151,n00000151,n00000151,0,0
7038,Economics,386.00209829,386.08880659,386.00220454,0.08670829999999796,0.00010624999998753992,0.08660205000001042,n00000318,n00000318,n00000318,1,1
7042,Economics,392.69519421,392.69519421,392.69519421,0.0,0.0,0.0,n00000265,n00000265,n00000265,0,0
7043,Economics,397.09766068,397.09766068,397.09766068,0.0,0.0,0.0,n00000077,n00000077,n00000077,0,0
7045,Economics,393.77462097,393.77462097,393.77462097,0.0,0.0,0.0,n00000077,n00000077,n00000077,0,0
7054,Economics,382.92235311,382.92235311,382.92235311,0.0,0.0,0.0,n00000266,n00000266,n00000266,0,0
7055,Economics,388.63306985,388.63306985,388.63306985,0.0,0.0,0.0,n00000266,n00000266,n00000266,0,0
7060,Economics,399.24385114,399.24385114,399.24385114,0.0,0.0,0.0,n00000196,n00000196,n00000196,0,0
7065,Economics,384.01205264,384.01204144,384.01205264,-1.1199999960354035e-05,0.0,-1.1199999960354035e-05,n00000077,n00000077,n00000077,1,0
7068,Economics,386.06399458,386.06399458,386.06399458,0.0,0.0,0.0,n00000246,n00000246,n00000246,0,0
7073,Economics,397.10772423,397.10789133,397.10772424,0.00016709999999875436,1.0000007932831068e-08,0.00016708999999082152,n00000318,n00000318,n00000318,1,1
7076,Economics,403.39437278,403.39437278,403.39437278,0.0,0.0,0.0,n00000077,n00000077,n00000077,0,0
7080,Economics,395.23010995,395.22899347,395.23010995,-0.0011164800000074138,0.0,-0.0011164800000074138,n00000202,n00000202,n00000202,1,0
7082,Economics,395.57083871,395.57083871,395.57083871,0.0,0.0,0.0,n00000077,n00000077,n00000077,0,0
7084,Economics,406.44665397,406.44665397,406.44665397,0.0,0.0,0.0,n00000318,n00000318,n00000318,0,0
7087,Economics,402.81812639,402.81812639,402.81812639,0.0,0.0,0.0,n00000077,n00000077,n00000077,0,0
7092,Economics,399.92986865,399.92986865,399.92986868,0.0,3.00000237984932e-08,-3.00000237984932e-08,n00000077,n00000077,n00000077,0,1
7094,Economics,393.18361565,393.18361565,393.18361565,0.0,0.0,0.0,n00000077,n00000077,n00000077,0,0
7100,Economics,392.94262426,392.94262427,392.94262426,1.0000007932831068e-08,0.0,1.0000007932831068e-08,n00000077,n00000077,n00000077,1,0
7106,Economics,393.73640804,393.72857594,393.73640804,-0.007832100000030096,0.0,-0.007832100000030096,n00000317,n00000317,n00000317,1,0
7110,Economics,387.04565835,387.04565834,387.04565835,-1.0000007932831068e-08,0.0,-1.0000007932831068e-08,n00000266,n00000266,n00000266,1,0
7112,Economics,388.63453386,388.63453386,388.63453386,0.0,0.0,0.0,n00000265,n00000265,n00000265,0,0
7113,Economics,393.78324287,393.78324264,393.78324287,-2.299999550814391e-07,0.0,-2.299999550814391e-07,n00000266,n00000266,n00000266,1,0
7119,Economics,390.18949587,390.18949587,390.18949587,0.0,0.0,0.0,n00000266,n00000266,n00000266,0,0
7127,Economics,392.27376362,392.27376362,392.27376362,0.0,0.0,0.0,n00000077,n00000077,n00000077,0,0
7129,Economics,388.58402061,388.58402057,388.58402061,-3.999997488790541e-08,0.0,-3.999997488790541e-08,n00000077,n00000077,n00000077,1,0
7138,Economics,392.42531203,392.42531203,392.42531203,0.0,0.0,0.0,n00000077,n00000077,n00000077,0,0
7139,Economics,390.04318953,390.04318953,390.04318953,0.0,0.0,0.0,n00000077,n00000077,n00000077,0,0
7148,Economics,406.44375387,406.44376404,406.44375387,1.0169999995923718e-05,0.0,1.0169999995923718e-05,n00000317,n00000317,n00000317,1,0
7153,Economics,398.78893624,398.78890245,398.78893624,-3.3789999974942475e-05,0.0,-3.3789999974942475e-05,n00000202,n00000202,n00000202,1,0
7157,Economics,391.19682751,391.19686349,391.19682764,3.598000000692991e-05,1.2999998943996616e-07,3.585000001748995e-05,n00000318,n00000318,n00000318,1,1
7160,Economics,390.31815047,390.31784391,390.31815047,-0.0003065599999558799,0.0,-0.0003065599999558799,n00000242,n00000242,n00000242,1,0
7164,Economics,394.678687,394.67636214,394.678687,-0.002324860000044282,0.0,-0.002324860000044282,n00000202,n00000202,n00000202,1,0
7165,Economics,390.32155526,390.32333813,390.32155584,0.0017828699999995479,5.799999485134322e-07,0.0017822900000510344,n00000317,n00000317,n00000317,1,1
7170,Economics,384.26089824,384.26089823,384.26089824,-1.0000007932831068e-08,0.0,-1.0000007932831068e-08,n00000266,n00000266,n00000266,1,0
7171,Economics,385.68222444,385.68222444,385.68222637,0.0,1.929999996264087e-06,-1.929999996264087e-06,n00000181,n00000181,n00000181,0,1
7173,Economics,403.0391297,403.0391297,403.0391297,0.0,0.0,0.0,n00000265,n00000265,n00000265,0,0
7179,Economics,388.9646081,388.9646081,388.9646081,0.0,0.0,0.0,n00000246,n00000246,n00000246,0,0
7180,Economics,385.98572034,385.96112265,385.9857247,-0.024597690000007333,4.359999991265795e-06,-0.0246020499999986,n00000318,n00000318,n00000318,1,1
7181,Economics,394.64413385,394.64413385,394.64413385,0.0,0.0,0.0,n00000246,n00000246,n00000246,0,0
7185,Economics,390.69572836,390.69572844,390.69572836,8.000000661922968e-08,0.0,8.000000661922968e-08,n00000246,n00000246,n00000246,1,0
7190,Economics,402.72035723,402.72035723,402.72035723,0.0,0.0,0.0,n00000202,n00000202,n00000202,0,0
7194,Economics,398.35931751,398.35933905,398.35931784,2.154000003429246e-05,3.300000344097498e-07,2.120999999988271e-05,n00000318,n00000318,n00000318,1,1
7205,Economics,399.51776417,399.51776417,399.51776417,0.0,0.0,0.0,n00000077,n00000077,n00000077,0,0
7208,Economics,391.24147954,391.2414717,391.24147954,-7.840000023406901e-06,0.0,-7.840000023406901e-06,n00000202,n00000202,n00000202,1,0
7210,Economics,388.13492265,388.14641605,388.13507852,0.011493400000006204,0.0001558699999577584,0.011337530000048446,n00000318,n00000318,n00000318,1,1
7211,Economics,409.21568216,409.21568216,409.21568216,0.0,0.0,0.0,n00000151,n00000151,n00000151,0,0
7212,Economics,396.33752703,396.33752703,396.33752703,0.0,0.0,0.0,n00000077,n00000077,n00000077,0,0
7218,Economics,393.11287882,393.11337115,393.11288153,0.000492329999985941,2.7099999897473026e-06,0.0004896199999961937,n00000318,n00000318,n00000318,1,1
7219,Economics,376.95823547,376.9580923,376.9582573,-0.0001431700000011915,2.1830000036970887e-05,-0.0001650000000381624,n00000183,n00000183,n00000183,1,1
7231,Economics,378.1252641,378.12418909,378.12525778,-0.0010750099999654594,-6.319999954484956e-06,-0.0010686900000109745,n00000218,n00000218,n00000218,1,1
7234,Economics,403.41311426,403.41311407,403.41311426,-1.899999801935337e-07,0.0,-1.899999801935337e-07,n00000202,n00000202,n00000202,1,0
7239,Economics,390.36498323,390.36493075,390.36498323,-5.2480000022114837e-05,0.0,-5.2480000022114837e-05,n00000266,n00000266,n00000266,1,0
7246,Economics,387.61634306,387.61634306,387.61634306,0.0,0.0,0.0,n00000265,n00000265,n00000265,0,0
7250,Economics,376.42716539,376.42716325,376.42716539,-2.1400000491667015e-06,0.0,-2.1400000491667015e-06,n00000077,n00000077,n00000077,1,0
7253,Economics,417.62410199,417.62410199,417.62410199,0.0,0.0,0.0,n00000151,n00000151,n00000151,0,0
7256,Economics,412.61076578,412.61076578,412.61076578,0.0,0.0,0.0,n00000202,n00000202,n00000202,0,0
7257,Economics,403.80287919,403.80287919,403.80287919,0.0,0.0,0.0,n00000077,n00000077,n00000077,0,0
7260,Economics,387.55888462,387.55888274,387.55888462,-1.8800000134433503e-06,0.0,-1.8800000134433503e-06,n00000266,n00000266,n00000266,1,0
7261,Economics,389.15842264,389.15842264,389.15842264,0.0,0.0,0.0,n00000233,n00000233,n00000233,0,0
7263,Economics,394.13283091,394.12884637,394.13283091,-0.003984539999976278,0.0,-0.003984539999976278,n00000202,n00000202,n00000202,1,0
7278,Economics,402.51255501,402.51255501,402.51255501,0.0,0.0,0.0,n00000077,n00000077,n00000077,0,0
7279,Economics,407.23116267,407.23116267,407.23116267,0.0,0.0,0.0,n00000077,n00000077,n00000077,0,0
7280,Economics,407.12012171,407.12012171,407.12012171,0.0,0.0,0.0,n00000077,n00000077,n00000077,0,0
7283,Economics,391.1635228,391.1635228,391.1635228,0.0,0.0,0.0,n00000265,n00000265,n00000265,0,0
7286,Economics,405.64955602,405.64955579,405.64955602,-2.299999550814391e-07,0.0,-2.299999550814391e-07,n00000202,n00000202,n00000202,1,0
7287,Economics,391.40980716,391.40988234,391.40980721,7.518000001027758e-05,4.999998282073648e-08,7.513000002745684e-05,n00000318,n00000318,n00000318,1,1
7288,Economics,382.3025405,382.30258682,382.30254454,4.63199999671815e-05,4.039999964788876e-06,4.2280000002392626e-05,n00000182,n00000182,n00000182,1,1
7290,Economics,396.53888919,396.55927655,396.53888898,0.020387359999972432,-2.0999999605919584e-07,0.02038756999996849,n00000317,n00000317,n00000317,1,1
7296,Economics,398.60702024,398.60699296,398.60702024,-2.7279999983420566e-05,0.0,-2.7279999983420566e-05,n00000202,n00000202,n00000202,1,0
7318,Economics,388.92447768,388.92440809,388.9244777,-6.959000000961169e-05,2.0000015865662135e-08,-6.961000002547735e-05,n00000265,n00000265,n00000265,1,1
7319,Economics,385.88263951,385.88263953,385.88264109,2.0000015865662135e-08,1.5800000028320937e-06,-1.5599999869664316e-06,n00000246,n00000246,n00000246,1,1
7321,Economics,393.80510282,393.80510282,393.80510282,0.0,0.0,0.0,n00000077,n00000077,n00000077,0,0
7324,Economics,388.15548598,388.15548565,388.15548598,-3.2999997756633093e-07,0.0,-3.2999997756633093e-07,n00000266,n00000266,n00000266,1,0
7330,Economics,388.45127404,388.45127404,388.45127403,0.0,-1.0000007932831068e-08,1.0000007932831068e-08,n00000077,n00000077,n00000077,0,1
7335,Economics,379.49167004,379.49167004,379.49171491,0.0,4.4870000010632793e-05,-4.4870000010632793e-05,n00000183,n00000183,n00000183,0,1
7338,Economics,390.35593101,390.41136453,390.35559083,0.05543352000000823,-0.0003401800000233379,0.05577370000003157,n00000317,n00000317,n00000317,1,1
7339,Economics,406.07935158,406.07935157,406.07935158,-1.0000007932831068e-08,0.0,-1.0000007932831068e-08,n00000202,n00000202,n00000202,1,0
7340,Economics,391.75059348,391.75378982,391.75064214,0.0031963399999881403,4.866000000447457e-05,0.0031476799999836658,n00000318,n00000318,n00000318,1,1
7345,Economics,404.34875208,404.34875024,404.34875208,-1.839999981712026e-06,0.0,-1.839999981712026e-06,n00000202,n00000202,n00000202,1,0
7347,Economics,391.81235879,391.81183319,391.81236197,-0.0005256000000031236,3.1799999646864308e-06,-0.00052877999996781,n00000317,n00000317,n00000317,1,1
7350,Economics,394.2648395,394.26127005,394.26483951,-0.0035694499999863183,1.0000007932831068e-08,-0.003569459999994251,n00000202,n00000202,n00000202,1,1
7356,Economics,388.70603882,388.70625291,388.70603945,0.00021408999998584477,6.299999881775875e-07,0.00021345999999766718,n00000318,n00000318,n00000318,1,1
7359,Economics,387.42330312,387.41760082,387.42330312,-0.00570229999999583,0.0,-0.00570229999999583,n00000202,n00000202,n00000202,1,0
7365,Economics,382.1401792,382.14017919,382.1401792,-9.999951089412207e-09,0.0,-9.999951089412207e-09,n00000077,n00000077,n00000077,1,0
7367,Economics,398.97619143,398.97619143,398.97619143,0.0,0.0,0.0,n00000233,n00000233,n00000233,0,0
7376,Economics,383.90180867,383.90223293,383.90180867,0.0004242600000452512,0.0,0.0004242600000452512,n00000245,n00000245,n00000245,1,0
7380,Economics,383.03778134,382.99933757,383.0375596,-0.03844376999995802,-0.00022173999997221472,-0.03822202999998581,n00000078,n00000078,n00000078,1,1
7382,Economics,387.31067284,387.31067284,387.31067284,0.0,0.0,0.0,n00000077,n00000077,n00000077,0,0
7383,Economics,392.09843465,392.09957611,392.09843954,0.0011414599999852726,4.8900000138019095e-06,0.0011365699999714707,n00000318,n00000318,n00000318,1,1
7387,Economics,390.03745991,390.03771797,390.03745997,0.0002580600000214872,5.999999075356754e-08,0.00025800000003073364,n00000317,n00000317,n00000317,1,1
7388,Economics,390.33142728,390.32848251,390.33144854,-0.002944769999999153,2.1259999982703448e-05,-0.0029660299999818562,n00000317,n00000317,n00000317,1,1
7392,Economics,382.37523651,382.3752365,382.37523651,-9.999951089412207e-09,0.0,-9.999951089412207e-09,n00000077,n00000077,n00000077,1,0
7393,Economics,405.4763667,405.4763667,405.4763667,0.0,0.0,0.0,n00000151,n00000151,n00000151,0,0
7405,Economics,394.82181361,394.81866367,394.82181361,-0.0031499400000143396,0.0,-0.0031499400000143396,n00000202,n00000202,n00000202,1,0
7409,Economics,385.99369013,385.99369013,385.99369013,0.0,0.0,0.0,n00000266,n00000266,n00000266,0,0
7411,Economics,393.62853119,393.62853119,393.62853119,0.0,0.0,0.0,n00000077,n00000077,n00000077,0,0
7417,Economics,390.20243599,390.20226933,390.20260393,-0.00016666000004761372,0.00016793999998299114,-0.00033460000003060486,n00000317,n00000317,n00000317,1,1
7423,Economics,389.07375787,389.07160849,389.07382128,-0.002149379999991652,6.340999999565611e-05,-0.002212789999987308,n00000317,n00000317,n00000317,1,1
7424,Economics,391.24044169,391.24682545,391.2405452,0.006383760000005623,0.00010350999997399413,0.006280250000031629,n00000318,n00000318,n00000318,1,1
7427,Economics,392.67900781,392.7342492,392.67837926,0.055241390000048796,-0.0006285499999876265,0.05586994000003642,n00000317,n00000317,n00000317,1,1
7432,Economics,392.62329952,392.62329704,392.62329952,-2.4799999778224446e-06,0.0,-2.4799999778224446e-06,n00000202,n00000202,n00000202,1,0
7433,Economics,392.39325967,392.39325967,392.39325967,0.0,0.0,0.0,n00000265,n00000265,n00000265,0,0
7438,Economics,390.03207186,390.03207185,390.03207186,-9.999951089412207e-09,0.0,-9.999951089412207e-09,n00000266,n00000266,n00000266,1,0
7439,Economics,387.84631785,387.84631785,387.84631785,0.0,0.0,0.0,n00000265,n00000265,n00000265,0,0
7449,Economics,380.28931328,380.28931328,380.28931328,0.0,0.0,0.0,n00000246,n00000246,n00000246,0,0
7454,Economics,393.05523106,393.0554518,393.05523122,0.0002207400000315829,1.6000001323845936e-07,0.00022058000001834444,n00000318,n00000318,n00000318,1,1
7461,Economics,387.60158324,387.60143537,387.60158324,-0.0001478700000347999,0.0,-0.0001478700000347999,n00000181,n00000181,n00000181,1,0
7462,Economics,407.33639421,407.33639421,407.33639421,0.0,0.0,0.0,n00000151,n00000151,n00000151,0,0
7463,Economics,399.44799108,399.49743872,399.44799123,0.049447639999982584,1.500000053056283e-07,0.04944748999997728,n00000317,n00000317,n00000317,1,1
7467,Economics,394.52779796,394.52779796,394.52779796,0.0,0.0,0.0,n00000077,n00000077,n00000077,0,0
7473,Economics,408.2416512,408.2416512,408.2416512,0.0,0.0,0.0,n00000151,n00000151,n00000151,0,0
7478,Economics,378.60382126,378.59080531,378.60386117,-0.013015950000010434,3.9909999998144485e-05,-0.013055860000008579,n00000317,n00000317,n00000317,1,1
7484,Economics,388.42122772,388.40319185,388.42122772,-0.018035870000005616,0.0,-0.018035870000005616,n00000202,n00000202,n00000202,1,0
7486,Economics,393.32665374,393.32665374,393.32665374,0.0,0.0,0.0,n00000077,n00000077,n00000077,0,0
7493,Economics,389.47852646,389.46974547,389.47852648,-0.008780989999991107,2.0000015865662135e-08,-0.008781010000006972,n00000317,n00000317,n00000317,1,1
7501,Economics,397.6360986,397.6360986,397.6360986,0.0,0.0,0.0,n00000265,n00000265,n00000265,0,0
7508,Economics,390.95668465,390.9566854,390.95668495,7.500000265281415e-07,3.000000106112566e-07,4.500000159168849e-07,n00000265,n00000265,n00000265,1,1
7511,Economics,378.18528135,378.18528135,378.18528135,0.0,0.0,0.0,n00000157,n00000157,n00000157,0,0
7512,Economics,381.42495476,381.42495483,381.42495476,6.999999868639861e-08,0.0,6.999999868639861e-08,n00000157,n00000157,n00000157,1,0
7513,Economics,379.67973208,379.6797259,379.67973209,-6.180000013955578e-06,1.0000007932831068e-08,-6.190000021888409e-06,n00000077,n00000077,n00000077,1,1
7519,Economics,392.56436844,392.56436844,392.56436844,0.0,0.0,0.0,n00000077,n00000077,n00000077,0,0
7520,Economics,387.02488158,387.02486227,387.02488158,-1.93099999705737e-05,0.0,-1.93099999705737e-05,n00000266,n00000266,n00000266,1,0
7528,Economics,380.74943408,380.74943398,380.74943408,-1.0000002248489182e-07,0.0,-1.0000002248489182e-07,n00000266,n00000266,n00000266,1,0
7533,Economics,395.74180416,395.74180416,395.74180416,0.0,0.0,0.0,n00000077,n00000077,n00000077,0,0
7534,Economics,407.67739819,407.67739606,407.67739819,-2.1300000412338704e-06,0.0,-2.1300000412338704e-06,n00000202,n00000202,n00000202,1,0
7535,Economics,389.29524641,389.29524632,389.29524641,-9.000001455206075e-08,0.0,-9.000001455206075e-08,n00000077,n00000077,n00000077,1,0
7542,Economics,392.22132789,392.22132788,392.22132789,-1.0000007932831068e-08,0.0,-1.0000007932831068e-08,n00000233,n00000233,n00000233,1,0
7543,Economics,409.66817,409.66817,409.66817,0.0,0.0,0.0,n00000318,n00000318,n00000318,0,0
7544,Economics,420.41458255,420.41458255,420.41458255,0.0,0.0,0.0,n00000151,n00000151,n00000151,0,0
7546,Economics,400.72513908,400.68917516,400.72513908,-0.03596392000002879,0.0,-0.03596392000002879,n00000202,n00000202,n00000202,1,0
7549,Economics,398.67510326,398.67510326,398.67510326,0.0,0.0,0.0,n00000265,n00000265,n00000265,0,0
7558,Economics,393.89227171,393.89220002,393.89227171,-7.168999997020364e-05,0.0,-7.168999997020364e-05,n00000202,n00000202,n00000202,1,0
7563,Economics,396.94864208,396.94413822,396.94864208,-0.004503859999999804,0.0,-0.004503859999999804,n00000202,n00000202,n00000202,1,0
7565,Economics,396.40989016,396.47656881,396.40989035,0.06667865000002848,1.9000003703695256e-07,0.06667845999999145,n00000317,n00000317,n00000317,1,1
7567,Economics,393.84627481,393.8462748,393.84627481,-1.0000007932831068e-08,0.0,-1.0000007932831068e-08,n00000233,n00000233,n00000233,1,0
7570,Economics,387.2147507,387.21475528,387.21475132,4.579999995257822e-06,6.199999802447564e-07,3.960000015013065e-06,n00000181,n00000181,n00000181,1,1
7576,Economics,390.27826642,390.27826324,390.27826642,-3.1800000215298496e-06,0.0,-3.1800000215298496e-06,n00000266,n00000266,n00000266,1,0
7577,Economics,387.29797256,387.29778278,387.29797256,-0.00018978000002789486,0.0,-0.00018978000002789486,n00000266,n00000266,n00000266,1,0
7578,Economics,402.02037402,402.02037402,402.02037402,0.0,0.0,0.0,n00000077,n00000077,n00000077,0,0
7580,Economics,387.78045725,387.78045725,387.78045725,0.0,0.0,0.0,n00000265,n00000265,n00000265,0,0
7587,Economics,399.83775104,399.83775104,399.83775104,0.0,0.0,0.0,n00000077,n00000077,n00000077,0,0
7589,Economics,388.16511935,388.17365856,388.16503978,0.008539209999980812,-7.957000002534187e-05,0.008618780000006154,n00000317,n00000317,n00000317,1,1
7593,Economics,393.67328325,393.67328325,393.67328325,0.0,0.0,0.0,n00000265,n00000265,n00000265,0,0
7599,Economics,376.03545574,376.03540918,376.03563844,-4.655999998703919e-05,0.00018270000003894893,-0.00022926000002598812,n00000219,n00000219,n00000219,1,1
7603,Economics,392.82583522,392.82576885,392.82583522,-6.637000001319393e-05,0.0,-6.637000001319393e-05,n00000202,n00000202,n00000202,1,0
7605,Economics,394.82738409,394.82747935,394.82738599,9.525999996640167e-05,1.8999999724655936e-06,9.335999999393607e-05,n00000318,n00000318,n00000318,1,1
7606,Economics,374.20262732,374.13292692,374.20262732,-0.0697003999999879,0.0,-0.0697003999999879,n00000107,n00000107,n00000107,1,0
7609,Economics,392.6499327,392.27387027,392.64993271,-0.37606243000004724,9.999951089412207e-09,-0.37606243999999833,n00000143,n00000143,n00000143,1,1
7612,Economics,403.64981476,403.64979734,403.64981476,-1.7420000006040937e-05,0.0,-1.7420000006040937e-05,n00000202,n00000202,n00000202,1,0
7615,Economics,406.80162896,406.80162896,406.80162896,0.0,0.0,0.0,n00000077,n00000077,n00000077,0,0
7617,Economics,399.99018347,399.99018347,399.99018347,0.0,0.0,0.0,n00000077,n00000077,n00000077,0,0
7620,Economics,394.78494007,394.78494007,394.78494007,0.0,0.0,0.0,n00000077,n00000077,n00000077,0,0
7621,Economics,388.57541655,388.57541655,388.57541655,0.0,0.0,0.0,n00000077,n00000077,n00000077,0,0
7622,Economics,391.76127346,391.75679104,391.76127379,-0.0044824199999879966,3.300000344097498e-07,-0.004482750000022406,n00000317,n00000317,n00000317,1,1
7633,Economics,392.15657876,392.15842127,392.15660846,0.0018425100000172279,2.9699999970489444e-05,0.0018128100000467384,n00000318,n00000318,n00000318,1,1
7637,Economics,391.83695587,391.85235839,391.83718838,0.01540252000000919,0.00023250999998936095,0.015170010000019829,n00000318,n00000318,n00000318,1,1
7639,Economics,389.88328876,389.87696284,389.88328876,-0.00632592000005161,0.0,-0.00632592000005161,n00000202,n00000202,n00000202,1,0
7641,Economics,404.36591563,404.17728184,404.36591563,-0.18863379000003988,0.0,-0.18863379000003988,n00000202,n00000202,n00000202,1,0
7643,Economics,388.83208377,388.83203668,388.83208377,-4.7090000009575306e-05,0.0,-4.7090000009575306e-05,n00000202,n00000202,n00000202,1,0
7644,Economics,399.73209147,399.74738464,399.73234785,0.01529317000000674,0.0002563799999961702,0.01503679000001057,n00000318,n00000318,n00000318,1,1
7651,Economics,391.00427016,391.00427016,391.00427016,0.0,0.0,0.0,n00000265,n00000265,n00000265,0,0
7655,Economics,383.91290587,383.9129059,383.91290587,3.00000237984932e-08,0.0,3.00000237984932e-08,n00000196,n00000196,n00000196,1,0
7659,Economics,377.03990986,377.03997144,377.03990986,6.15799999650335e-05,0.0,6.15799999650335e-05,n00000246,n00000246,n00000246,1,0
7660,Economics,396.54942237,396.5493941,396.54942247,-2.8270000029806397e-05,1.0000002248489182e-07,-2.837000005229129e-05,n00000317,n00000317,n00000317,1,1
7662,Economics,388.27720902,388.27632768,388.27712812,-0.0008813399999780813,-8.090000000038344e-05,-0.0008004399999776979,n00000265,n00000265,n00000265,1,1
7667,Economics,382.0894465,382.04837402,382.08944648,-0.04107248000002528,-2.0000015865662135e-08,-0.041072460000009414,n00000107,n00000107,n00000107,1,1
7668,Economics,395.77940765,395.77940765,395.77940765,0.0,0.0,0.0,n00000233,n00000233,n00000233,0,0
7671,Economics,402.47643221,402.47643221,402.47643221,0.0,0.0,0.0,n00000077,n00000077,n00000077,0,0
7673,Economics,394.99112751,394.99112156,394.99112751,-5.95000000203072e-06,0.0,-5.95000000203072e-06,n00000077,n00000077,n00000077,1,0
7674,Economics,385.47443125,385.58948618,385.47446865,0.11505492999998523,3.739999999652355e-05,0.11501752999998871,n00000317,n00000317,n00000317,1,1
7677,Economics,393.31000894,393.38623477,393.31009605,0.0762258299999985,8.711000003813751e-05,0.07613871999996036,n00000318,n00000318,n00000318,1,1
7682,Economics,404.27613225,404.27613198,404.27613225,-2.699999868127634e-07,0.0,-2.699999868127634e-07,n00000202,n00000202,n00000202,1,0
7692,Math,395.96870837,395.96870837,395.96870837,0.0,0.0,0.0,n00000128,n00000128,n00000128,0,0
7695,Math,391.67676266,391.67676266,391.67676266,0.0,0.0,0.0,n00000128,n00000128,n00000128,0,0
7698,Math,382.37744693,382.36329618,382.37744972,-0.01415074999999888,2.7899999963665323e-06,-0.014153539999995246,n00000161,n00000161,n00000161,1,1
7699,Math,383.86010682,383.86010682,383.85777405,0.0,-0.002332770000009532,0.002332770000009532,n00000040,n00000040,n00000040,0,1
7710,Math,384.6069121,384.60691208,384.6069121,-2.0000015865662135e-08,0.0,-2.0000015865662135e-08,n00000242,n00000242,n00000242,1,0
7711,Math,383.91811134,383.91810044,383.91811134,-1.0900000006586197e-05,0.0,-1.0900000006586197e-05,n00000159,n00000159,n00000159,1,0
7714,Math,383.43984376,383.43972909,383.44003635,-0.00011466999995946026,0.00019259000004012705,-0.0003072599999995873,n00000240,n00000240,n00000240,1,1
7723,Math,380.37314829,380.3731409,380.37314829,-7.390000007490016e-06,0.0,-7.390000007490016e-06,n00000242,n00000242,n00000242,1,0
7724,Math,419.08205225,419.08205225,419.08205225,0.0,0.0,0.0,n00000232,n00000232,n00000232,0,0
7728,Math,388.44888606,388.44888606,388.44883981,0.0,-4.625000002533852e-05,4.625000002533852e-05,n00000243,n00000243,n00000243,0,1
7729,Math,393.64231133,393.64231131,393.64231133,-1.9999959022243274e-08,0.0,-1.9999959022243274e-08,n00000240,n00000240,n00000240,1,0
7735,Math,382.41197677,382.41241372,382.41197677,0.0004369499999938853,0.0,0.0004369499999938853,n00000161,n00000161,n00000161,1,0
7738,Math,380.3677474,380.3677474,380.3677474,0.0,0.0,0.0,n00000154,n00000154,n00000154,0,0
7742,Math,377.73677323,377.73674895,377.73677323,-2.4279999990994838e-05,0.0,-2.4279999990994838e-05,n00000159,n00000159,n00000159,1,0
7743,Math,404.47884833,404.47884833,404.47884833,0.0,0.0,0.0,n00000240,n00000240,n00000240,0,0
7749,Math,378.08741901,378.08762025,378.20222094,0.00020123999996712882,0.11480192999999872,-0.11460069000003159,n00000159,n00000159,n00000159,1,1
7756,Math,392.08655456,392.08655456,392.08655456,0.0,0.0,0.0,n00000238,n00000238,n00000238,0,0
7763,Math,387.57258272,387.57258272,387.57258272,0.0,0.0,0.0,n00000155,n00000155,n00000155,0,0
7765,Math,375.11936379,375.11936397,375.11936379,1.7999997226070263e-07,0.0,1.7999997226070263e-07,n00000128,n00000128,n00000128,1,0
7766,Math,381.51712933,381.51712933,381.51712933,0.0,0.0,0.0,n00000155,n00000155,n00000155,0,0
7770,Math,394.12988903,394.12988903,394.12988903,0.0,0.0,0.0,n00000157,n00000157,n00000157,0,0
7773,Math,414.96263068,414.96263068,414.96274491,0.0,0.00011423000000831962,-0.00011423000000831962,n00000037,n00000037,n00000037,0,1
7776,Math,403.80989001,403.8104735,403.80989044,0.0005834899999968002,4.3000000005122274e-07,0.000583059999996749,n00000037,n00000037,n00000037,1,1
7779,Math,401.94336437,401.9449044,401.94336437,0.0015400300000010247,0.0,0.0015400300000010247,n00000037,n00000037,n00000037,1,0
7782,Math,382.85472026,382.85708108,382.85472026,0.002360819999978503,0.0,0.002360819999978503,n00000130,n00000130,n00000130,1,0
7783,Math,390.5501324,391.91936594,390.5501324,1.369233539999982,0.0,1.369233539999982,n00000161,n00000245,n00000161,1,0
7784,Math,387.88239911,387.90573587,387.88239913,0.023336760000006507,2.0000015865662135e-08,0.02333673999999064,n00000161,n00000161,n00000161,1,1
7786,Math,386.85637177,386.85637177,386.85637177,0.0,0.0,0.0,n00000154,n00000154,n00000154,0,0
7787,Math,379.18195024,379.18195024,379.18195024,0.0,0.0,0.0,n00000154,n00000154,n00000154,0,0
7791,Math,395.24906364,395.24906364,395.24906364,0.0,0.0,0.0,n00000128,n00000128,n00000128,0,0
7793,Math,390.96019414,390.96019414,390.96019414,0.0,0.0,0.0,n00000154,n00000154,n00000154,0,0
7796,Math,395.25057585,395.29878347,395.25057586,0.04820761999997103,1.0000007932831068e-08,0.0482076099999631,n00000158,n00000158,n00000158,1,1
7799,Math,387.40221057,387.40221077,387.40221058,1.9999998812636477e-07,9.999951089412207e-09,1.9000003703695256e-07,n00000158,n00000158,n00000158,1,1
7805,Math,391.34978625,391.3511807,391.3497939,0.0013944499999638538,7.649999986369949e-06,0.0013867999999774838,n00000245,n00000245,n00000245,1,1
7807,Math,385.71386546,385.71386544,385.71386546,-2.0000015865662135e-08,0.0,-2.0000015865662135e-08,n00000242,n00000242,n00000242,1,0
7811,Math,382.06175866,382.06175834,382.06175866,-3.200000264769187e-07,0.0,-3.200000264769187e-07,n00000241,n00000241,n00000241,1,0
7812,Math,379.97811837,379.97811835,379.97811837,-2.0000015865662135e-08,0.0,-2.0000015865662135e-08,n00000241,n00000241,n00000241,1,0
7816,Math,390.71433787,390.71433729,390.71433787,-5.80000005356851e-07,0.0,-5.80000005356851e-07,n00000240,n00000240,n00000240,1,0
7818,Math,381.83438697,381.83438337,381.83438697,-3.6000000136482413e-06,0.0,-3.6000000136482413e-06,n00000241,n00000241,n00000241,1,0
7823,Math,383.74858797,383.74473445,383.74858797,-0.003853520000006938,0.0,-0.003853520000006938,n00000240,n00000240,n00000240,1,0
7836,Math,391.14538738,391.14540409,391.14538738,1.671000001124412e-05,0.0,1.671000001124412e-05,n00000157,n00000157,n00000157,1,0
7846,Math,375.47931079,375.47931034,375.47931079,-4.500000159168849e-07,0.0,-4.500000159168849e-07,n00000159,n00000159,n00000159,1,0
7850,Math,383.44264312,383.44264208,383.44264312,-1.040000029206567e-06,0.0,-1.040000029206567e-06,n00000241,n00000241,n00000241,1,0
7852,Math,382.26816626,382.26816626,382.26816626,0.0,0.0,0.0,n00000128,n00000128,n00000128,0,0
7853,Math,389.22616502,389.22616502,389.22616502,0.0,0.0,0.0,n00000155,n00000155,n00000155,0,0
7857,Math,382.72379583,382.72379583,382.72379583,0.0,0.0,0.0,n00000155,n00000155,n00000155,0,0
7858,Math,396.68324204,396.68324204,396.68324204,0.0,0.0,0.0,n00000157,n00000157,n00000157,0,0
7860,Math,385.59775225,385.59775226,385.59775225,1.0000007932831068e-08,0.0,1.0000007932831068e-08,n00000157,n00000157,n00000157,1,0
7861,Math,388.93252969,388.93252969,388.93252969,0.0,0.0,0.0,n00000159,n00000159,n00000159,0,0
7862,Math,384.35442772,384.35442772,384.35442772,0.0,0.0,0.0,n00000159,n00000159,n00000159,0,0
7863,Math,397.15450175,397.15450175,397.15450175,0.0,0.0,0.0,n00000155,n00000155,n00000155,0,0
7869,Math,381.94804322,381.94804322,381.94804322,0.0,0.0,0.0,n00000159,n00000159,n00000159,0,0
7874,Math,396.94649519,396.94649522,396.9575042,2.999996695507434e-08,0.011009010000009312,-0.011008980000042357,n00000037,n00000037,n00000037,1,1
7877,Math,393.85900738,393.85850404,393.85775658,-0.0005033399999661015,-0.0012507999999797903,0.0007474600000136888,n00000243,n00000243,n00000243,1,1
7883,Math,396.24717234,396.22546225,396.24717234,-0.021710089999999127,0.0,-0.021710089999999127,n00000161,n00000161,n00000161,1,0
7884,Math,384.43850987,384.43851137,384.43850987,1.499999996212864e-06,0.0,1.499999996212864e-06,n00000246,n00000246,n00000246,1,0
7885,Math,387.83173907,387.83173907,387.83173907,0.0,0.0,0.0,n00000158,n00000158,n00000158,0,0
7890,Math,387.75922671,387.75922705,387.75922673,3.39999985499162e-07,2.0000015865662135e-08,3.1999996963349986e-07,n00000128,n00000128,n00000128,1,1
7891,Math,395.89800416,395.89800416,395.89800416,0.0,0.0,0.0,n00000128,n00000128,n00000128,0,0
7895,Math,386.90873145,386.90873145,386.90873145,0.0,0.0,0.0,n00000154,n00000154,n00000154,0,0
7897,Math,397.4652415,397.4652415,397.4652415,0.0,0.0,0.0,n00000128,n00000128,n00000128,0,0
7902,Math,392.40391286,392.42251184,392.40394035,0.01859898000003568,2.749000003632318e-05,0.018571489999999358,n00000245,n00000245,n00000245,1,1
7905,Math,385.28730562,385.29950411,385.28730562,0.012198490000002948,0.0,0.012198490000002948,n00000161,n00000161,n00000161,1,0
7907,Math,401.48692321,401.48692318,401.48692321,-2.999996695507434e-08,0.0,-2.999996695507434e-08,n00000233,n00000233,n00000233,1,0
7918,Math,385.83963538,385.83962607,385.83963538,-9.309999995821272e-06,0.0,-9.309999995821272e-06,n00000241,n00000241,n00000241,1,0
7931,Math,391.2137688,391.21355413,391.2137688,-0.00021467000004804504,0.0,-0.00021467000004804504,n00000242,n00000242,n00000242,1,0
7935,Math,396.17483443,396.17483443,396.17483443,0.0,0.0,0.0,n00000240,n00000240,n00000240,0,0
7939,Math,383.1249902,383.12499018,383.1249902,-2.0000015865662135e-08,0.0,-2.0000015865662135e-08,n00000159,n00000159,n00000159,1,0
7940,Math,393.24192207,393.24192234,393.24192207,2.699999868127634e-07,0.0,2.699999868127634e-07,n00000128,n00000128,n00000128,1,0
7945,Math,389.11080544,389.11080544,389.11080544,0.0,0.0,0.0,n00000155,n00000155,n00000155,0,0
7948,Math,378.66645305,378.66645305,378.66645305,0.0,0.0,0.0,n00000155,n00000155,n00000155,0,0
7951,Math,375.69115832,375.6911227,375.69115832,-3.562000000556509e-05,0.0,-3.562000000556509e-05,n00000155,n00000155,n00000155,1,0
7952,Math,386.49569268,386.49569268,386.49569268,0.0,0.0,0.0,n00000158,n00000158,n00000158,0,0
7953,Math,385.76881577,385.76877411,385.76881577,-4.166000002214787e-05,0.0,-4.166000002214787e-05,n00000157,n00000157,n00000157,1,0
7955,Math,394.80090751,394.80090751,394.80090751,0.0,0.0,0.0,n00000158,n00000158,n00000158,0,0
7959,Math,385.79284822,385.79330792,386.12054608,0.0004597000000217122,0.3276978600000007,-0.32723815999997896,n00000304,n00000304,n00000304,1,1
7961,Math,381.77871279,381.77871279,381.77871279,0.0,0.0,0.0,n00000239,n00000239,n00000239,0,0
7962,Math,384.31871374,384.31871375,384.31871381,9.999951089412207e-09,6.999999868639861e-08,-6.00000475969864e-08,n00000245,n00000245,n00000245,1,1
7963,Math,383.84895346,383.84895345,383.84895346,-1.0000007932831068e-08,0.0,-1.0000007932831068e-08,n00000239,n00000239,n00000239,1,0
7969,Math,384.68716885,384.68716885,384.68716885,0.0,0.0,0.0,n00000159,n00000159,n00000159,0,0
7976,Math,377.67870319,377.67869573,377.67870319,-7.460000006176415e-06,0.0,-7.460000006176415e-06,n00000155,n00000155,n00000155,1,0
7984,Math,392.26823867,392.26823867,392.26823867,0.0,0.0,0.0,n00000155,n00000155,n00000155,0,0
8001,Math,387.41200384,387.41200384,387.41200384,0.0,0.0,0.0,n00000154,n00000154,n00000154,0,0
8003,Math,382.33970172,382.33970172,382.33970172,0.0,0.0,0.0,n00000154,n00000154,n00000154,0,0
8007,Math,388.46042694,388.46043011,388.46226492,3.1700000135970186e-06,0.0018379800000047908,-0.0018348099999911938,n00000245,n00000245,n00000245,1,1
8013,Math,389.54731178,389.52100894,389.54731178,-0.026302839999971184,0.0,-0.026302839999971184,n00000161,n00000161,n00000161,1,0
8014,Math,386.98246637,386.98246644,386.98246755,6.999999868639861e-08,1.1800000265793642e-06,-1.1100000278929656e-06,n00000246,n00000246,n00000246,1,1
8021,Math,386.50460826,386.50460713,386.50460454,-1.1299999869152089e-06,-3.7199999951553764e-06,2.5900000082401675e-06,n00000240,n00000240,n00000240,1,1
8022,Math,393.30204371,393.30204371,393.30204371,0.0,0.0,0.0,n00000232,n00000232,n00000232,0,0
8025,Math,388.58886688,388.58886537,388.58886682,-1.5100000041456951e-06,-5.999999075356754e-08,-1.4500000133921276e-06,n00000161,n00000161,n00000161,1,1
8029,Math,402.5854718,402.5854718,402.5854718,0.0,0.0,0.0,n00000232,n00000232,n00000232,0,0
8038,Math,392.23301929,392.23301929,392.23301929,0.0,0.0,0.0,n00000128,n00000128,n00000128,0,0
8042,Math,379.83856543,379.8385528,379.8422042,-1.2630000014723919e-05,0.003638770000009117,-0.003651400000023841,n00000159,n00000159,n00000159,1,1
8044,Math,378.22873582,378.22873582,378.22873582,0.0,0.0,0.0,n00000159,n00000159,n00000159,0,0
8047,Math,382.03578509,382.03578498,382.03578509,-1.0999997357430402e-07,0.0,-1.0999997357430402e-07,n00000159,n00000159,n00000159,1,0
8048,Math,382.86944663,382.86944648,382.86944663,-1.500000053056283e-07,0.0,-1.500000053056283e-07,n00000241,n00000241,n00000241,1,0
8049,Math,384.40873241,384.4087324,384.40873241,-1.0000007932831068e-08,0.0,-1.0000007932831068e-08,n00000159,n00000159,n00000159,1,0
8051,Math,382.61933088,382.61933088,382.61933088,0.0,0.0,0.0,n00000159,n00000159,n00000159,0,0
8052,Math,391.18322319,391.18322319,391.18322319,0.0,0.0,0.0,n00000155,n00000155,n00000155,0,0
8053,Math,369.21256529,369.21256489,369.21256529,-3.9999997625272954e-07,0.0,-3.9999997625272954e-07,n00000155,n00000155,n00000155,1,0
8057,Math,382.11844933,382.11844932,382.11844932,-9.999951089412207e-09,-9.999951089412207e-09,0.0,n00000130,n00000130,n00000130,1,1
8058,Math,384.88887522,384.88887522,384.88887522,0.0,0.0,0.0,n00000155,n00000155,n00000155,0,0
8059,Math,390.08479685,390.08479685,390.08479685,0.0,0.0,0.0,n00000239,n00000239,n00000239,0,0
8061,Math,384.0309266,384.0309266,384.0309266,0.0,0.0,0.0,n00000159,n00000159,n00000159,0,0
8063,Math,391.27545971,391.27545971,391.27545971,0.0,0.0,0.0,n00000238,n00000238,n00000238,0,0
8064,Math,376.2960687,376.2960687,376.2960687,0.0,0.0,0.0,n00000155,n00000155,n00000155,0,0
8065,Math,390.76115608,390.76115608,390.76115608,0.0,0.0,0.0,n00000239,n00000239,n00000239,0,0
8066,Math,385.34843378,385.34843395,385.34843379,1.7000002117129043e-07,1.0000007932831068e-08,1.6000001323845936e-07,n00000245,n00000245,n00000245,1,1
8079,Math,386.23283676,386.23283676,386.23283676,0.0,0.0,0.0,n00000128,n00000128,n00000128,0,0
8080,Math,392.69572915,392.6820176,392.69572915,-0.013711549999982253,0.0,-0.013711549999982253,n00000161,n00000161,n00000161,1,0
8081,Math,379.87108995,379.87108995,379.86916886,0.0,-0.001921089999996184,0.001921089999996184,n00000037,n00000037,n00000037,0,1
8083,Math,390.52764458,390.52764458,390.52764458,0.0,0.0,0.0,n00000159,n00000159,n00000159,0,0
8086,Math,397.14292971,397.14292971,397.14292971,0.0,0.0,0.0,n00000158,n00000158,n00000158,0,0
8087,Math,382.38120114,382.38120114,382.38120114,0.0,0.0,0.0,n00000129,n00000129,n00000129,0,0
8094,Math,426.9617338,426.9617338,426.9617338,0.0,0.0,0.0,n00000151,n00000151,n00000151,0,0
8096,Math,402.66544422,402.66544422,402.66544316,0.0,-1.0599999882288103e-06,1.0599999882288103e-06,n00000243,n00000243,n00000243,0,1
8097,Math,393.01474371,393.01474371,393.01474371,0.0,0.0,0.0,n00000157,n00000157,n00000157,0,0
8102,Math,382.63624314,382.63624314,382.63624314,0.0,0.0,0.0,n00000154,n00000154,n00000154,0,0
8105,Math,405.86657052,405.86657052,405.86657052,0.0,0.0,0.0,n00000196,n00000196,n00000196,0,0
8108,Math,392.74704084,392.7556247,392.74709189,0.008583859999987453,5.104999996774495e-05,0.008532810000019708,n00000161,n00000245,n00000161,1,1
8109,Math,402.38497627,402.38497627,402.38497627,0.0,0.0,0.0,n00000196,n00000196,n00000196,0,0
8110,Math,393.91978561,393.91977085,393.91978562,-1.475999999911437e-05,1.0000007932831068e-08,-1.4770000007047202e-05,n00000151,n00000151,n00000151,1,1
8117,Math,397.3076019,397.30760161,397.30760193,-2.900000026784255e-07,2.999996695507434e-08,-3.1999996963349986e-07,n00000232,n00000232,n00000232,1,1
8126,Math,382.33057293,382.33057292,382.33057293,-1.0000007932831068e-08,0.0,-1.0000007932831068e-08,n00000241,n00000241,n00000241,1,0
8129,Math,386.71769342,386.71769122,386.71769342,-2.19999998307685e-06,0.0,-2.19999998307685e-06,n00000242,n00000242,n00000242,1,0
8134,Math,397.88706513,397.88706513,397.88706513,0.0,0.0,0.0,n00000240,n00000240,n00000240,0,0
8135,Math,389.5946872,389.59464737,389.5946872,-3.9829999991525256e-05,0.0,-3.9829999991525256e-05,n00000241,n00000241,n00000241,1,0
8139,Math,387.6046722,387.60463368,387.6046722,-3.8519999975505925e-05,0.0,-3.8519999975505925e-05,n00000242,n00000242,n00000242,1,0
8140,Math,388.67634,388.67633983,388.67634,-1.6999996432787157e-07,0.0,-1.6999996432787157e-07,n00000242,n00000242,n00000242,1,0
8144,Math,391.53775231,391.5377523,391.53775231,-9.999951089412207e-09,0.0,-9.999951089412207e-09,n00000242,n00000242,n00000242,1,0
8145,Math,382.30123009,382.30121931,382.30122625,-1.0779999968235643e-05,-3.8399999766625115e-06,-6.939999991573131e-06,n00000066,n00000066,n00000066,1,1
8148,Math,380.2250741,380.22506984,380.40547628,-4.259999968780903e-06,0.18040218000004415,-0.18040644000001294,n00000241,n00000241,n00000241,1,1
8149,Math,387.38648061,387.40183319,387.39688686,0.015352580000012495,0.010406250000016826,0.004946329999995669,n00000240,n00000240,n00000240,1,1
8150,Math,384.06933051,384.06932677,384.06933051,-3.7400000110210385e-06,0.0,-3.7400000110210385e-06,n00000241,n00000241,n00000241,1,0
8152,Math,383.70615078,383.7061573,383.70615078,6.51999999945474e-06,0.0,6.51999999945474e-06,n00000159,n00000159,n00000159,1,0
8153,Math,382.55360823,382.55360823,382.55360823,0.0,0.0,0.0,n00000154,n00000154,n00000154,0,0
8157,Math,387.02531359,387.02531359,387.02531359,0.0,0.0,0.0,n00000128,n00000128,n00000128,0,0
8169,Math,385.3081439,385.3081439,385.3081439,0.0,0.0,0.0,n00000155,n00000155,n00000155,0,0
8171,Math,386.18039328,386.18039328,386.18039328,0.0,0.0,0.0,n00000159,n00000159,n00000159,0,0
8174,Math,384.20697189,384.20697187,384.20687647,-1.9999959022243274e-08,-9.541999997964012e-05,9.540000002061788e-05,n00000303,n00000303,n00000303,1,1
8176,Math,392.1645176,392.1645176,392.1645176,0.0,0.0,0.0,n00000159,n00000159,n00000159,0,0
8185,Math,383.74153139,383.74153139,383.74153139,0.0,0.0,0.0,n00000239,n00000239,n00000239,0,0
8189,Math,389.59291889,389.59291889,389.59291708,0.0,-1.8100000147569517e-06,1.8100000147569517e-06,n00000303,n00000303,n00000303,0,1
8193,Math,383.00618427,383.00618427,383.00618427,0.0,0.0,0.0,n00000155,n00000155,n00000155,0,0
8194,Math,394.65592108,394.65592108,394.65592108,0.0,0.0,0.0,n00000157,n00000157,n00000157,0,0
8195,Math,381.7877335,381.78773358,381.7877335,8.000000661922968e-08,0.0,8.000000661922968e-08,n00000245,n00000245,n00000245,1,0
8196,Math,382.39812266,382.39812266,382.39812266,0.0,0.0,0.0,n00000158,n00000158,n00000158,0,0
8197,Math,377.93820479,377.93820503,377.93820479,2.4000001985768904e-07,0.0,2.4000001985768904e-07,n00000238,n00000238,n00000238,1,0
8198,Math,386.75053153,386.75053153,386.75053054,0.0,-9.899999895424116e-07,9.899999895424116e-07,n00000243,n00000243,n00000243,0,1
8199,Math,391.74481366,392.32421026,391.74481366,0.5793965999999955,0.0,0.5793965999999955,n00000158,n00000245,n00000158,1,0
8201,Math,379.74883487,379.74883531,379.74883495,4.400000079840538e-07,8.000000661922968e-08,3.6000000136482413e-07,n00000246,n00000246,n00000246,1,1
8202,Math,374.15123901,374.15123901,374.15031336,0.0,-0.0009256499999992229,0.0009256499999992229,n00000037,n00000037,n00000037,0,1
8203,Math,393.36201818,393.36201818,393.36201818,0.0,0.0,0.0,n00000159,n00000159,n00000159,0,0
8204,Math,389.49146182,389.49146182,389.49146182,0.0,0.0,0.0,n00000239,n00000239,n00000239,0,0
8207,Math,382.98430005,382.98429997,382.98430005,-8.000000661922968e-08,0.0,-8.000000661922968e-08,n00000159,n00000159,n00000159,1,0
8220,Math,402.84070568,402.84070568,402.8407053,0.0,-3.799999603870674e-07,3.799999603870674e-07,n00000243,n00000243,n00000243,0,1
8225,Math,388.16320981,388.16320981,388.16320981,0.0,0.0,0.0,n00000154,n00000154,n00000154,0,0
8228,Math,390.49311724,390.49311724,390.49311724,0.0,0.0,0.0,n00000154,n00000154,n00000154,0,0
8230,Math,399.86323554,399.85962112,399.86323554,-0.003614420000019436,0.0,-0.003614420000019436,n00000056,n00000056,n00000056,1,0
8233,Math,386.56566532,387.3087637,386.5752137,0.7430983799999922,0.009548380000012457,0.7335499999999797,n00000161,n00000245,n00000161,1,1
8237,Math,396.60393363,396.6039333,396.60393363,-3.2999997756633093e-07,0.0,-3.2999997756633093e-07,n00000240,n00000240,n00000240,1,0
8239,Math,388.39519735,388.39519735,388.39519735,0.0,0.0,0.0,n00000232,n00000232,n00000232,0,0
8243,Math,382.1754153,382.17541361,382.1754153,-1.6899999764063978e-06,0.0,-1.6899999764063978e-06,n00000242,n00000242,n00000242,1,0
8244,Math,415.20318124,415.20319354,415.20319721,1.2299999980314169e-05,1.596999999264881e-05,-3.67000001233464e-06,n00000037,n00000037,n00000037,1,1
8245,Math,414.53759689,414.53759689,414.53759689,0.0,0.0,0.0,n00000232,n00000232,n00000232,0,0
8246,Math,407.48386174,407.48386174,407.48386174,0.0,0.0,0.0,n00000232,n00000232,n00000232,0,0
8252,Math,385.80603458,385.80599363,385.80603458,-4.095000002735105e-05,0.0,-4.095000002735105e-05,n00000161,n00000161,n00000161,1,0
8264,Math,382.89255194,382.89254907,382.89255194,-2.870000002985762e-06,0.0,-2.870000002985762e-06,n00000241,n00000241,n00000241,1,0
8270,Math,385.62421799,385.62421799,385.62423796,0.0,1.99700000393932e-05,-1.99700000393932e-05,n00000157,n00000157,n00000157,0,1
8271,Math,397.13428554,397.13428554,397.13428554,0.0,0.0,0.0,n00000128,n00000128,n00000128,0,0
8272,Math,387.96466724,387.96466723,387.96466724,-1.0000007932831068e-08,0.0,-1.0000007932831068e-08,n00000159,n00000159,n00000159,1,0
8277,Math,380.66327617,380.66326977,380.66327617,-6.400000017947605e-06,0.0,-6.400000017947605e-06,n00000242,n00000242,n00000242,1,0
8282,Math,376.72914732,376.72892463,376.72914733,-0.00022268999998686922,1.0000007932831068e-08,-0.00022269999999480206,n00000158,n00000158,n00000158,1,1
8283,Math,399.99126642,399.99126642,399.99126642,0.0,0.0,0.0,n00000232,n00000232,n00000232,0,0
8286,Math,382.74705968,382.74706469,382.74705968,5.009999995309045e-06,0.0,5.009999995309045e-06,n00000159,n00000159,n00000159,1,0
8287,Math,388.30529294,388.30529294,388.30529294,0.0,0.0,0.0,n00000232,n00000232,n00000232,0,0
8289,Math,383.47037933,383.47037933,383.47037933,0.0,0.0,0.0,n00000158,n00000158,n00000158,0,0
8292,Math,377.79331435,377.79318991,377.79331435,-0.00012443999997913124,0.0,-0.00012443999997913124,n00000158,n00000158,n00000158,1,0
8295,Math,391.10913971,391.10913971,391.10913971,0.0,0.0,0.0,n00000158,n00000158,n00000158,0,0
8297,Math,392.40288518,392.40288518,392.40288518,0.0,0.0,0.0,n00000239,n00000239,n00000239,0,0
8303,Math,388.51469218,388.51469218,388.51469218,0.0,0.0,0.0,n00000159,n00000159,n00000159,0,0
8304,Math,410.70474447,410.70474447,410.70474447,0.0,0.0,0.0,n00000151,n00000151,n00000151,0,0
8306,Math,392.38529125,392.38529125,392.38529125,0.0,0.0,0.0,n00000239,n00000239,n00000239,0,0
8309,Math,392.33061962,392.33061962,392.33061962,0.0,0.0,0.0,n00000158,n00000158,n00000158,0,0
8314,Math,387.56450579,387.56450579,387.56450579,0.0,0.0,0.0,n00000239,n00000239,n00000239,0,0
8315,Math,385.7378268,385.7378268,385.7378268,0.0,0.0,0.0,n00000155,n00000155,n00000155,0,0
8320,Math,391.75051171,391.75051171,391.75051171,0.0,0.0,0.0,n00000158,n00000158,n00000158,0,0
8321,Math,387.93725783,387.93725783,387.93725783,0.0,0.0,0.0,n00000159,n00000159,n00000159,0,0
8327,Math,397.50116293,397.49911943,397.50116293,-0.0020435000000134096,0.0,-0.0020435000000134096,n00000161,n00000161,n00000161,1,0
8332,Math,391.65155446,391.65155446,391.65155446,0.0,0.0,0.0,n00000128,n00000128,n00000128,0,0
8336,Math,381.69618078,381.66770069,381.69623127,-0.02848009000001639,5.0489999978253763e-05,-0.028530579999994643,n00000194,n00000194,n00000194,1,1
8338,Math,395.40502252,395.40629482,395.40502254,0.0012723000000391949,2.0000015865662135e-08,0.0012722800000233292,n00000245,n00000245,n00000245,1,1
8343,Math,391.35082807,391.35082804,391.35146891,-2.999996695507434e-08,0.0006408400000168513,-0.0006408699999838063,n00000245,n00000245,n00000245,1,1
8344,Math,387.99118294,387.99118328,387.99118294,3.39999985499162e-07,0.0,3.39999985499162e-07,n00000151,n00000151,n00000151,1,0
8348,Math,390.40905935,390.40905923,390.40905935,-1.199999815071351e-07,0.0,-1.199999815071351e-07,n00000242,n00000242,n00000242,1,0
8354,Math,390.50858732,390.50848633,390.50858732,-0.00010099000002128378,0.0,-0.00010099000002128378,n00000242,n00000242,n00000242,1,0
8358,Math,396.98820455,397.0269986,397.28872584,0.03879405000003544,0.30052129000000605,-0.2617272399999706,n00000037,n00000037,n00000037,1,1
8361,Math,390.23148818,390.23148818,390.23148818,0.0,0.0,0.0,n00000232,n00000232,n00000232,0,0
8369,Math,376.9198478,376.9198478,376.91984734,0.0,-4.6000002384971594e-07,4.6000002384971594e-07,n00000128,n00000128,n00000128,0,1
8372,Math,384.88578612,384.88578612,384.88578612,0.0,0.0,0.0,n00000154,n00000154,n00000154,0,0
8374,Math,385.48264981,385.48264981,385.48264981,0.0,0.0,0.0,n00000159,n00000159,n00000159,0,0
8375,Math,381.94902138,381.94901216,381.94902138,-9.219999981269211e-06,0.0,-9.219999981269211e-06,n00000242,n00000242,n00000242,1,0
8376,Math,382.72985244,382.72985544,382.72985245,2.999999992425728e-06,1.0000007932831068e-08,2.989999984492897e-06,n00000239,n00000239,n00000239,1,1
8380,Math,388.39548468,388.39548448,388.39548468,-1.9999998812636477e-07,0.0,-1.9999998812636477e-07,n00000242,n00000242,n00000242,1,0
8385,Math,376.96630184,376.96661251,376.96583195,0.0003106699999761986,-0.00046989000003350156,0.0007805600000097002,n00000161,n00000161,n00000161,1,1
8388,Math,408.62928433,408.62928433,408.62928433,0.0,0.0,0.0,n00000232,n00000232,n00000232,0,0
8390,Math,380.45830895,380.4582831,380.45830895,-2.58499999858941e-05,0.0,-2.58499999858941e-05,n00000242,n00000242,n00000242,1,0
8399,Math,377.23007645,377.23007645,377.23007645,0.0,0.0,0.0,n00000158,n00000158,n00000158,0,0
8400,Math,386.53136624,386.53136624,386.53136624,0.0,0.0,0.0,n00000159,n00000159,n00000159,0,0
8401,Math,386.54133688,386.54133688,386.54133688,0.0,0.0,0.0,n00000155,n00000155,n00000155,0,0
8403,Math,394.04039714,394.04039721,394.04039717,6.999999868639861e-08,3.00000237984932e-08,3.999997488790541e-08,n00000157,n00000157,n00000157,1,1
8404,Math,388.06111408,388.0611141,388.06111408,2.0000015865662135e-08,0.0,2.0000015865662135e-08,n00000158,n00000158,n00000158,1,0
8406,Math,393.74105983,393.74105983,393.74105983,0.0,0.0,0.0,n00000238,n00000238,n00000238,0,0
8407,Math,386.8331265,386.8331265,386.8331265,0.0,0.0,0.0,n00000239,n00000239,n00000239,0,0
8416,Math,388.87555404,388.87555404,388.87555404,0.0,0.0,0.0,n00000154,n00000154,n00000154,0,0
8420,Math,390.15649563,390.15649563,390.15649563,0.0,0.0,0.0,n00000157,n00000157,n00000157,0,0
8422,Math,375.09713892,375.09713889,375.09713905,-3.00000237984932e-08,1.2999998943996616e-07,-1.6000001323845936e-07,n00000154,n00000154,n00000154,1,1
8427,Math,388.88027141,388.88027141,388.88027141,0.0,0.0,0.0,n00000157,n00000157,n00000157,0,0
8435,Math,391.50807537,391.50807537,391.50807537,0.0,0.0,0.0,n00000128,n00000128,n00000128,0,0
8441,Math,391.20609295,391.20609327,391.20609295,3.1999996963349986e-07,0.0,3.1999996963349986e-07,n00000245,n00000245,n00000245,1,0
8444,Math,378.52886196,378.56538721,378.52886152,0.036525250000011056,-4.3999995114063495e-07,0.036525689999962196,n00000220,n00000220,n00000220,1,1
8445,Math,394.1220801,394.11518902,394.1220801,-0.006891080000002603,0.0,-0.006891080000002603,n00000161,n00000161,n00000161,1,0
8448,Math,400.66557543,400.66870118,400.66557543,0.003125750000037897,0.0,0.003125750000037897,n00000245,n00000245,n00000245,1,0
8451,Math,380.05743772,380.05743767,380.05743772,-4.999998282073648e-08,0.0,-4.999998282073648e-08,n00000241,n00000241,n00000241,1,0
8453,Math,385.8858955,385.88567937,385.8858955,-0.00021613000001252658,0.0,-0.00021613000001252658,n00000161,n00000161,n00000161,1,0
8454,Math,383.5404584,383.54012549,383.5404584,-0.00033290999999735504,0.0,-0.00033290999999735504,n00000240,n00000240,n00000240,1,0
8456,Math,405.02121599,405.02314725,405.02787979,0.001931260000048951,0.006663800000012543,-0.004732539999963592,n00000037,n00000037,n00000037,1,1
8458,Math,386.54391001,386.54390243,386.54391001,-7.57999998768355e-06,0.0,-7.57999998768355e-06,n00000241,n00000241,n00000241,1,0
8463,Math,393.06488704,393.06488657,393.06488704,-4.6999997493912815e-07,0.0,-4.6999997493912815e-07,n00000240,n00000240,n00000240,1,0
8468,Math,388.30356263,388.30354382,388.30356263,-1.8809999971836078e-05,0.0,-1.8809999971836078e-05,n00000240,n00000240,n00000240,1,0
8474,Math,393.04383934,393.04383934,393.04383934,0.0,0.0,0.0,n00000158,n00000158,n00000158,0,0
8477,Math,379.61035423,379.61035423,379.61035423,0.0,0.0,0.0,n00000238,n00000238,n00000238,0,0
8481,Math,379.83993331,379.83993331,379.83993224,0.0,-1.0699999961616413e-06,1.0699999961616413e-06,n00000155,n00000155,n00000155,0,1
8482,Math,387.47738998,387.47738998,387.47738998,0.0,0.0,0.0,n00000155,n00000155,n00000155,0,0
8486,Math,391.0584735,391.0584735,391.0584735,0.0,0.0,0.0,n00000155,n00000155,n00000155,0,0
8490,Math,384.32341966,384.32341966,384.32341966,0.0,0.0,0.0,n00000155,n00000155,n00000155,0,0
8495,Math,388.18171001,388.18170997,388.18171001,-4.000003173132427e-08,0.0,-4.000003173132427e-08,n00000242,n00000242,n00000242,1,0
8498,Math,385.44186323,385.44186291,385.44186323,-3.200000264769187e-07,0.0,-3.200000264769187e-07,n00000159,n00000159,n00000159,1,0
8508,Math,382.77686079,382.77686237,382.77687657,1.5800000028320937e-06,1.5780000012455275e-05,-1.4200000009623182e-05,n00000155,n00000155,n00000155,1,1
8510,Math,392.19590256,392.19590256,392.19590256,0.0,0.0,0.0,n00000157,n00000157,n00000157,0,0
8512,Math,384.35489211,384.35489211,384.35489211,0.0,0.0,0.0,n00000154,n00000154,n00000154,0,0
8513,Math,382.15312314,382.15312314,382.15312316,0.0,2.0000015865662135e-08,-2.0000015865662135e-08,n00000159,n00000159,n00000159,0,1
8519,Math,388.53696382,388.53696382,388.53696382,0.0,0.0,0.0,n00000239,n00000239,n00000239,0,0
8525,Math,385.2315281,385.2315281,385.2315281,0.0,0.0,0.0,n00000155,n00000155,n00000155,0,0
8527,Math,391.70242194,391.70242194,391.70242194,0.0,0.0,0.0,n00000157,n00000157,n00000157,0,0
8529,Math,385.63972627,385.63972627,385.63972848,0.0,2.2099999910096813e-06,-2.2099999910096813e-06,n00000159,n00000159,n00000159,0,1
8537,Math,390.92278777,392.16946801,390.92278777,1.2466802399999892,0.0,1.2466802399999892,n00000161,n00000245,n00000161,1,0
8541,Math,392.39247243,392.39247243,392.39247243,0.0,0.0,0.0,n00000154,n00000154,n00000154,0,0
8547,Math,379.31231311,379.31423477,383.16542347,0.001921659999993608,3.8531103600000165,-3.851188700000023,n00000183,n00000183,n00000183,1,1
8549,Math,379.40977375,379.40983418,379.40977375,6.043000001909604e-05,0.0,6.043000001909604e-05,n00000246,n00000246,n00000246,1,0
8551,Math,395.74044662,395.72783722,395.74044677,-0.012609399999973903,1.500000053056283e-07,-0.012609549999979208,n00000161,n00000161,n00000161,1,1
8561,Math,415.68939619,415.68939619,415.68939619,0.0,0.0,0.0,n00000232,n00000232,n00000232,0,0
8562,Math,409.87403039,409.87403039,409.87403039,0.0,0.0,0.0,n00000232,n00000232,n00000232,0,0
8564,Math,383.91538389,383.91538326,383.91538389,-6.299999881775875e-07,0.0,-6.299999881775875e-07,n00000241,n00000241,n00000241,1,0
8569,Math,386.6521232,386.65212314,386.6521232,-5.999999075356754e-08,0.0,-5.999999075356754e-08,n00000242,n00000242,n00000242,1,0
8572,Math,364.1930319,364.19303024,364.1930319,-1.6600000094513234e-06,0.0,-1.6600000094513234e-06,n00000241,n00000241,n00000241,1,0
8578,Math,386.8379298,386.8379298,386.8379298,0.0,0.0,0.0,n00000128,n00000128,n00000128,0,0
8579,Math,382.30491446,382.30491446,382.30491446,0.0,0.0,0.0,n00000239,n00000239,n00000239,0,0
8581,Math,384.79817745,384.79817745,384.79817745,0.0,0.0,0.0,n00000155,n00000155,n00000155,0,0
8584,Math,382.43784772,382.43784764,382.43784772,-8.000000661922968e-08,0.0,-8.000000661922968e-08,n00000155,n00000155,n00000155,1,0
8585,Math,382.85604749,382.85604682,382.85604749,-6.699999630654929e-07,0.0,-6.699999630654929e-07,n00000155,n00000155,n00000155,1,0
8586,Math,384.92835103,384.92835103,384.92835103,0.0,0.0,0.0,n00000159,n00000159,n00000159,0,0
8590,Math,386.29364342,386.29364682,386.29364342,3.3999999686784577e-06,0.0,3.3999999686784577e-06,n00000158,n00000158,n00000158,1,0
8592,Math,376.72848634,376.72848632,376.72848634,-2.0000015865662135e-08,0.0,-2.0000015865662135e-08,n00000158,n00000158,n00000158,1,0
8593,Math,384.23458895,384.23458895,384.23458895,0.0,0.0,0.0,n00000155,n00000155,n00000155,0,0
8602,Math,384.07918329,384.07918329,384.07918329,0.0,0.0,0.0,n00000155,n00000155,n00000155,0,0
8606,Math,389.05152751,389.05152751,389.05152751,0.0,0.0,0.0,n00000238,n00000238,n00000238,0,0
8608,Math,377.01476806,377.01476806,377.01476806,0.0,0.0,0.0,n00000157,n00000157,n00000157,0,0
8609,Math,391.25110358,391.25110358,391.25110358,0.0,0.0,0.0,n00000155,n00000155,n00000155,0,0
8610,Math,381.08771854,381.08771856,381.08771854,1.9999959022243274e-08,0.0,1.9999959022243274e-08,n00000130,n00000130,n00000130,1,0
8612,Math,385.09511075,385.09511075,385.09511075,0.0,0.0,0.0,n00000238,n00000238,n00000238,0,0
8617,Math,382.69736585,382.69736585,382.69736585,0.0,0.0,0.0,n00000155,n00000155,n00000155,0,0
8620,Math,377.25569852,377.25569852,377.25569852,0.0,0.0,0.0,n00000154,n00000154,n00000154,0,0
8624,Math,391.77396903,391.77396903,391.77396901,0.0,-2.0000015865662135e-08,2.0000015865662135e-08,n00000155,n00000155,n00000155,0,1
8625,Math,384.9828488,384.98421449,384.9828488,0.001365690000000086,0.0,0.001365690000000086,n00000157,n00000157,n00000157,1,0
8628,Math,381.79010867,381.79010867,381.79010867,0.0,0.0,0.0,n00000154,n00000154,n00000154,0,0
8629,Math,400.31759763,400.31759763,400.31759721,0.0,-4.2000004896181053e-07,4.2000004896181053e-07,n00000243,n00000243,n00000243,0,1
8630,Math,389.09841019,389.14706643,389.10272277,0.048656240000013895,0.00431258000003254,0.044343659999981355,n00000239,n00000239,n00000239,1,1
8637,Math,395.53536658,395.53676616,395.53537722,0.0013995799999975134,1.0639999970862846e-05,0.0013889400000266505,n00000188,n00000188,n00000188,1,1
8640,Math,393.44804947,393.44804947,393.44804947,0.0,0.0,0.0,n00000157,n00000157,n00000157,0,0
8643,Math,390.04508667,390.04508667,390.04508667,0.0,0.0,0.0,n00000155,n00000155,n00000155,0,0
8648,Math,388.75728686,388.83509372,388.75728699,0.07780685999995285,1.2999998943996616e-07,0.07780672999996341,n00000158,n00000158,n00000158,1,1
8649,Math,388.58247986,389.29889672,388.58258923,0.716416860000038,0.0001093700000183162,0.7163074900000197,n00000161,n00000245,n00000161,1,1
8656,Math,394.92328592,394.92328592,394.92328592,0.0,0.0,0.0,n00000128,n00000128,n00000128,0,0
8662,Math,394.19978552,394.19910496,394.19984275,-0.0006805599999779588,5.723000003854395e-05,-0.0007377900000165027,n00000161,n00000161,n00000161,1,1
8663,Math,392.91261245,392.91261439,392.91261259,1.940000004196918e-06,1.3999999737279722e-07,1.8000000068241206e-06,n00000245,n00000245,n00000245,1,1
8666,Math,394.79608804,394.79608806,394.79609149,2.0000015865662135e-08,3.450000008342613e-06,-3.429999992476951e-06,n00000233,n00000233,n00000233,1,1
8669,Math,395.48609538,395.48610619,395.48609555,1.0809999992034136e-05,1.7000002117129043e-07,1.0639999970862846e-05,n00000151,n00000151,n00000151,1,1
8671,Math,391.27558364,391.2756068,391.27558401,2.316000001201246e-05,3.700000092976552e-07,2.2790000002714805e-05,n00000245,n00000245,n00000245,1,1
8674,Math,396.01069449,396.01065501,396.01069449,-3.947999999809326e-05,0.0,-3.947999999809326e-05,n00000161,n00000161,n00000161,1,0
8675,Math,392.98173986,392.98173986,392.98173986,0.0,0.0,0.0,n00000245,n00000245,n00000245,0,0
8680,Math,388.79094561,388.79094561,388.79093498,0.0,-1.0630000019773433e-05,1.0630000019773433e-05,n00000169,n00000169,n00000169,0,1
8684,Math,369.947794,369.94779387,369.947794,-1.2999998943996616e-07,0.0,-1.2999998943996616e-07,n00000241,n00000241,n00000241,1,0
8685,Math,391.6677463,391.6677463,391.6677463,0.0,0.0,0.0,n00000240,n00000240,n00000240,0,0
8688,Math,379.92041559,379.92038451,379.92041558,-3.107999998519517e-05,-1.0000007932831068e-08,-3.106999997726234e-05,n00000240,n00000240,n00000240,1,1
8690,Math,391.7561749,391.75617454,391.7561749,-3.6000000136482413e-07,0.0,-3.6000000136482413e-07,n00000240,n00000240,n00000240,1,0
8695,Math,384.85474089,384.85474088,384.85474089,-1.0000007932831068e-08,0.0,-1.0000007932831068e-08,n00000232,n00000232,n00000232,1,0
8697,Math,415.79840711,415.79840711,415.79840711,0.0,0.0,0.0,n00000232,n00000232,n00000232,0,0
8700,Math,385.25430649,385.25419694,385.25430649,-0.00010954999999057691,0.0,-0.00010954999999057691,n00000240,n00000240,n00000240,1,0
8701,Math,397.47890436,397.47890435,397.47890436,-1.0000007932831068e-08,0.0,-1.0000007932831068e-08,n00000242,n00000242,n00000242,1,0
8715,Math,377.09004637,377.09004637,377.09004637,0.0,0.0,0.0,n00000154,n00000154,n00000154,0,0
8717,Math,389.16942859,389.16942859,389.16942859,0.0,0.0,0.0,n00000155,n00000155,n00000155,0,0
8718,Math,392.05042299,392.05042299,392.05042299,0.0,0.0,0.0,n00000239,n00000239,n00000239,0,0
8722,Math,384.14728573,384.14728573,384.14728573,0.0,0.0,0.0,n00000155,n00000155,n00000155,0,0
8723,Math,384.89952708,384.89747714,384.89952712,-0.002049940000006245,4.000003173132427e-08,-0.0020499800000379764,n00000161,n00000161,n00000161,1,1
8727,Math,383.62976512,383.62976511,383.62976512,-1.0000007932831068e-08,0.0,-1.0000007932831068e-08,n00000159,n00000159,n00000159,1,0
8728,Math,383.29059399,383.29059398,383.29059399,-1.0000007932831068e-08,0.0,-1.0000007932831068e-08,n00000159,n00000159,n00000159,1,0
8729,Math,393.31802281,393.31802281,393.31802281,0.0,0.0,0.0,n00000155,n00000155,n00000155,0,0
8735,Math,395.28354032,395.28354229,395.28354032,1.970000027995411e-06,0.0,1.970000027995411e-06,n00000245,n00000245,n00000245,1,0
8740,Math,387.23202614,387.23202588,387.23206206,-2.600000357233512e-07,3.591999995933293e-05,-3.617999999505628e-05,n00000154,n00000154,n00000154,1,1
8750,Math,381.80230372,381.80230372,381.80230372,0.0,0.0,0.0,n00000159,n00000159,n00000159,0,0
8753,Math,385.51946857,385.51946857,385.51946857,0.0,0.0,0.0,n00000158,n00000158,n00000158,0,0
8754,Math,387.79548346,387.79548346,387.79548346,0.0,0.0,0.0,n00000239,n00000239,n00000239,0,0
8755,Math,389.59175767,389.59371733,389.59175767,0.001959660000011354,0.0,0.001959660000011354,n00000238,n00000238,n00000238,1,0
8762,Math,397.61737565,397.61737565,397.61737509,0.0,-5.599999894911889e-07,5.599999894911889e-07,n00000243,n00000243,n00000243,0,1
8765,Math,408.83352668,408.83352668,408.83352639,0.0,-2.900000026784255e-07,2.900000026784255e-07,n00000243,n00000243,n00000243,0,1
8768,Math,411.18194966,411.1833962,411.19534726,0.0014465400000176487,0.013397600000018883,-0.011951060000001235,n00000037,n00000037,n00000037,1,1
8769,Math,389.98213023,389.98213023,389.98213023,0.0,0.0,0.0,n00000239,n00000239,n00000239,0,0
8778,Math,394.47069816,394.47069816,394.47069816,0.0,0.0,0.0,n00000128,n00000128,n00000128,0,0
8783,Math,381.66684724,381.64466134,381.66684724,-0.022185899999954017,0.0,-0.022185899999954017,n00000221,n00000221,n00000221,1,0
8791,Math,411.29785269,411.29785269,411.29785269,0.0,0.0,0.0,n00000232,n00000232,n00000232,0,0
8799,Math,413.02012802,413.02012802,413.02012802,0.0,0.0,0.0,n00000196,n00000196,n00000196,0,0
8800,Math,377.50082099,377.50082055,377.50082099,-4.400000079840538e-07,0.0,-4.400000079840538e-07,n00000241,n00000241,n00000241,1,0
8808,Math,386.41730199,386.41730199,386.41730199,0.0,0.0,0.0,n00000239,n00000239,n00000239,0,0
8815,Math,384.16772178,384.16772061,384.16772178,-1.1700000186465331e-06,0.0,-1.1700000186465331e-06,n00000242,n00000242,n00000242,1,0
8818,Math,380.91363896,380.91362197,380.91363896,-1.6990000005989714e-05,0.0,-1.6990000005989714e-05,n00000159,n00000159,n00000159,1,0
8822,Math,414.49243042,414.49243042,414.49243042,0.0,0.0,0.0,n00000151,n00000151,n00000151,0,0
8824,Math,378.05882351,378.05881366,378.05882351,-9.850000026290218e-06,0.0,-9.850000026290218e-06,n00000157,n00000157,n00000157,1,0
8834,Math,385.69849858,385.69849013,385.69849858,-8.449999995718827e-06,0.0,-8.449999995718827e-06,n00000159,n00000159,n00000159,1,0
8837,Math,391.587826,391.57991783,391.58782645,-0.00790817000000743,4.500000159168849e-07,-0.007908620000023348,n00000161,n00000161,n00000161,1,1
8838,Math,393.39060306,393.39060306,393.39060306,0.0,0.0,0.0,n00000158,n00000158,n00000158,0,0
8839,Math,379.9878301,379.9878301,379.9878301,0.0,0.0,0.0,n00000238,n00000238,n00000238,0,0
8844,Math,386.60958962,386.60958962,386.60958962,0.0,0.0,0.0,n00000128,n00000128,n00000128,0,0
8846,Math,390.04745418,390.04745418,390.04745418,0.0,0.0,0.0,n00000158,n00000158,n00000158,0,0
8855,Math,380.66813349,380.66832296,380.66813349,0.00018947000000935077,0.0,0.00018947000000935077,n00000158,n00000158,n00000158,1,0
8858,Math,383.93794551,383.93799381,383.93794549,4.8300000003109744e-05,-2.0000015865662135e-08,4.8320000018975406e-05,n00000157,n00000157,n00000157,1,1
8860,Math,394.90051987,394.90052224,394.90871183,2.3700000042481406e-06,0.008191960000033305,-0.008189590000029057,n00000303,n00000303,n00000303,1,1
8861,Math,422.21042937,422.21420589,422.21358444,0.003776520000030814,0.0031550699999911558,0.0006214500000396583,n00000037,n00000037,n00000037,1,1
8872,Math,388.27857092,388.27857092,388.27857092,0.0,0.0,0.0,n00000159,n00000159,n00000159,0,0
8877,Math,378.8462156,378.8462156,378.8462156,0.0,0.0,0.0,n00000154,n00000154,n00000154,0,0
8879,Math,392.32164272,392.32164272,392.32164272,0.0,0.0,0.0,n00000154,n00000154,n00000154,0,0
8880,Math,404.12462785,404.12462785,404.12462785,0.0,0.0,0.0,n00000196,n00000196,n00000196,0,0
8883,Math,390.16466167,390.15339572,390.16562028,-0.011265949999994973,0.0009586099999978615,-0.012224559999992834,n00000245,n00000245,n00000245,1,1
8884,Math,402.17567272,402.17567272,402.17567272,0.0,0.0,0.0,n00000196,n00000196,n00000196,0,0
8885,Math,395.21627944,395.21118105,395.21629209,-0.005098390000000563,1.2650000030589581e-05,-0.005111040000031153,n00000161,n00000161,n00000161,1,1
8887,Math,402.41905674,402.41905674,402.41905674,0.0,0.0,0.0,n00000232,n00000232,n00000232,0,0
8889,Math,389.78923323,389.78923322,389.78923323,-9.999951089412207e-09,0.0,-9.999951089412207e-09,n00000242,n00000242,n00000242,1,0
8896,Math,389.58805815,389.58805059,389.58803912,-7.559999971817888e-06,-1.9029999975828105e-05,1.1470000004010217e-05,n00000303,n00000303,n00000303,1,1
8897,Math,382.98157855,382.97870501,382.97984399,-0.0028735399999959554,-0.0017345599999885053,-0.0011389800000074501,n00000303,n00000303,n00000303,1,1
8898,Math,387.60887667,387.60887314,387.60887667,-3.529999958118424e-06,0.0,-3.529999958118424e-06,n00000240,n00000240,n00000240,1,0
8899,Math,387.07851828,387.07851822,387.07851828,-6.00000475969864e-08,0.0,-6.00000475969864e-08,n00000242,n00000242,n00000242,1,0
8901,Math,379.2213587,379.22125638,379.22138452,-0.00010231999999632535,2.5820000018939027e-05,-0.00012814000001526438,n00000241,n00000241,n00000241,1,1
8906,Math,386.5592256,386.55921639,386.5592256,-9.20999997333638e-06,0.0,-9.20999997333638e-06,n00000155,n00000155,n00000155,1,0
8907,Math,381.93393102,381.93390932,381.93393102,-2.1699999990687502e-05,0.0,-2.1699999990687502e-05,n00000241,n00000241,n00000241,1,0
8919,Math,381.59540677,381.59540681,381.59540251,3.999997488790541e-08,-4.260000025624322e-06,4.300000000512227e-06,n00000158,n00000158,n00000158,1,1
8921,Math,386.9921256,386.99212546,386.9921256,-1.3999999737279722e-07,0.0,-1.3999999737279722e-07,n00000241,n00000241,n00000241,1,0
8923,Math,394.16814234,394.16814234,394.16814234,0.0,0.0,0.0,n00000155,n00000155,n00000155,0,0
8924,Math,383.59956917,383.59956917,383.59956922,0.0,4.999998282073648e-08,-4.999998282073648e-08,n00000239,n00000239,n00000239,0,1
8930,Math,368.41588044,368.41588185,368.41588048,1.4099999816608033e-06,3.999997488790541e-08,1.370000006772898e-06,n00000037,n00000037,n00000037,1,1
8934,Math,385.36881687,385.36881687,385.36881687,0.0,0.0,0.0,n00000238,n00000238,n00000238,0,0
8935,Math,394.21151593,394.21151593,394.21151593,0.0,0.0,0.0,n00000238,n00000238,n00000238,0,0
8936,Math,380.92105563,380.92105563,380.92105563,0.0,0.0,0.0,n00000157,n00000157,n00000157,0,0
8942,Math,382.90609387,382.90609389,382.90609387,2.0000015865662135e-08,0.0,2.0000015865662135e-08,n00000245,n00000245,n00000245,1,0
8945,Math,389.76037393,389.76037393,389.76037393,0.0,0.0,0.0,n00000157,n00000157,n00000157,0,0
8950,Math,383.86867891,383.86867893,383.86867891,1.9999959022243274e-08,0.0,1.9999959022243274e-08,n00000128,n00000128,n00000128,1,0
8953,Math,378.34601301,378.34601301,378.34601301,0.0,0.0,0.0,n00000239,n00000239,n00000239,0,0
8954,Math,389.01707484,389.01707484,389.01707484,0.0,0.0,0.0,n00000159,n00000159,n00000159,0,0
8959,Math,429.40540574,429.40540574,429.40540574,0.0,0.0,0.0,n00000151,n00000151,n00000151,0,0
8969,Math,386.98024813,388.9460636,386.98024814,1.9658154699999955,1.0000007932831068e-08,1.9658154599999875,n00000161,n00000245,n00000161,1,1
8972,Math,392.7991641,392.7991641,392.7991641,0.0,0.0,0.0,n00000128,n00000128,n00000128,0,0
8974,Math,388.21777966,388.21777966,388.21777966,0.0,0.0,0.0,n00000128,n00000128,n00000128,0,0
8977,Math,373.48491365,373.48677959,380.53401225,0.001865940000016053,7.049098599999979,-7.047232659999963,n00000183,n00000183,n00000245,1,1
8979,Math,386.47075965,386.36977108,386.6998701,-0.10098856999996997,0.2291104500000074,-0.33009901999997737,n00000217,n00000217,n00000217,1,1
8982,Math,387.94083828,387.94083805,387.94083935,-2.299999550814391e-07,1.0699999961616413e-06,-1.2999999512430804e-06,n00000245,n00000245,n00000245,1,1
8985,Math,386.24536137,386.24536043,386.24536137,-9.400000067216752e-07,0.0,-9.400000067216752e-07,n00000241,n00000241,n00000241,1,0
8986,Math,389.49328396,389.4932574,389.49328397,-2.6559999980690918e-05,1.0000007932831068e-08,-2.656999998862375e-05,n00000240,n00000240,n00000240,1,1
8997,Math,384.01094395,384.01094372,384.00582586,-2.3000001192485797e-07,-0.0051180899999963,0.0051178599999843755,n00000169,n00000169,n00000169,1,1
8998,Math,387.62817553,387.62817643,387.62817553,8.999999749903509e-07,0.0,8.999999749903509e-07,n00000241,n00000241,n00000241,1,0
9000,Math,394.1354415,394.1354413,394.1354415,-1.9999998812636477e-07,0.0,-1.9999998812636477e-07,n00000240,n00000240,n00000240,1,0
9002,Math,388.58865743,388.58865716,388.58865743,-2.699999868127634e-07,0.0,-2.699999868127634e-07,n00000242,n00000242,n00000242,1,0
9008,Math,384.11339485,384.11339485,384.11339512,0.0,2.699999868127634e-07,-2.699999868127634e-07,n00000239,n00000239,n00000239,0,1
9009,Math,389.07777863,389.07777874,389.07777863,1.0999997357430402e-07,0.0,1.0999997357430402e-07,n00000128,n00000128,n00000128,1,0
9012,Math,393.88269833,393.88269833,393.88269833,0.0,0.0,0.0,n00000159,n00000159,n00000159,0,0
9014,Math,382.56564353,382.56564336,382.56564353,-1.6999996432787157e-07,0.0,-1.6999996432787157e-07,n00000159,n00000159,n00000159,1,0
9015,Math,383.30790663,383.30790663,383.30790663,0.0,0.0,0.0,n00000155,n00000155,n00000155,0,0
9016,Math,378.64718949,378.64718947,378.64718949,-2.0000015865662135e-08,0.0,-2.0000015865662135e-08,n00000159,n00000159,n00000159,1,0
9022,Math,392.64560814,392.64560814,392.64560814,0.0,0.0,0.0,n00000239,n00000239,n00000239,0,0
9024,Math,382.44800282,382.44800282,382.44800282,0.0,0.0,0.0,n00000155,n00000155,n00000155,0,0
9027,Math,386.49335821,386.49335821,386.49335821,0.0,0.0,0.0,n00000239,n00000239,n00000239,0,0
9034,Math,402.03469225,402.03469225,402.0346919,0.0,-3.4999999343199306e-07,3.4999999343199306e-07,n00000243,n00000243,n00000243,0,1
9035,Math,403.9283788,403.93245551,403.96845186,0.004076709999992545,0.04007305999999744,-0.035996350000004895,n00000037,n00000037,n00000037,1,1
9036,Math,421.38746791,421.38746791,421.38746791,0.0,0.0,0.0,n00000151,n00000151,n00000151,0,0
9037,Math,387.29568033,387.29569272,387.29568033,1.238999999486623e-05,0.0,1.238999999486623e-05,n00000239,n00000239,n00000239,1,0
9045,Physics,378.28795119,378.28795091,378.62073512,-2.7999999474559445e-07,0.33278393000000506,-0.3327842099999998,n00000173,n00000173,n00000173,1,1
9046,Physics,380.70502137,380.70502137,380.7060727,0.0,0.001051329999995687,-0.001051329999995687,n00000173,n00000173,n00000173,0,1
9047,Physics,376.85207469,376.8520747,377.06194246,1.0000007932831068e-08,0.20986777000001666,-0.20986776000000873,n00000173,n00000173,n00000173,1,1
9049,Physics,375.08831736,375.08831722,375.08687949,-1.3999999737279722e-07,-0.0014378700000179379,0.001437730000020565,n00000173,n00000173,n00000173,1,1
9053,Physics,389.61742795,390.81910754,389.61742759,1.201679590000026,-3.6000000136482413e-07,1.2016799500000275,n00000171,n00000190,n00000171,1,1
9056,Physics,389.68642179,390.1287495,389.68642179,0.44232771000002913,0.0,0.44232771000002913,n00000190,n00000190,n00000190,1,0
9058,Physics,401.44619411,401.43680795,401.44619548,-0.009386160000019572,1.369999949929479e-06,-0.009387529999969502,n00000030,n00000030,n00000030,1,1
9070,Physics,382.72723861,382.72723861,382.72131927,0.0,-0.00591933999999128,0.00591933999999128,n00000169,n00000169,n00000169,0,1
9071,Physics,422.78234396,422.65740623,422.78234396,-0.12493772999999919,0.0,-0.12493772999999919,n00000030,n00000030,n00000030,1,0
9073,Physics,399.39581699,399.39581699,399.395817,0.0,1.0000007932831068e-08,-1.0000007932831068e-08,n00000121,n00000121,n00000121,0,1
9075,Physics,402.88000409,402.88000409,402.88000409,0.0,0.0,0.0,n00000121,n00000121,n00000121,0,0
9077,Physics,395.87286084,395.87286085,395.87285714,1.0000007932831068e-08,-3.6999999792897142e-06,3.7099999872225453e-06,n00000243,n00000243,n00000243,1,1
9083,Physics,387.65515939,387.65515942,387.64631265,3.00000237984932e-08,-0.008846739999967212,0.008846769999991011,n00000191,n00000191,n00000191,1,1
9085,Physics,377.27638173,377.26547752,377.30891564,-0.010904210000035164,0.032533909999983734,-0.0434381200000189,n00000171,n00000171,n00000171,1,1
9086,Physics,397.22321997,397.25821389,397.22321997,0.0349939199999767,0.0,0.0349939199999767,n00000190,n00000190,n00000190,1,0
9090,Physics,383.54620946,385.92296526,383.54619424,2.376755800000012,-1.5220000022964086e-05,2.376771020000035,n00000171,n00000190,n00000171,1,1
9091,Physics,385.22364788,385.22364788,385.22358284,0.0,-6.503999998130894e-05,6.503999998130894e-05,n00000304,n00000304,n00000304,0,1
9093,Physics,416.57521845,416.57521845,416.57521849,0.0,3.999997488790541e-08,-3.999997488790541e-08,n00000037,n00000037,n00000037,0,1
9099,Physics,393.80130466,393.80130466,393.80130416,0.0,-5.000000555810402e-07,5.000000555810402e-07,n00000303,n00000303,n00000303,0,1
9100,Physics,394.0851611,394.0851611,394.085161,0.0,-9.999996564147295e-08,9.999996564147295e-08,n00000303,n00000303,n00000303,0,1
9103,Physics,382.01788506,382.01788506,382.01788383,0.0,-1.2300000094001007e-06,1.2300000094001007e-06,n00000304,n00000304,n00000304,0,1
9104,Physics,388.14960944,388.14960944,388.11385045,0.0,-0.035758990000033464,0.035758990000033464,n00000066,n00000066,n00000066,0,1
9117,Physics,399.77829929,399.77829929,399.77829929,0.0,0.0,0.0,n00000243,n00000243,n00000243,0,0
9118,Physics,382.73542149,382.73110997,382.73541864,-0.004311520000044311,-2.8500000439635187e-06,-0.0043086700000003475,n00000161,n00000161,n00000161,1,1
9119,Physics,375.55538643,375.55538643,375.53746958,0.0,-0.01791685000000598,0.01791685000000598,n00000040,n00000040,n00000040,0,1
9122,Physics,407.48806216,407.48806229,408.63593979,1.2999998943996616e-07,1.1478776299999822,-1.1478774999999928,n00000173,n00000173,n00000037,1,1
9123,Physics,407.16292159,407.16292159,407.16269506,0.0,-0.00022653000002037516,0.00022653000002037516,n00000064,n00000064,n00000064,0,1
9134,Physics,383.7676968,383.76283293,383.98688378,-0.004863870000008319,0.21918698000001768,-0.224050850000026,n00000171,n00000171,n00000171,1,1
9144,Physics,407.71760959,407.71760959,407.71756527,0.0,-4.431999997223102e-05,4.431999997223102e-05,n00000064,n00000064,n00000064,0,1
9145,Physics,413.84443545,413.84443545,413.84442238,0.0,-1.3069999965864554e-05,1.3069999965864554e-05,n00000064,n00000064,n00000064,0,1
9147,Physics,406.38429926,406.38429926,406.37826194,0.0,-0.00603731999996171,0.00603731999996171,n00000064,n00000064,n00000064,0,1
9148,Physics,395.10739213,395.10688353,395.10739213,-0.000508599999989201,0.0,-0.000508599999989201,n00000267,n00000267,n00000267,1,0
9149,Physics,409.13866186,409.13866186,409.13864447,0.0,-1.7390000039085862e-05,1.7390000039085862e-05,n00000064,n00000064,n00000064,0,1
9150,Physics,391.46078142,391.46078142,391.46078142,0.0,0.0,0.0,n00000192,n00000192,n00000192,0,0
9151,Physics,391.37228574,391.37226047,391.37228574,-2.526999998053725e-05,0.0,-2.526999998053725e-05,n00000170,n00000170,n00000170,1,0
9157,Physics,392.73290089,392.73289256,392.73290089,-8.330000014211691e-06,0.0,-8.330000014211691e-06,n00000170,n00000170,n00000170,1,0
9159,Physics,394.62110924,394.62111242,394.62110915,3.1799999646864308e-06,-9.000001455206075e-08,3.2699999792384915e-06,n00000170,n00000170,n00000170,1,1
9160,Physics,390.37645077,390.379035,390.37645066,0.0025842299999681018,-1.1000003041772288e-07,0.0025843399999985195,n00000066,n00000066,n00000066,1,1
9161,Physics,386.41942665,386.44048423,386.41942905,0.02105757999999014,2.400000028046634e-06,0.021055179999962093,n00000189,n00000189,n00000189,1,1
9163,Physics,388.70779554,388.70777859,388.70779539,-1.695000003110181e-05,-1.500000053056283e-07,-1.680000002579618e-05,n00000170,n00000170,n00000170,1,1
9165,Physics,381.00963942,381.00963942,380.99510202,0.0,-0.014537399999994705,0.014537399999994705,n00000064,n00000064,n00000064,0,1
9167,Physics,377.74112334,377.74118952,377.76090426,6.617999997615698e-05,0.019780920000016522,-0.019714740000040365,n00000173,n00000173,n00000173,1,1
9168,Physics,385.03850466,385.03850465,385.02490804,-1.0000007932831068e-08,-0.01359661999998707,0.013596609999979137,n00000243,n00000243,n00000243,1,1
9170,Physics,395.51267341,395.51276963,395.51267341,9.6219999988989e-05,0.0,9.6219999988989e-05,n00000030,n00000030,n00000030,1,0
9175,Physics,408.51771143,408.27166622,408.51872361,-0.24604521000003388,0.0010121799999751602,-0.24705739000000904,n00000037,n00000037,n00000037,1,1
9176,Physics,426.45847428,426.45846123,426.45847428,-1.305000000684231e-05,0.0,-1.305000000684231e-05,n00000030,n00000030,n00000030,1,0
9179,Physics,405.50727341,405.50727341,405.50727253,0.0,-8.799999591246888e-07,8.799999591246888e-07,n00000064,n00000064,n00000064,0,1
9181,Physics,408.33087361,408.33087361,408.32793427,0.0,-0.0029393400000117254,0.0029393400000117254,n00000064,n00000064,n00000064,0,1
9182,Physics,390.6272392,390.62723988,390.62723994,6.79999970998324e-07,7.399999617518915e-07,-5.999999075356754e-08,n00000192,n00000192,n00000192,1,1
9188,Physics,396.84226118,396.84226118,396.84226118,0.0,0.0,0.0,n00000121,n00000121,n00000121,0,0
9193,Physics,389.94547111,389.94547113,389.94547111,1.9999959022243274e-08,0.0,1.9999959022243274e-08,n00000188,n00000188,n00000188,1,0
9194,Physics,399.52115253,399.52115253,399.53991395,0.0,0.018761420000032558,-0.018761420000032558,n00000066,n00000066,n00000066,0,1
9195,Physics,389.84227537,390.34765286,389.86665926,0.5053774900000008,0.024383890000024167,0.4809935999999766,n00000171,n00000171,n00000171,1,1
9198,Physics,391.58931013,391.58931013,391.58930929,0.0,-8.399999842367833e-07,8.399999842367833e-07,n00000303,n00000303,n00000303,0,1
9200,Physics,386.42168753,386.42168753,386.42168698,0.0,-5.499999815583578e-07,5.499999815583578e-07,n00000303,n00000303,n00000303,0,1
9201,Physics,400.19546342,400.19546342,400.19546342,0.0,0.0,0.0,n00000243,n00000243,n00000243,0,0
9204,Physics,393.15324652,393.15324652,393.15318361,0.0,-6.290999999691849e-05,6.290999999691849e-05,n00000243,n00000243,n00000243,0,1
9205,Physics,391.9912652,391.9912652,391.97745436,0.0,-0.013810839999962354,0.013810839999962354,n00000243,n00000243,n00000243,0,1
9208,Physics,378.24741117,378.24741117,378.24727044,0.0,-0.00014072999999825697,0.00014072999999825697,n00000304,n00000304,n00000304,0,1
9209,Physics,377.83593697,377.83593116,377.83593623,-5.8100000046579225e-06,-7.399999617518915e-07,-5.070000042906031e-06,n00000172,n00000172,n00000172,1,1
9210,Physics,403.06975421,403.06975421,403.06975418,0.0,-2.999996695507434e-08,2.999996695507434e-08,n00000243,n00000243,n00000243,0,1
9211,Physics,395.06432162,395.06432162,395.0642265,0.0,-9.511999996902887e-05,9.511999996902887e-05,n00000169,n00000169,n00000169,0,1
9212,Physics,431.50545336,431.50545331,431.50545336,-4.999998282073648e-08,0.0,-4.999998282073648e-08,n00000030,n00000030,n00000030,1,0
9213,Physics,376.09468458,376.09461989,376.23549024,-6.468999998787694e-05,0.14080566000001227,-0.14087035000000014,n00000124,n00000124,n00000124,1,1
9214,Physics,377.61704738,377.61704738,377.61704738,0.0,0.0,0.0,n00000192,n00000192,n00000192,0,0
9223,Physics,388.41472531,388.41424849,388.45962943,-0.00047682000001714187,0.044904120000012426,-0.04538094000002957,n00000171,n00000171,n00000171,1,1
9224,Physics,372.37743383,372.42899682,372.58910874,0.05156299000003628,0.21167490999999927,-0.160111919999963,n00000171,n00000171,n00000171,1,1
9225,Physics,392.18261889,392.18314093,392.18576939,0.0005220399999643632,0.003150500000003831,-0.0026284600000394676,n00000188,n00000188,n00000188,1,1
9234,Physics,408.88075866,408.88075866,408.88073936,0.0,-1.9300000019484287e-05,1.9300000019484287e-05,n00000064,n00000064,n00000064,0,1
9241,Physics,394.74433031,394.74433031,394.71914433,0.0,-0.025185980000003383,0.025185980000003383,n00000066,n00000066,n00000066,0,1
9246,Physics,387.79196234,387.7376391,387.79196237,-0.054323239999973794,3.00000237984932e-08,-0.05432326999999759,n00000189,n00000189,n00000189,1,1
9247,Physics,401.20407309,403.84224628,401.20480115,2.638173189999975,0.0007280599999717197,2.6374451300000032,n00000267,n00000037,n00000267,1,1
9251,Physics,409.47149834,409.47149834,409.47149742,0.0,-9.19999990856013e-07,9.19999990856013e-07,n00000066,n00000066,n00000066,0,1
9253,Physics,396.49540089,396.49397259,396.49540089,-0.0014282999999863932,0.0,-0.0014282999999863932,n00000170,n00000170,n00000170,1,0
9254,Physics,386.6893541,386.6893541,386.6886554,0.0,-0.0006986999999867294,0.0006986999999867294,n00000196,n00000196,n00000196,0,1
9258,Physics,391.72106848,391.72106848,391.70749088,0.0,-0.013577599999962331,0.013577599999962331,n00000169,n00000169,n00000169,0,1
9259,Physics,384.4952966,384.4952966,384.4948564,0.0,-0.00044020000001410153,0.00044020000001410153,n00000304,n00000304,n00000304,0,1
9262,Physics,387.77535605,387.77535605,387.77535178,0.0,-4.270000033557153e-06,4.270000033557153e-06,n00000169,n00000169,n00000169,0,1
9266,Physics,412.68302372,412.68302372,412.68300188,0.0,-2.18399999880603e-05,2.18399999880603e-05,n00000064,n00000064,n00000064,0,1
9278,Physics,389.59379704,389.59379704,389.59379599,0.0,-1.050000037139398e-06,1.050000037139398e-06,n00000303,n00000303,n00000303,0,1
9281,Physics,395.70625789,395.70622622,395.70625788,-3.1669999998484855e-05,-1.0000007932831068e-08,-3.1659999990552024e-05,n00000170,n00000170,n00000170,1,1
9282,Physics,390.36424846,390.3640519,390.36424845,-0.00019656000000622953,-1.0000007932831068e-08,-0.0001965499999982967,n00000188,n00000188,n00000188,1,1
9285,Physics,390.76782788,390.76782788,390.73697647,0.0,-0.030851410000025226,0.030851410000025226,n00000169,n00000169,n00000169,0,1
9291,Physics,388.20150744,388.20144601,388.20150744,-6.143000001657128e-05,0.0,-6.143000001657128e-05,n00000121,n00000121,n00000121,1,0
9292,Physics,384.55602461,384.55602461,384.52883253,0.0,-0.02719208000002027,0.02719208000002027,n00000303,n00000303,n00000303,0,1
9294,Physics,389.46266765,389.46286125,389.46266765,0.0001935999999886917,0.0,0.0001935999999886917,n00000190,n00000190,n00000190,1,0
9297,Physics,392.25693468,392.25693468,392.25647881,0.0,-0.0004558699999961391,0.0004558699999961391,n00000172,n00000172,n00000172,0,1
9304,Physics,390.79922103,390.79922103,390.79917379,0.0,-4.7240000014880934e-05,4.7240000014880934e-05,n00000243,n00000243,n00000243,0,1
9305,Physics,388.96185446,388.96185446,388.99860054,0.0,0.03674608000000035,-0.03674608000000035,n00000303,n00000303,n00000303,0,1
9309,Physics,391.086174,391.086174,391.08617039,0.0,-3.6100000215810724e-06,3.6100000215810724e-06,n00000169,n00000169,n00000169,0,1
9310,Physics,402.32741379,402.32741379,402.32741378,0.0,-1.0000007932831068e-08,1.0000007932831068e-08,n00000243,n00000243,n00000243,0,1
9314,Physics,395.33883614,395.33883614,395.32553861,0.0,-0.013297529999988456,0.013297529999988456,n00000066,n00000066,n00000066,0,1
9315,Physics,380.65531074,380.65531074,380.65345827,0.0,-0.0018524700000170924,0.0018524700000170924,n00000194,n00000194,n00000194,0,1
9319,Physics,385.80511948,385.80511948,385.80511911,0.0,-3.6999995245423634e-07,3.6999995245423634e-07,n00000169,n00000169,n00000169,0,1
9325,Physics,397.63009948,397.63009948,397.61804133,0.0,-0.012058150000029855,0.012058150000029855,n00000064,n00000064,n00000064,0,1
9326,Physics,383.6219226,383.6219226,383.62048636,0.0,-0.001436240000032285,0.001436240000032285,n00000169,n00000169,n00000169,0,1
9330,Physics,375.67704935,375.67704891,375.7000257,-4.400000079840538e-07,0.02297635000002174,-0.022976790000029723,n00000172,n00000172,n00000172,1,1
9340,Physics,401.82917247,401.82917247,401.82917238,0.0,-9.000001455206075e-08,9.000001455206075e-08,n00000243,n00000243,n00000243,0,1
9341,Physics,405.05537782,405.05537782,405.05537391,0.0,-3.90999997534891e-06,3.90999997534891e-06,n00000066,n00000066,n00000066,0,1
9349,Physics,399.32146369,399.32146369,399.30779588,0.0,-0.013667809999958536,0.013667809999958536,n00000066,n00000066,n00000066,0,1
9358,Physics,374.12430358,374.12430376,374.11465884,1.7999997226070263e-07,-0.00964473999999882,0.00964491999997108,n00000105,n00000105,n00000105,1,1
9364,Physics,388.4165099,388.61346554,389.94518885,0.19695563999999877,1.5286789500000282,-1.3317233100000294,n00000173,n00000173,n00000173,1,1
9365,Physics,379.34153791,379.34153791,379.31433731,0.0,-0.027200600000014674,0.027200600000014674,n00000169,n00000169,n00000169,0,1
9368,Physics,389.20926895,389.20926895,389.48118519,0.0,0.2719162399999959,-0.2719162399999959,n00000173,n00000173,n00000173,0,1
9375,Physics,408.34167201,408.34167201,408.34079297,0.0,-0.000879040000029363,0.000879040000029363,n00000064,n00000064,n00000064,0,1
9378,Physics,389.9537432,389.95371742,389.9537432,-2.578000004405112e-05,0.0,-2.578000004405112e-05,n00000191,n00000191,n00000191,1,0
9382,Physics,380.33392365,380.33392368,380.32854246,3.00000237984932e-08,-0.005381189999980052,0.00538122000000385,n00000172,n00000172,n00000172,1,1
9384,Physics,378.79053212,378.7905323,378.79042869,1.7999997226070263e-07,-0.00010343000002421832,0.00010360999999647902,n00000193,n00000193,n00000193,1,1
9385,Physics,386.33444411,386.33444146,386.31174079,-2.649999998993735e-06,-0.02270332000000508,0.022700670000006085,n00000303,n00000303,n00000303,1,1
9386,Physics,406.07543168,406.07543168,406.07543168,0.0,0.0,0.0,n00000030,n00000030,n00000030,0,0
9388,Physics,405.92247437,405.92247437,405.92130579,0.0,-0.0011685799999554547,0.0011685799999554547,n00000066,n00000066,n00000066,0,1
9391,Physics,388.42310453,388.42310483,388.42310453,3.000000106112566e-07,0.0,3.000000106112566e-07,n00000188,n00000188,n00000188,1,0
9396,Physics,397.99483634,397.99483663,397.99483633,2.900000026784255e-07,-1.0000007932831068e-08,3.000000106112566e-07,n00000170,n00000170,n00000170,1,1
9397,Physics,422.41783484,422.14721379,422.41783559,-0.2706210499999884,7.499999696847226e-07,-0.27062179999995806,n00000030,n00000030,n00000030,1,1
9400,Physics,394.24906596,394.24906596,394.24906596,0.0,0.0,0.0,n00000188,n00000188,n00000188,0,0
9403,Physics,396.23541163,396.23541163,396.23541163,0.0,0.0,0.0,n00000121,n00000121,n00000121,0,0
9408,Physics,385.56702954,385.56702954,385.56702945,0.0,-9.000001455206075e-08,9.000001455206075e-08,n00000304,n00000304,n00000304,0,1
9410,Physics,397.56775132,397.56775132,397.56752098,0.0,-0.0002303400000300826,0.0002303400000300826,n00000064,n00000064,n00000064,0,1
9411,Physics,398.65602835,398.65602835,398.65602835,0.0,0.0,0.0,n00000303,n00000303,n00000303,0,0
9413,Physics,381.79439699,381.80142803,381.79439696,0.0070310400000153095,-3.00000237984932e-08,0.007031070000039108,n00000190,n00000190,n00000190,1,1
9416,Physics,416.51283681,416.51289137,417.95912154,5.455999996684113e-05,1.4462847300000021,-1.4462301700000353,n00000173,n00000173,n00000037,1,1
9417,Physics,386.47561136,386.47561136,386.47545317,0.0,-0.00015819000003602923,0.00015819000003602923,n00000243,n00000243,n00000243,0,1
9418,Physics,391.19337596,391.19337596,391.19335869,0.0,-1.7270000000735308e-05,1.7270000000735308e-05,n00000243,n00000243,n00000243,0,1
9419,Physics,398.04212394,398.04212394,398.04151971,0.0,-0.0006042300000217438,0.0006042300000217438,n00000064,n00000064,n00000064,0,1
9421,Physics,398.63892748,398.63892748,398.63892559,0.0,-1.8900000213761814e-06,1.8900000213761814e-06,n00000064,n00000064,n00000064,0,1
9423,Physics,385.65186605,385.65213862,385.65213255,0.00027256999999281106,0.0002664999999524298,6.070000040381274e-06,n00000037,n00000037,n00000037,1,1
9424,Physics,395.03062183,395.03062183,395.03062127,0.0,-5.599999894911889e-07,5.599999894911889e-07,n00000303,n00000303,n00000303,0,1
9426,Physics,384.57374916,384.57374916,384.5736912,0.0,-5.795999999236301e-05,5.795999999236301e-05,n00000172,n00000172,n00000172,0,1
9428,Physics,385.8631441,385.86314414,385.8631441,3.999997488790541e-08,0.0,3.999997488790541e-08,n00000188,n00000188,n00000188,1,0
9433,Physics,389.07275805,389.07275805,389.07272813,0.0,-2.992000003132489e-05,2.992000003132489e-05,n00000169,n00000169,n00000169,0,1
9434,Physics,389.31562684,389.31562684,389.31357798,0.0,-0.0020488600000021506,0.0020488600000021506,n00000172,n00000172,n00000172,0,1
9442,Physics,393.60393902,393.60393902,393.60393897,0.0,-4.999998282073648e-08,4.999998282073648e-08,n00000169,n00000169,n00000169,0,1
9445,Physics,397.76456575,398.24055954,397.76456575,0.4759937900000182,0.0,0.4759937900000182,n00000190,n00000190,n00000190,1,0
9454,Physics,410.03740753,410.03740753,410.03467609,0.0,-0.0027314399999909256,0.0027314399999909256,n00000064,n00000064,n00000064,0,1
9460,Physics,396.36566285,396.36566285,396.36133648,0.0,-0.004326370000001134,0.004326370000001134,n00000064,n00000064,n00000064,0,1
9464,Physics,394.89404914,394.89404914,394.86121742,0.0,-0.03283171999999013,0.03283171999999013,n00000064,n00000064,n00000064,0,1
9471,Physics,382.29254582,382.28991244,382.29254581,-0.002633379999963381,-1.0000007932831068e-08,-0.0026333699999554483,n00000191,n00000191,n00000191,1,1
9475,Physics,391.06988183,391.06995018,391.06988183,6.834999999227875e-05,0.0,6.834999999227875e-05,n00000190,n00000190,n00000190,1,0
9478,Physics,397.72995999,397.72995999,397.72995356,0.0,-6.429999984902679e-06,6.429999984902679e-06,n00000169,n00000169,n00000169,0,1
9480,Physics,389.00976131,389.00998743,389.00976069,0.0002261200000361896,-6.199999802447564e-07,0.00022674000001643435,n00000191,n00000191,n00000191,1,1
9482,Physics,377.35857697,377.35858278,377.55176156,5.8100000046579225e-06,0.1931845899999871,-0.19317877999998245,n00000173,n00000173,n00000173,1,1
9483,Physics,379.04280143,379.06998596,379.04280138,0.02718452999999954,-4.999998282073648e-08,0.02718457999998236,n00000222,n00000222,n00000222,1,1
9484,Physics,412.35938563,412.35938563,412.35937728,0.0,-8.350000030077354e-06,8.350000030077354e-06,n00000064,n00000064,n00000064,0,1
9485,Physics,401.28320748,401.28320748,401.28318554,0.0,-2.194000001054519e-05,2.194000001054519e-05,n00000064,n00000064,n00000064,0,1
9487,Physics,441.07554085,441.07554085,441.07554085,0.0,0.0,0.0,n00000030,n00000030,n00000030,0,0
9489,Physics,392.10767404,392.04367016,392.10767404,-0.06400388000002977,0.0,-0.06400388000002977,n00000189,n00000189,n00000189,1,0
9495,Physics,397.05876871,397.05876871,397.0533018,0.0,-0.005466909999995551,0.005466909999995551,n00000064,n00000064,n00000064,0,1
9503,Physics,393.26420536,393.26420552,393.2637381,1.6000001323845936e-07,-0.0004672599999935301,0.00046742000000676853,n00000243,n00000243,n00000243,1,1
9506,Physics,384.97347557,384.97347856,384.97347514,2.989999984492897e-06,-4.3000000005122274e-07,3.41999998454412e-06,n00000172,n00000172,n00000172,1,1
9511,Physics,382.40922669,382.40922755,382.60886636,8.600000001024455e-07,0.19963966999995364,-0.19963880999995354,n00000304,n00000304,n00000304,1,1
9518,Physics,384.22029624,384.22031201,384.22034879,1.5770000004522444e-05,5.2550000020801235e-05,-3.678000001627879e-05,n00000188,n00000188,n00000188,1,1
9519,Physics,391.05564103,392.07924558,391.05564103,1.023604550000016,0.0,1.023604550000016,n00000171,n00000190,n00000171,1,0
9523,Physics,390.40424553,390.40424553,390.40235181,0.0,-0.0018937199999982113,0.0018937199999982113,n00000303,n00000303,n00000303,0,1
9536,Physics,403.71237646,403.71237646,403.71237646,0.0,0.0,0.0,n00000121,n00000121,n00000121,0,0
9538,Physics,378.86528553,378.86528553,379.8474755,0.0,0.982189969999979,-0.982189969999979,n00000303,n00000303,n00000303,0,1
9541,Physics,384.8362565,384.8362565,384.83621228,0.0,-4.4220000006589544e-05,4.4220000006589544e-05,n00000303,n00000303,n00000303,0,1
9542,Physics,378.67441412,378.67441475,378.68936878,6.299999881775875e-07,0.014954660000000786,-0.014954030000012608,n00000129,n00000129,n00000129,1,1
9547,Physics,387.88281469,387.88281469,387.88276421,0.0,-5.047999997032093e-05,5.047999997032093e-05,n00000172,n00000172,n00000172,0,1
9554,Physics,383.69792981,383.69792981,383.69792822,0.0,-1.5900000107649248e-06,1.5900000107649248e-06,n00000243,n00000243,n00000243,0,1
9559,Physics,398.28894511,398.28894511,398.28540558,0.0,-0.003539530000011837,0.003539530000011837,n00000064,n00000064,n00000064,0,1
9560,Physics,414.27796116,414.27796116,414.27792549,0.0,-3.5670000045229244e-05,3.5670000045229244e-05,n00000064,n00000064,n00000064,0,1
9569,Physics,389.04822324,389.05646952,389.048295,0.008246279999980288,7.175999996889004e-05,0.008174520000011398,n00000170,n00000170,n00000170,1,1
9571,Physics,383.04512773,386.74743804,383.06215152,3.70231031000003,0.017023789999996097,3.6852865200000338,n00000030,n00000037,n00000030,1,1
9578,Physics,380.90501188,380.90500434,381.09266505,-7.540000012795645e-06,0.18765316999997594,-0.18766070999998874,n00000304,n00000304,n00000304,1,1
9586,Physics,383.28531546,383.28531546,383.25998617,0.0,-0.025329290000001947,0.025329290000001947,n00000169,n00000169,n00000169,0,1
9593,Physics,376.61547932,376.61527482,376.61389292,-0.0002044999999952779,-0.0015864000000078704,0.0013819000000125925,n00000170,n00000170,n00000170,1,1
9598,Physics,394.63958788,394.57886314,394.63958789,-0.060724740000011934,9.999951089412207e-09,-0.060724749999963024,n00000192,n00000192,n00000192,1,1
9604,Physics,392.24330583,392.24330583,392.24318656,0.0,-0.00011926999997058374,0.00011926999997058374,n00000303,n00000303,n00000303,0,1
9605,Physics,396.06335161,396.06335241,396.05351487,8.000000093488779e-07,-0.009836739999968813,0.009837539999978162,n00000243,n00000243,n00000243,1,1
9608,Physics,413.71374022,413.71379275,413.76007524,5.253000000493557e-05,0.04633502000001499,-0.04628249000001006,n00000037,n00000037,n00000037,1,1
9616,Physics,417.36048862,417.26429103,417.36048862,-0.09619759000003114,0.0,-0.09619759000003114,n00000191,n00000191,n00000191,1,0
9621,Physics,395.58928926,395.79856131,395.58928926,0.20927205000003823,0.0,0.20927205000003823,n00000190,n00000190,n00000190,1,0
9623,Physics,405.30234342,405.30234342,405.30231323,0.0,-3.0190000018137653e-05,3.0190000018137653e-05,n00000243,n00000243,n00000243,0,1
9624,Physics,428.16308694,428.16308709,428.16308694,1.4999994846220943e-07,0.0,1.4999994846220943e-07,n00000037,n00000037,n00000037,1,0
9627,Physics,401.88120442,401.88120442,401.88119762,0.0,-6.799999994200334e-06,6.799999994200334e-06,n00000243,n00000243,n00000243,0,1
9632,Physics,384.36916673,384.36916673,384.36229942,0.0,-0.0068673100000182785,0.0068673100000182785,n00000172,n00000172,n00000172,0,1
9634,Physics,386.41633223,386.41633227,386.41633223,3.999997488790541e-08,0.0,3.999997488790541e-08,n00000159,n00000159,n00000159,1,0
9646,Physics,386.65409921,386.6540988,387.15661163,-4.1000004102897947e-07,0.5025124199999595,-0.5025128300000006,n00000304,n00000304,n00000304,1,1
9649,Physics,398.61305363,398.61305363,398.5770794,0.0,-0.03597423000002209,0.03597423000002209,n00000243,n00000243,n00000243,0,1
9650,Physics,384.90141376,384.90141376,385.07296229,0.0,0.17154852999999548,-0.17154852999999548,n00000173,n00000173,n00000173,0,1
9654,Physics,387.13001483,387.13001483,387.13001483,0.0,0.0,0.0,n00000188,n00000188,n00000188,0,0
9658,Physics,389.81016039,389.83836658,389.81024108,0.028206189999991693,8.069000000432425e-05,0.02812549999998737,n00000066,n00000066,n00000066,1,1
9660,Physics,395.36555357,395.36555357,395.36524426,0.0,-0.00030930999997735853,0.00030930999997735853,n00000066,n00000066,n00000066,0,1
9664,Physics,389.98146183,389.98167362,389.98145664,0.00021178999998028303,-5.190000024413166e-06,0.0002169800000046962,n00000170,n00000170,n00000170,1,1
9665,Physics,393.79694118,393.79694398,393.79692011,2.8000000042993634e-06,-2.1070000002509914e-05,2.3870000006809278e-05,n00000193,n00000193,n00000193,1,1
9666,Physics,378.16921536,378.16471039,378.16921536,-0.004504970000027697,0.0,-0.004504970000027697,n00000189,n00000189,n00000189,1,0
9667,Physics,391.45545537,391.45545537,391.45530961,0.0,-0.00014576000000943168,0.00014576000000943168,n00000066,n00000066,n00000066,0,1
9678,Physics,379.8160504,379.81598015,379.82470289,-7.025000002158777e-05,0.008652490000031321,-0.008722740000052909,n00000173,n00000173,n00000173,1,1
9681,Physics,392.06365461,392.06365461,392.06365342,0.0,-1.1900000345121953e-06,1.1900000345121953e-06,n00000303,n00000303,n00000303,0,1
9688,Physics,437.19132325,437.19132317,437.19132325,-8.000000661922968e-08,0.0,-8.000000661922968e-08,n00000030,n00000030,n00000030,1,0
9689,Physics,431.22988433,431.22988434,431.22988433,1.0000007932831068e-08,0.0,1.0000007932831068e-08,n00000030,n00000030,n00000030,1,0
9691,Physics,390.91929707,390.91929707,390.91929676,0.0,-3.1000001854408765e-07,3.1000001854408765e-07,n00000169,n00000169,n00000169,0,1
9715,Physics,426.54854338,426.407968,426.54856391,-0.14057538000002978,2.052999997204097e-05,-0.14059591000000182,n00000037,n00000037,n00000037,1,1
9720,Physics,388.81755064,388.81755064,388.812949,0.0,-0.0046016399999757596,0.0046016399999757596,n00000192,n00000192,n00000192,0,1
9721,Physics,381.3608863,381.3608863,381.36088604,0.0,-2.599999788799323e-07,2.599999788799323e-07,n00000304,n00000304,n00000304,0,1
9724,Physics,395.86817246,395.86817246,395.86802186,0.0,-0.00015059999998356943,0.00015059999998356943,n00000066,n00000066,n00000066,0,1
9729,Physics,389.26929186,389.26929185,389.26912847,-1.0000007932831068e-08,-0.0001633900000115318,0.00016338000000359898,n00000303,n00000303,n00000303,1,1
9732,Physics,380.7716002,380.77160015,380.77160019,-5.000003966415534e-08,-1.0000007932831068e-08,-4.000003173132427e-08,n00000172,n00000172,n00000172,1,1
9733,Physics,382.56086782,382.56086783,382.56086726,1.0000007932831068e-08,-5.599999894911889e-07,5.6999999742402e-07,n00000172,n00000172,n00000172,1,1
9740,Physics,392.19878328,392.1987836,392.20043861,3.200000264769187e-07,0.001655330000005506,-0.001655009999979029,n00000188,n00000188,n00000188,1,1
9746,Physics,390.22429356,390.22429356,390.24077054,0.0,0.016476980000049934,-0.016476980000049934,n00000303,n00000303,n00000303,0,1
9751,Physics,402.40718353,402.33915344,402.40718353,-0.06803008999997928,0.0,-0.06803008999997928,n00000267,n00000267,n00000267,1,0
9753,Physics,396.41356297,396.41356297,396.41344691,0.0,-0.00011605999998209882,0.00011605999998209882,n00000066,n00000066,n00000066,0,1
9757,Physics,395.99076092,395.99076092,395.96457313,0.0,-0.026187789999994493,0.026187789999994493,n00000066,n00000066,n00000066,0,1
9759,Physics,404.77520299,404.77566371,407.71149,0.00046071999997820967,2.936287010000001,-2.9358262900000227,n00000173,n00000173,n00000173,1,1
9760,Physics,392.49275552,392.49268603,392.49275552,-6.94899999871268e-05,0.0,-6.94899999871268e-05,n00000170,n00000170,n00000170,1,0
9762,Physics,405.87710896,405.87710896,405.87704212,0.0,-6.683999998813306e-05,6.683999998813306e-05,n00000066,n00000066,n00000066,0,1
9770,Physics,410.79100671,410.79100671,410.79022102,0.0,-0.0007856899999865163,0.0007856899999865163,n00000064,n00000064,n00000064,0,1
9774,Physics,434.72939941,434.72939941,434.72939941,0.0,0.0,0.0,n00000030,n00000030,n00000030,0,0
9775,Physics,399.64169367,399.5287679,399.64169367,-0.11292577000000392,0.0,-0.11292577000000392,n00000191,n00000191,n00000191,1,0
9777,Physics,417.95555032,417.9557871,417.95555032,0.0002367800000229181,0.0,0.0002367800000229181,n00000030,n00000030,n00000030,1,0
9778,Physics,391.82706527,391.82992392,391.82706527,0.002858650000007401,0.0,0.002858650000007401,n00000268,n00000268,n00000268,1,0
9787,Physics,409.74525814,409.74654944,409.75416202,0.0012913000000480679,0.008903880000048048,-0.00761257999999998,n00000037,n00000037,n00000037,1,1
9791,Physics,392.05120168,392.04535801,392.05120168,-0.005843670000047041,0.0,-0.005843670000047041,n00000171,n00000171,n00000171,1,0
9792,Physics,415.37492025,415.3779039,415.37495032,0.0029836499999760235,3.00699999797871e-05,0.0029535799999962364,n00000037,n00000037,n00000037,1,1
9793,Physics,386.87735332,386.87731106,386.87723483,-4.2259999986526964e-05,-0.00011848999997710052,7.622999999057356e-05,n00000172,n00000172,n00000172,1,1
9795,Physics,392.41397602,392.41397602,392.41397536,0.0,-6.600000119760807e-07,6.600000119760807e-07,n00000303,n00000303,n00000303,0,1
9798,Physics,386.21640547,386.21563865,386.18218859,-0.0007668199999670833,-0.034216879999974026,0.03345006000000694,n00000171,n00000171,n00000171,1,1
9800,Physics,384.08765314,384.08765314,384.20065171,0.0,0.11299857000000202,-0.11299857000000202,n00000304,n00000304,n00000304,0,1
9801,Physics,390.14709229,390.14709229,390.14709229,0.0,0.0,0.0,n00000192,n00000192,n00000192,0,0
9805,Physics,408.40796291,408.40796291,408.40796221,0.0,-6.999999868639861e-07,6.999999868639861e-07,n00000064,n00000064,n00000064,0,1
9809,Physics,384.73473338,384.69568763,384.73474216,-0.03904575000001387,8.779999973285157e-06,-0.03905452999998715,n00000173,n00000173,n00000173,1,1
9813,Physics,394.37197673,394.37197673,394.37197586,0.0,-8.699999511918577e-07,8.699999511918577e-07,n00000169,n00000169,n00000169,0,1
9816,Physics,389.80159174,389.80159174,389.80159165,0.0,-9.000001455206075e-08,9.000001455206075e-08,n00000169,n00000169,n00000169,0,1
9820,Physics,393.39030895,393.39030895,393.39030859,0.0,-3.6000000136482413e-07,3.6000000136482413e-07,n00000243,n00000243,n00000243,0,1
9821,Physics,410.32516251,410.32501968,410.32516251,-0.00014282999995884893,0.0,-0.00014282999995884893,n00000030,n00000030,n00000030,1,0
9825,Physics,388.64912121,388.64912121,388.64912341,0.0,2.200000039920269e-06,-2.200000039920269e-06,n00000037,n00000037,n00000037,0,1
9829,Physics,379.40901165,379.40901164,379.40895121,-1.0000007932831068e-08,-6.044000002702887e-05,6.043000001909604e-05,n00000130,n00000130,n00000130,1,1
9830,Physics,386.3718789,386.3718789,386.34055606,0.0,-0.03132284000002983,0.03132284000002983,n00000172,n00000172,n00000172,0,1
9835,Physics,390.32755877,390.32755671,390.42179392,-2.059999985704053e-06,0.09423515000003135,-0.09423721000001706,n00000171,n00000171,n00000171,1,1
9838,Physics,387.82469829,387.82469829,387.82469829,0.0,0.0,0.0,n00000192,n00000192,n00000192,0,0
9842,Physics,389.7660269,389.7660269,389.76602154,0.0,-5.359999988741038e-06,5.359999988741038e-06,n00000169,n00000169,n00000169,0,1
9844,Physics,404.10446736,404.10446736,404.08741541,0.0,-0.017051949999995486,0.017051949999995486,n00000066,n00000066,n00000066,0,1
9846,Physics,392.95599428,392.95599428,392.95580173,0.0,-0.00019255000000839573,0.00019255000000839573,n00000243,n00000243,n00000243,0,1
9847,Physics,398.9136063,398.9136063,398.91351228,0.0,-9.402000000591215e-05,9.402000000591215e-05,n00000243,n00000243,n00000243,0,1
9849,Physics,401.60824703,401.60824703,401.60388093,0.0,-0.004366099999970174,0.004366099999970174,n00000064,n00000064,n00000064,0,1
9855,Physics,409.47897258,409.47897258,409.47897177,0.0,-8.10000017281709e-07,8.10000017281709e-07,n00000066,n00000066,n00000066,0,1
9868,Physics,414.65221519,414.65326775,414.65298831,0.0010525600000050872,0.0007731200000193894,0.0002794399999856978,n00000037,n00000037,n00000037,1,1
9869,Physics,385.18424293,386.18193967,385.18437282,0.9976967400000376,0.00012989000003926776,0.9975668499999983,n00000030,n00000037,n00000030,1,1
9872,Physics,385.49105062,385.49105062,385.4908087,0.0,-0.0002419200000076671,0.0002419200000076671,n00000169,n00000169,n00000169,0,1
9873,Physics,371.02407338,371.01589929,371.02017015,-0.008174090000011347,-0.0039032299999917086,-0.004270860000019638,n00000184,n00000184,n00000184,1,1
9874,Physics,380.02465949,380.02465949,380.01727015,0.0,-0.007389339999974709,0.007389339999974709,n00000040,n00000040,n00000040,0,1
9875,Physics,382.70016479,382.70016479,382.82095828,0.0,0.12079349000003958,-0.12079349000003958,n00000173,n00000173,n00000173,0,1
9888,Physics,417.30558632,417.30558632,417.30558635,0.0,3.00000237984932e-08,-3.00000237984932e-08,n00000037,n00000037,n00000037,0,1
9889,Physics,390.74370118,390.74370118,390.74199857,0.0,-0.0017026099999952748,0.0017026099999952748,n00000192,n00000192,n00000192,0,1
9890,Physics,402.65108337,402.65108337,402.65098551,0.0,-9.785999998257466e-05,9.785999998257466e-05,n00000064,n00000064,n00000064,0,1
9893,Physics,396.73177477,396.73177477,396.73177468,0.0,-9.000001455206075e-08,9.000001455206075e-08,n00000303,n00000303,n00000303,0,1
9894,Physics,393.33764431,393.33764431,393.33764376,0.0,-5.499999815583578e-07,5.499999815583578e-07,n00000303,n00000303,n00000303,0,1
9902,Physics,389.18388948,389.18299318,389.18388948,-0.0008963000000221655,0.0,-0.0008963000000221655,n00000190,n00000190,n00000190,1,0
9907,Physics,407.01292577,407.01292578,407.01296643,1.0000007932831068e-08,4.066000002467263e-05,-4.0650000016739796e-05,n00000037,n00000037,n00000037,1,1
9913,Physics,419.2244192,419.22449605,419.22946284,7.685000002766174e-05,0.005043639999996685,-0.0049667899999690235,n00000037,n00000037,n00000037,1,1
9922,Physics,396.71829794,396.71829794,396.71829558,0.0,-2.3599999963153095e-06,2.3599999963153095e-06,n00000169,n00000169,n00000169,0,1
9925,Physics,399.8729796,399.8729796,399.87297834,0.0,-1.2600000331985939e-06,1.2600000331985939e-06,n00000064,n00000064,n00000064,0,1
9928,Physics,396.64101431,396.64101431,396.63828099,0.0,-0.002733320000004369,0.002733320000004369,n00000064,n00000064,n00000064,0,1
9944,Physics,372.73021251,372.73021251,372.73363597,0.0,0.003423460000021805,-0.003423460000021805,n00000124,n00000124,n00000124,0,1
9950,Physics,388.37951042,388.37951042,388.48911411,0.0,0.10960369000002856,-0.10960369000002856,n00000172,n00000172,n00000172,0,1
9953,Physics,422.41335167,420.85375752,422.41335168,-1.5595941500000094,1.0000007932831068e-08,-1.5595941600000174,n00000037,n00000037,n00000037,1,1
9954,Physics,389.44485374,389.4448654,389.44485374,1.166000004104717e-05,0.0,1.166000004104717e-05,n00000190,n00000190,n00000190,1,0
9958,Physics,379.32447071,379.32446681,379.31213713,-3.900000024259498e-06,-0.012333580000017719,0.01232967999999346,n00000064,n00000064,n00000064,1,1
9961,Physics,385.29923721,385.29923721,385.29877332,0.0,-0.0004638899999918067,0.0004638899999918067,n00000064,n00000064,n00000064,0,1
9962,Physics,385.75107322,385.75107322,385.72956225,0.0,-0.021510970000008456,0.021510970000008456,n00000169,n00000169,n00000169,0,1
9963,Physics,406.49350745,406.49350745,406.49866419,0.0,0.00515674000001809,-0.00515674000001809,n00000171,n00000171,n00000171,0,1
9971,Physics,392.77308046,392.77308699,392.77308046,6.530000007387571e-06,0.0,6.530000007387571e-06,n00000191,n00000191,n00000191,1,0
9975,Physics,398.52175012,398.60687117,398.52175137,0.08512104999999792,1.2500000252657628e-06,0.08511979999997266,n00000189,n00000189,n00000189,1,1
9976,Physics,393.00213174,393.00213174,393.00213173,0.0,-1.0000007932831068e-08,1.0000007932831068e-08,n00000170,n00000170,n00000170,0,1
9979,Physics,395.49348881,395.49348881,395.49175587,0.0,-0.0017329399999539419,0.0017329399999539419,n00000066,n00000066,n00000066,0,1
9983,Physics,390.34588815,390.34588815,390.3458646,0.0,-2.354999998033236e-05,2.354999998033236e-05,n00000066,n00000066,n00000066,0,1
9994,Physics,384.53421768,387.99427017,386.3935546,3.4600524900000096,1.8593369200000325,1.600715569999977,n00000173,n00000173,n00000173,1,1
9996,Physics,381.21757586,381.21757111,381.30503528,-4.750000016429112e-06,0.08745942000001605,-0.08746417000003248,n00000304,n00000304,n00000304,1,1
9998,Physics,400.3774055,400.38025581,400.85644704,0.0028503099999852566,0.4790415399999688,-0.47619122999998353,n00000172,n00000172,n00000172,1,1
10000,Physics,386.99957764,387.09640735,386.9995642,0.09682971000000862,-1.3439999975162209e-05,0.09684314999998378,n00000190,n00000190,n00000190,1,1
10002,Physics,413.55518428,413.55518428,413.55509722,0.0,-8.705999999847336e-05,8.705999999847336e-05,n00000064,n00000064,n00000064,0,1
10004,Physics,430.28007542,430.28005574,430.28007542,-1.9679999979871354e-05,0.0,-1.9679999979871354e-05,n00000030,n00000030,n00000030,1,0
10006,Physics,424.86676215,424.86677038,424.86676215,8.2299999917268e-06,0.0,8.2299999917268e-06,n00000030,n00000030,n00000030,1,0
10007,Physics,419.50446303,419.50446331,419.50448203,2.7999999474559445e-07,1.900000000887303e-05,-1.8720000014127436e-05,n00000037,n00000037,n00000037,1,1
10011,Physics,392.34906121,392.34906121,392.34906121,0.0,0.0,0.0,n00000121,n00000121,n00000121,0,0
10015,Physics,400.42306695,400.42306695,400.42306005,0.0,-6.900000016685226e-06,6.900000016685226e-06,n00000243,n00000243,n00000243,0,1
10021,Physics,405.06847509,405.06847509,405.06791245,0.0,-0.0005626399999982823,0.0005626399999982823,n00000064,n00000064,n00000064,0,1
10024,Physics,390.4473269,390.44732699,390.4473269,9.000001455206075e-08,0.0,9.000001455206075e-08,n00000188,n00000188,n00000188,1,0
10027,Physics,387.83158488,387.83158503,387.83158488,1.500000053056283e-07,0.0,1.500000053056283e-07,n00000189,n00000189,n00000189,1,0
10028,Physics,385.26759522,385.26213156,385.26640881,-0.005463659999975334,-0.0011864100000025246,-0.00427724999997281,n00000171,n00000171,n00000171,1,1
10031,Physics,412.08759412,412.0885976,412.08759414,0.0010034800000084942,2.0000015865662135e-08,0.0010034599999926286,n00000037,n00000037,n00000037,1,1
10034,Physics,411.84550933,411.89152866,415.57332719,0.04601932999997871,3.727817859999959,-3.6817985299999805,n00000173,n00000173,n00000037,1,1
10035,Physics,390.63550017,390.63550017,390.63549975,0.0,-4.199999921183917e-07,4.199999921183917e-07,n00000303,n00000303,n00000303,0,1
10037,Physics,405.3166653,405.3166653,405.28980998,0.0,-0.02685532000003832,0.02685532000003832,n00000064,n00000064,n00000064,0,1
10039,Physics,391.11806206,391.1179886,391.11700621,-7.346000001007269e-05,-0.0010558500000001914,0.0009823899999901187,n00000192,n00000192,n00000192,1,1
10043,Physics,389.55477151,389.55477181,390.81966195,2.999999537678377e-07,1.2648904399999878,-1.264890140000034,n00000173,n00000173,n00000037,1,1
10044,Physics,381.3787874,381.3787874,381.37876404,0.0,-2.3360000000138825e-05,2.3360000000138825e-05,n00000303,n00000303,n00000303,0,1
10045,Physics,376.53281459,376.53281459,376.53252765,0.0,-0.0002869399999667621,0.0002869399999667621,n00000304,n00000304,n00000304,0,1
10049,Physics,403.97931546,403.97931546,403.97926398,0.0,-5.1480000024639594e-05,5.1480000024639594e-05,n00000064,n00000064,n00000064,0,1
10054,Physics,406.85703556,406.85703556,406.85703551,0.0,-4.999998282073648e-08,4.999998282073648e-08,n00000243,n00000243,n00000243,0,1
10056,Physics,392.36250408,392.36250408,392.36250396,0.0,-1.199999815071351e-07,1.199999815071351e-07,n00000169,n00000169,n00000169,0,1
10070,Physics,373.48273486,373.48273444,373.48272212,-4.199999921183917e-07,-1.2739999988298223e-05,1.2319999996179831e-05,n00000172,n00000172,n00000172,1,1
10083,Physics,384.33863338,384.32729381,384.33863332,-0.01133956999996144,-5.999999075356754e-08,-0.011339509999970687,n00000189,n00000189,n00000189,1,1
10092,Physics,400.81243692,400.81243692,400.8124368,0.0,-1.199999815071351e-07,1.199999815071351e-07,n00000066,n00000066,n00000066,0,1
10093,Physics,400.54008183,400.54008183,400.54007891,0.0,-2.9200000426499173e-06,2.9200000426499173e-06,n00000243,n00000243,n00000243,0,1
10095,Physics,394.55860887,394.55860887,394.55860884,0.0,-3.00000237984932e-08,3.00000237984932e-08,n00000304,n00000304,n00000304,0,1
10096,Physics,376.56618169,376.56618171,376.56634491,2.0000015865662135e-08,0.00016321999999036052,-0.00016319999997449486,n00000173,n00000173,n00000173,1,1
10099,Physics,386.51611188,386.51611188,386.51599942,0.0,-0.00011245999996845057,0.00011245999996845057,n00000169,n00000169,n00000169,0,1
10101,Physics,388.10619247,388.10619247,388.1061333,0.0,-5.916999998589745e-05,5.916999998589745e-05,n00000169,n00000169,n00000169,0,1
10108,Physics,388.56469171,388.56469171,388.59470214,0.0,0.030010430000004362,-0.030010430000004362,n00000304,n00000304,n00000304,0,1
10112,Physics,406.24121844,406.24121844,406.24121843,0.0,-1.0000007932831068e-08,1.0000007932831068e-08,n00000243,n00000243,n00000243,0,1
10113,Physics,390.82257842,390.82257842,390.82186933,0.0,-0.0007090899999866451,0.0007090899999866451,n00000243,n00000243,n00000243,0,1
10114,Physics,410.10565482,410.10565482,410.10554336,0.0,-0.00011145999997097533,0.00011145999997097533,n00000064,n00000064,n00000064,0,1
10115,Physics,410.17150088,410.17150088,410.17147089,0.0,-2.998999997316787e-05,2.998999997316787e-05,n00000064,n00000064,n00000064,0,1
10121,Physics,423.32970134,423.32953434,423.32970134,-0.00016699999997626946,0.0,-0.00016699999997626946,n00000030,n00000030,n00000030,1,0
10123,Physics,390.36657477,390.36657477,390.36657422,0.0,-5.499999815583578e-07,5.499999815583578e-07,n00000169,n00000169,n00000169,0,1
10124,Physics,400.04168177,400.04168181,400.04167464,3.999997488790541e-08,-7.130000028610084e-06,7.170000003497989e-06,n00000243,n00000243,n00000243,1,1
10125,Physics,391.81624617,391.81625527,391.81650188,9.099999999762076e-06,0.0002557099999762613,-0.00024660999997649924,n00000192,n00000192,n00000192,1,1
10128,Physics,430.21473871,430.2146779,430.21473871,-6.080999997948311e-05,0.0,-6.080999997948311e-05,n00000030,n00000030,n00000030,1,0
10130,Physics,398.57272093,398.62207026,404.73013937,0.04934932999998409,6.157418440000015,-6.108069110000031,n00000173,n00000173,n00000037,1,1
10132,Physics,387.40034101,387.40034101,387.39934791,0.0,-0.000993099999959668,0.000993099999959668,n00000243,n00000243,n00000243,0,1
10136,Physics,406.86964794,406.7610398,406.87076512,-0.10860814000000119,0.0011171799999942778,-0.10972531999999546,n00000192,n00000192,n00000192,1,1
10140,Physics,404.37882113,404.4755208,404.37900474,0.09669967000002089,0.0001836100000218721,0.09651605999999902,n00000037,n00000037,n00000037,1,1
10150,Physics,381.89785211,381.89785212,381.89785211,1.0000007932831068e-08,0.0,1.0000007932831068e-08,n00000189,n00000189,n00000189,1,0
10153,Physics,400.170743,400.170743,400.17150639,0.0,0.0007633899999746063,-0.0007633899999746063,n00000243,n00000243,n00000243,0,1
10157,Physics,390.55969568,390.5596957,390.53605108,2.0000015865662135e-08,-0.02364460000001145,0.023644620000027317,n00000064,n00000064,n00000064,1,1
10158,Physics,380.68017123,380.68017123,380.68016167,0.0,-9.559999966768373e-06,9.559999966768373e-06,n00000304,n00000304,n00000304,0,1
10166,Physics,386.35162009,386.35162009,386.31555509,0.0,-0.036065000000007785,0.036065000000007785,n00000172,n00000172,n00000172,0,1
10171,Physics,393.56544218,393.08985946,393.9312382,-0.47558271999997714,0.3657960200000048,-0.8413787399999819,n00000243,n00000243,n00000243,1,1
10174,Physics,392.73758129,392.73758129,392.73559413,0.0,-0.0019871599999987666,0.0019871599999987666,n00000169,n00000169,n00000169,0,1
10176,Physics,413.34839035,413.27182161,413.34839035,-0.0765687399999706,0.0,-0.0765687399999706,n00000191,n00000191,n00000191,1,0
10178,Physics,398.89760617,398.87798806,398.8976062,-0.019618110000010347,2.999996695507434e-08,-0.019618139999977302,n00000037,n00000037,n00000037,1,1
10181,Physics,394.70833038,394.70833067,394.71088013,2.900000026784255e-07,0.002549750000014228,-0.0025494600000115497,n00000037,n00000037,n00000037,1,1
10182,Physics,388.57186624,388.57186624,388.57186624,0.0,0.0,0.0,n00000303,n00000303,n00000303,0,0
10185,Physics,403.93164869,403.93164869,403.93107627,0.0,-0.0005724199999690427,0.0005724199999690427,n00000064,n00000064,n00000064,0,1
10211,Physics,383.60093683,383.56608806,383.60085881,-0.03484876999999642,-7.802000004630827e-05,-0.03477074999995011,n00000173,n00000173,n00000173,1,1
10213,Physics,388.81893145,388.81893125,388.78141587,-1.9999998812636477e-07,-0.03751557999999022,0.037515380000002096,n00000064,n00000064,n00000064,1,1
10215,Physics,395.23353156,395.23353156,395.23112886,0.0,-0.002402700000004643,0.002402700000004643,n00000064,n00000064,n00000064,0,1
10224,Physics,434.33139503,434.33139503,434.33139503,0.0,0.0,0.0,n00000030,n00000030,n00000030,0,0
10225,Physics,394.27312844,394.27311334,394.27312844,-1.5099999984613532e-05,0.0,-1.5099999984613532e-05,n00000191,n00000191,n00000191,1,0
10226,Physics,397.42522679,397.42522679,397.42522679,0.0,0.0,0.0,n00000188,n00000188,n00000188,0,0
10240,Physics,392.95322585,394.29727134,392.95321392,1.344045489999985,-1.1930000027859933e-05,1.3440574200000128,n00000171,n00000190,n00000171,1,1
10242,Physics,391.57107442,391.57107545,391.57107442,1.030000021273736e-06,0.0,1.030000021273736e-06,n00000188,n00000188,n00000188,1,0
10244,Physics,385.48901772,389.77336368,385.48901721,4.284345959999996,-5.100000066704524e-07,4.284346470000003,n00000171,n00000190,n00000171,1,1
10247,Physics,393.15384524,393.15384524,393.1537301,0.0,-0.0001151399999912428,0.0001151399999912428,n00000303,n00000303,n00000303,0,1
10252,Physics,394.3149807,394.3149807,394.31498011,0.0,-5.899999564462632e-07,5.899999564462632e-07,n00000303,n00000303,n00000303,0,1
10254,Physics,379.15189272,379.15189272,379.15181688,0.0,-7.583999996541024e-05,7.583999996541024e-05,n00000040,n00000040,n00000040,0,1
10255,Physics,386.07955864,386.0795586,386.07955863,-4.000003173132427e-08,-1.0000007932831068e-08,-3.00000237984932e-08,n00000173,n00000173,n00000173,1,1
10258,Physics,379.94989718,379.9505435,379.9498981,0.0006463199999870994,9.19999990856013e-07,0.0006453999999962434,n00000188,n00000188,n00000188,1,1
10260,Physics,381.26572791,381.26572791,381.26570452,0.0,-2.339000002393732e-05,2.339000002393732e-05,n00000169,n00000169,n00000169,0,1
10264,Physics,390.49413534,390.49413534,390.4900504,0.0,-0.004084940000041115,0.004084940000041115,n00000243,n00000243,n00000243,0,1
10265,Physics,380.23046011,380.23046011,380.23040486,0.0,-5.525000000261571e-05,5.525000000261571e-05,n00000304,n00000304,n00000304,0,1
10269,Physics,400.96321332,400.96929848,400.96321332,0.006085159999997813,0.0,0.006085159999997813,n00000190,n00000190,n00000190,1,0
10271,Physics,406.40643837,406.40643837,406.40643788,0.0,-4.899999908047903e-07,4.899999908047903e-07,n00000243,n00000243,n00000243,0,1
10274,Physics,408.83231206,408.83231206,408.83230651,0.0,-5.549999968934571e-06,5.549999968934571e-06,n00000064,n00000064,n00000064,0,1
10277,Physics,396.92651177,396.92651308,396.81118479,1.3100000160193304e-06,-0.11532697999996344,0.11532828999997946,n00000066,n00000066,n00000066,1,1
10278,Physics,406.29922924,406.29922924,406.29894445,0.0,-0.000284789999966506,0.000284789999966506,n00000066,n00000066,n00000066,0,1
10280,Physics,388.32944441,388.32949079,388.32944455,4.638000001477849e-05,1.3999999737279722e-07,4.624000001740569e-05,n00000066,n00000066,n00000066,1,1
10282,Physics,396.52428619,396.52428619,396.52428619,0.0,0.0,0.0,n00000066,n00000066,n00000066,0,0
10284,Physics,392.04206581,391.97267086,392.04206587,-0.06939495000000306,5.999999075356754e-08,-0.06939500999999382,n00000190,n00000190,n00000190,1,1
10287,Physics,392.54679363,392.54747826,392.54679562,0.0006846299999665462,1.9899999870176543e-06,0.0006826399999795285,n00000170,n00000170,n00000170,1,1
10288,Physics,382.28690052,383.27541364,382.29844918,0.9885131199999933,0.01154865999995991,0.9769644600000333,n00000171,n00000171,n00000171,1,1
10289,Physics,401.74384747,401.74384747,401.74322227,0.0,-0.0006252000000017688,0.0006252000000017688,n00000066,n00000066,n00000066,0,1
10290,Physics,394.49794349,394.49773438,394.49794349,-0.00020911000001433422,0.0,-0.00020911000001433422,n00000170,n00000170,n00000170,1,0
10293,Physics,399.47160147,399.47160147,399.47158567,0.0,-1.579999997147752e-05,1.579999997147752e-05,n00000066,n00000066,n00000066,0,1
10295,Physics,379.24463884,379.2365836,379.24463884,-0.008055239999976038,0.0,-0.008055239999976038,n00000173,n00000173,n00000173,1,0
10296,Physics,381.59490404,381.59490287,381.60951133,-1.1700000186465331e-06,0.014607289999958084,-0.01460845999997673,n00000173,n00000173,n00000173,1,1
10297,Physics,373.56541896,373.56541853,373.64078556,-4.3000000005122274e-07,0.07536659999999529,-0.07536702999999534,n00000173,n00000173,n00000173,1,1
10300,Physics,396.91150745,396.91150745,396.91150733,0.0,-1.199999815071351e-07,1.199999815071351e-07,n00000243,n00000243,n00000243,0,1
10303,Physics,410.02571103,409.94905676,410.02571103,-0.07665427000000591,0.0,-0.07665427000000591,n00000191,n00000191,n00000191,1,0
10307,Physics,397.97650033,397.97650033,397.97642099,0.0,-7.934000001341701e-05,7.934000001341701e-05,n00000064,n00000064,n00000064,0,1
10315,Physics,414.5974004,415.13888273,414.59747778,0.5414823299999512,7.737999999335443e-05,0.5414049499999578,n00000037,n00000037,n00000037,1,1
10319,Physics,390.71220799,390.71220799,390.75009565,0.0,0.03788765999996713,-0.03788765999996713,n00000169,n00000169,n00000169,0,1
10320,Physics,393.86532173,393.86532173,393.86532168,0.0,-4.999998282073648e-08,4.999998282073648e-08,n00000169,n00000169,n00000169,0,1
10321,Physics,404.39903998,404.39903998,404.3990277,0.0,-1.2280000021291926e-05,1.2280000021291926e-05,n00000064,n00000064,n00000064,0,1
10322,Physics,399.03593298,399.03593309,399.03976091,1.1000003041772288e-07,0.003827929999999924,-0.003827819999969506,n00000193,n00000193,n00000193,1,1
10325,Physics,394.26099195,394.26099195,394.25957281,0.0,-0.0014191399999958776,0.0014191399999958776,n00000243,n00000243,n00000243,0,1
10326,Physics,389.32045582,389.32045582,389.32045581,0.0,-1.0000007932831068e-08,1.0000007932831068e-08,n00000243,n00000243,n00000243,0,1
10329,Physics,389.26220819,389.26220773,389.24752564,-4.6000002384971594e-07,-0.014682550000031824,0.014682090000007975,n00000192,n00000192,n00000192,1,1
10332,Physics,385.75884376,385.75884376,385.77410918,0.0,0.015265419999991536,-0.015265419999991536,n00000173,n00000173,n00000173,0,1
10334,Physics,378.70525938,378.70525939,378.68607777,1.0000007932831068e-08,-0.019181609999975535,0.019181619999983468,n00000040,n00000040,n00000040,1,1
10335,Physics,399.30955179,399.30955179,399.30952843,0.0,-2.3360000000138825e-05,2.3360000000138825e-05,n00000064,n00000064,n00000064,0,1
10336,Physics,387.39686168,387.39686168,387.39685133,0.0,-1.034999996818442e-05,1.034999996818442e-05,n00000121,n00000121,n00000121,0,1
10344,Physics,402.93783119,402.93783119,402.93781582,0.0,-1.5369999971426296e-05,1.5369999971426296e-05,n00000064,n00000064,n00000064,0,1
10345,Physics,405.199219,405.199219,405.19920242,0.0,-1.6580000021804153e-05,1.6580000021804153e-05,n00000066,n00000066,n00000066,0,1
10347,Physics,397.44795739,397.44795739,398.23828659,0.0,0.7903291999999738,-0.7903291999999738,n00000303,n00000303,n00000303,0,1
10349,Physics,398.43044608,398.4304458,398.43044608,-2.800000515890133e-07,0.0,-2.800000515890133e-07,n00000170,n00000170,n00000170,1,0
10354,Physics,389.94907201,389.94849675,389.94907672,-0.0005752600000050734,4.709999984697788e-06,-0.0005799699999897712,n00000170,n00000170,n00000170,1,1
10358,Computer science,381.85603061,381.85603035,381.85491783,-2.599999788799323e-07,-0.001112780000028124,0.0011125200000492441,n00000078,n00000078,n00000078,1,1
10359,Computer science,379.18764404,379.18764404,379.18764404,0.0,0.0,0.0,n00000130,n00000130,n00000130,0,0
10361,Computer science,388.35019824,388.35019825,388.35019824,1.0000007932831068e-08,0.0,1.0000007932831068e-08,n00000130,n00000130,n00000130,1,0
10362,Computer science,371.32937315,371.33048162,371.3354079,0.001108470000019679,0.006034750000026179,-0.0049262800000065,n00000037,n00000037,n00000037,1,1
10367,Computer science,400.45751608,400.45751608,400.45751608,0.0,0.0,0.0,n00000196,n00000196,n00000196,0,0
10368,Computer science,384.62939809,384.62939809,384.62939812,0.0,3.00000237984932e-08,-3.00000237984932e-08,n00000129,n00000129,n00000129,0,1
10369,Computer science,383.00852528,383.00852528,383.00852528,0.0,0.0,0.0,n00000129,n00000129,n00000129,0,0
10370,Computer science,380.97581594,380.97581594,380.97581594,0.0,0.0,0.0,n00000129,n00000129,n00000129,0,0
10372,Computer science,382.34615438,382.34615438,382.34615438,0.0,0.0,0.0,n00000159,n00000159,n00000159,0,0
10375,Computer science,391.33948176,391.34062934,391.33948176,0.0011475800000084746,0.0,0.0011475800000084746,n00000245,n00000245,n00000245,1,0
10379,Computer science,380.00363034,380.00363034,380.00363034,0.0,0.0,0.0,n00000129,n00000129,n00000129,0,0
10384,Computer science,375.67940019,375.67940019,375.67940093,0.0,7.399999617518915e-07,-7.399999617518915e-07,n00000129,n00000129,n00000129,0,1
10386,Computer science,390.22650014,390.22650014,390.22650015,0.0,1.0000007932831068e-08,-1.0000007932831068e-08,n00000196,n00000196,n00000196,0,1
10387,Computer science,385.39217324,385.39217342,385.39217324,1.800000291041215e-07,0.0,1.800000291041215e-07,n00000158,n00000158,n00000158,1,0
10389,Computer science,402.90692123,402.90692123,402.90692123,0.0,0.0,0.0,n00000196,n00000196,n00000196,0,0
10392,Computer science,403.14121555,403.14121555,403.14121555,0.0,0.0,0.0,n00000196,n00000196,n00000196,0,0
10393,Computer science,391.80126773,391.80126776,391.80126774,2.999996695507434e-08,1.0000007932831068e-08,1.9999959022243274e-08,n00000196,n00000196,n00000196,1,1
10404,Computer science,379.12438468,379.1243845,379.12438467,-1.7999997226070263e-07,-1.0000007932831068e-08,-1.6999996432787157e-07,n00000129,n00000129,n00000129,1,1
10405,Computer science,380.92006617,380.92006637,380.92006617,1.9999998812636477e-07,0.0,1.9999998812636477e-07,n00000129,n00000129,n00000129,1,0
10406,Computer science,371.96876481,371.9687648,371.96876481,-1.0000007932831068e-08,0.0,-1.0000007932831068e-08,n00000154,n00000154,n00000154,1,0
10409,Computer science,386.36517767,386.36517767,386.36517767,0.0,0.0,0.0,n00000246,n00000246,n00000246,0,0
10418,Computer science,383.90533429,383.90533429,383.90533429,0.0,0.0,0.0,n00000196,n00000196,n00000196,0,0
10419,Computer science,404.56538528,404.56538528,404.56538528,0.0,0.0,0.0,n00000196,n00000196,n00000196,0,0
10423,Computer science,395.35320588,395.35320604,395.35320589,1.599999563950405e-07,1.0000007932831068e-08,1.4999994846220943e-07,n00000245,n00000245,n00000245,1,1
10435,Computer science,383.02422418,383.02421136,383.02424841,-1.2819999994917453e-05,2.4230000008174102e-05,-3.7050000003091554e-05,n00000130,n00000130,n00000130,1,1
10439,Computer science,382.45177281,382.45177281,382.45177281,0.0,0.0,0.0,n00000129,n00000129,n00000129,0,0
10440,Computer science,380.60049688,380.60049672,380.60049688,-1.599999563950405e-07,0.0,-1.599999563950405e-07,n00000129,n00000129,n00000129,1,0
10441,Computer science,371.75013657,371.75013657,371.75013657,0.0,0.0,0.0,n00000129,n00000129,n00000129,0,0
10443,Computer science,378.49829951,378.50056093,378.49829951,0.0022614200000248275,0.0,0.0022614200000248275,n00000241,n00000241,n00000241,1,0
10447,Computer science,386.68045671,386.68045786,386.68045671,1.150000002780871e-06,0.0,1.150000002780871e-06,n00000130,n00000130,n00000130,1,0
10452,Computer science,399.50750671,399.50750671,399.50750671,0.0,0.0,0.0,n00000196,n00000196,n00000196,0,0
10455,Computer science,406.63262804,406.63262804,406.63262804,0.0,0.0,0.0,n00000196,n00000196,n00000196,0,0
10457,Computer science,377.40519538,377.40518947,377.40519286,-5.910000027142814e-06,-2.520000009553769e-06,-3.3900000175890455e-06,n00000129,n00000129,n00000129,1,1
10459,Computer science,381.38192489,381.3819249,381.38192497,1.0000007932831068e-08,8.000000661922968e-08,-6.999999868639861e-08,n00000129,n00000129,n00000129,1,1
10461,Computer science,385.89920552,385.89920552,385.89920549,0.0,-3.00000237984932e-08,3.00000237984932e-08,n00000129,n00000129,n00000129,0,1
10462,Computer science,386.81925938,386.81925938,386.81925938,0.0,0.0,0.0,n00000159,n00000159,n00000159,0,0
10466,Computer science,380.0227652,380.0227652,380.0227652,0.0,0.0,0.0,n00000129,n00000129,n00000129,0,0
10467,Computer science,381.46963404,381.46963404,381.46963404,0.0,0.0,0.0,n00000129,n00000129,n00000129,0,0
10484,Computer science,375.72422578,375.7242258,375.72422486,2.0000015865662135e-08,-9.19999990856013e-07,9.400000067216752e-07,n00000130,n00000130,n00000130,1,1
10487,Computer science,404.19654048,404.19654048,404.19654048,0.0,0.0,0.0,n00000196,n00000196,n00000196,0,0
10490,Computer science,403.93650227,403.93650227,403.93650227,0.0,0.0,0.0,n00000196,n00000196,n00000196,0,0
10493,Computer science,398.24335471,398.24335471,398.24335473,0.0,2.0000015865662135e-08,-2.0000015865662135e-08,n00000196,n00000196,n00000196,0,1
10495,Computer science,384.15062334,384.1506232,384.15063322,-1.3999999737279722e-07,9.879999993245292e-06,-1.001999999061809e-05,n00000129,n00000129,n00000129,1,1
10497,Computer science,378.47554599,378.47554599,378.47554599,0.0,0.0,0.0,n00000130,n00000130,n00000130,0,0
10498,Computer science,380.83391226,380.83391226,380.83391226,0.0,0.0,0.0,n00000159,n00000159,n00000159,0,0
10505,Computer science,374.67713255,374.67703441,374.67713255,-9.814000003416368e-05,0.0,-9.814000003416368e-05,n00000238,n00000238,n00000238,1,0
10515,Computer science,387.63152866,387.63152871,387.63152866,4.999998282073648e-08,0.0,4.999998282073648e-08,n00000130,n00000130,n00000130,1,0
10518,Computer science,378.42728094,378.42728094,378.42728094,0.0,0.0,0.0,n00000129,n00000129,n00000129,0,0
10520,Computer science,384.71762526,384.71762526,384.71762526,0.0,0.0,0.0,n00000129,n00000129,n00000129,0,0
10524,Computer science,387.6448654,387.64486576,387.6448654,3.6000000136482413e-07,0.0,3.6000000136482413e-07,n00000245,n00000245,n00000245,1,0
10526,Computer science,401.42874925,401.42874925,401.42874925,0.0,0.0,0.0,n00000196,n00000196,n00000196,0,0
10531,Computer science,382.4675129,382.4675129,382.4675129,0.0,0.0,0.0,n00000129,n00000129,n00000129,0,0
10538,Computer science,384.74776054,384.74776078,384.74776057,2.4000001985768904e-07,3.00000237984932e-08,2.0999999605919584e-07,n00000130,n00000130,n00000130,1,1
10544,Computer science,373.57445954,373.57445953,373.57445954,-1.0000007932831068e-08,0.0,-1.0000007932831068e-08,n00000154,n00000154,n00000154,1,0
10547,Computer science,391.48018046,391.48018048,391.48018047,2.0000015865662135e-08,1.0000007932831068e-08,1.0000007932831068e-08,n00000196,n00000196,n00000196,1,1
10558,Computer science,406.13576158,406.13576158,406.13576158,0.0,0.0,0.0,n00000196,n00000196,n00000196,0,0
10559,Computer science,399.33612352,399.33612352,399.33612352,0.0,0.0,0.0,n00000196,n00000196,n00000196,0,0
10560,Computer science,400.03305513,400.03305513,400.03305513,0.0,0.0,0.0,n00000196,n00000196,n00000196,0,0
10561,Computer science,394.59009454,394.59009454,394.59009454,0.0,0.0,0.0,n00000245,n00000245,n00000245,0,0
10562,Computer science,370.21909624,370.21723547,370.21909624,-0.0018607700000075056,0.0,-0.0018607700000075056,n00000196,n00000196,n00000196,1,0
10563,Computer science,374.60653556,374.60653555,374.60653744,-1.0000007932831068e-08,1.8800000134433503e-06,-1.8900000213761814e-06,n00000129,n00000129,n00000129,1,1
10564,Computer science,381.59579358,381.58281509,381.59582564,-0.012978490000023157,3.205999996680475e-05,-0.013010549999989962,n00000180,n00000180,n00000180,1,1
10568,Computer science,383.10534344,383.10534344,383.10534344,0.0,0.0,0.0,n00000129,n00000129,n00000129,0,0
10580,Computer science,385.00489502,385.00489502,385.00489502,0.0,0.0,0.0,n00000129,n00000129,n00000129,0,0
10581,Computer science,384.45558466,384.455582,384.45558466,-2.660000006926566e-06,0.0,-2.660000006926566e-06,n00000155,n00000155,n00000155,1,0
10583,Computer science,386.83468502,386.83468333,386.83468514,-1.6899999764063978e-06,1.199999815071351e-07,-1.8099999579135329e-06,n00000129,n00000129,n00000129,1,1
10585,Computer science,397.56228212,397.56228212,397.56228212,0.0,0.0,0.0,n00000232,n00000232,n00000232,0,0
10587,Computer science,382.09411731,382.09411731,382.09411731,0.0,0.0,0.0,n00000129,n00000129,n00000129,0,0
10592,Computer science,371.58689463,371.60225024,371.59637413,0.015355609999971875,0.009479499999997643,0.005876109999974233,n00000037,n00000037,n00000037,1,1
10595,Computer science,373.66123871,373.66153361,373.66687263,0.00029489999997167615,0.005633919999979753,-0.005339020000008077,n00000187,n00000187,n00000187,1,1
10603,Computer science,407.50347016,407.50347016,407.50347016,0.0,0.0,0.0,n00000196,n00000196,n00000196,0,0
10607,Computer science,372.44153781,372.44153781,372.44153781,0.0,0.0,0.0,n00000130,n00000130,n00000130,0,0
10610,Computer science,366.94626787,366.94640208,366.94645824,0.00013420999999880223,0.00019037000004118454,-5.616000004238231e-05,n00000037,n00000037,n00000037,1,1
10616,Computer science,381.79296654,381.79296666,381.79296654,1.199999815071351e-07,0.0,1.199999815071351e-07,n00000129,n00000129,n00000129,1,0
10622,Computer science,378.54533955,378.54533955,378.54533955,0.0,0.0,0.0,n00000129,n00000129,n00000129,0,0
10623,Computer science,384.05056411,384.05056447,384.05056411,3.6000000136482413e-07,0.0,3.6000000136482413e-07,n00000159,n00000159,n00000159,1,0
10625,Computer science,377.72263502,377.72260272,377.72263152,-3.229999998666244e-05,-3.4999999911633495e-06,-2.8799999995499093e-05,n00000129,n00000129,n00000129,1,1
10627,Computer science,390.78362037,390.78362037,390.78362037,0.0,0.0,0.0,n00000196,n00000196,n00000196,0,0
10630,Computer science,394.9515575,394.9515575,394.9515575,0.0,0.0,0.0,n00000196,n00000196,n00000196,0,0
10631,Computer science,400.61659787,400.61659787,400.61659787,0.0,0.0,0.0,n00000196,n00000196,n00000196,0,0
10633,Computer science,396.48743068,396.48743068,396.48743068,0.0,0.0,0.0,n00000196,n00000196,n00000196,0,0
10637,Computer science,372.50693308,372.50693308,372.50693308,0.0,0.0,0.0,n00000129,n00000129,n00000129,0,0
10638,Computer science,390.75968525,390.75968525,390.75968525,0.0,0.0,0.0,n00000196,n00000196,n00000196,0,0
10642,Computer science,386.34442064,386.34442064,386.34442064,0.0,0.0,0.0,n00000159,n00000159,n00000159,0,0
10644,Computer science,381.85198604,381.85330503,381.85198604,0.001318990000015674,0.0,0.001318990000015674,n00000245,n00000245,n00000245,1,0
10645,Computer science,380.00264972,380.0026506,380.00264981,8.799999591246888e-07,8.999995770864189e-08,7.900000014160469e-07,n00000130,n00000130,n00000130,1,1
10646,Computer science,383.94196558,383.95602003,383.9420779,0.014054450000003271,0.0001123200000279212,0.01394212999997535,n00000130,n00000130,n00000130,1,1
10651,Computer science,383.42896847,383.42896847,383.42896847,0.0,0.0,0.0,n00000130,n00000130,n00000130,0,0
10653,Computer science,398.23749425,398.23749439,398.23749425,1.3999999737279722e-07,0.0,1.3999999737279722e-07,n00000196,n00000196,n00000196,1,0
10654,Computer science,377.32707126,377.3270712,377.32707126,-6.00000475969864e-08,0.0,-6.00000475969864e-08,n00000128,n00000128,n00000128,1,0
10655,Computer science,391.8165987,391.81659872,391.8165987,2.0000015865662135e-08,0.0,2.0000015865662135e-08,n00000196,n00000196,n00000196,1,0
10656,Computer science,376.80067911,376.80067911,376.80067911,0.0,0.0,0.0,n00000129,n00000129,n00000129,0,0
10659,Computer science,375.02840497,375.02840497,375.02840497,0.0,0.0,0.0,n00000130,n00000130,n00000130,0,0
10660,Computer science,379.42659929,379.42659928,379.42659929,-1.0000007932831068e-08,0.0,-1.0000007932831068e-08,n00000130,n00000130,n00000130,1,0
10663,Computer science,393.53348711,393.53348712,393.53348712,1.0000007932831068e-08,1.0000007932831068e-08,0.0,n00000245,n00000245,n00000245,1,1
10672,Computer science,378.00436618,377.99248714,378.00436618,-0.011879039999996621,0.0,-0.011879039999996621,n00000161,n00000161,n00000161,1,0
10675,Computer science,389.30034496,389.30034496,389.30034496,0.0,0.0,0.0,n00000159,n00000159,n00000159,0,0
10678,Computer science,381.43604633,381.43604633,381.43604633,0.0,0.0,0.0,n00000155,n00000155,n00000155,0,0
10681,Computer science,377.27558061,377.27561572,377.27558479,3.5109999998894637e-05,4.1799999621616735e-06,3.093000003673296e-05,n00000130,n00000130,n00000130,1,1
10685,Computer science,398.32614052,398.32614055,398.32614052,2.999996695507434e-08,0.0,2.999996695507434e-08,n00000196,n00000196,n00000196,1,0
10686,Computer science,379.30609431,379.3060943,379.30609428,-1.0000007932831068e-08,-2.999996695507434e-08,1.9999959022243274e-08,n00000181,n00000181,n00000181,1,1
10689,Computer science,381.61766854,381.61766856,381.61766854,2.0000015865662135e-08,0.0,2.0000015865662135e-08,n00000129,n00000129,n00000129,1,0
10693,Computer science,399.68124983,399.68124983,399.68124983,0.0,0.0,0.0,n00000196,n00000196,n00000196,0,0
10694,Computer science,389.42625492,389.42625492,389.42625492,0.0,0.0,0.0,n00000196,n00000196,n00000196,0,0
10702,Computer science,386.54822485,386.54822485,386.54822485,0.0,0.0,0.0,n00000159,n00000159,n00000159,0,0
10704,Computer science,381.53371721,381.53371722,381.53371721,1.0000007932831068e-08,0.0,1.0000007932831068e-08,n00000129,n00000129,n00000129,1,0
10710,Computer science,380.23197493,380.22109451,380.23197493,-0.01088041999997813,0.0,-0.01088041999997813,n00000241,n00000241,n00000241,1,0
10715,Computer science,384.18839601,384.18839602,384.18839601,1.0000007932831068e-08,0.0,1.0000007932831068e-08,n00000129,n00000129,n00000129,1,0
10717,Computer science,380.04619079,380.04619076,380.04619079,-3.00000237984932e-08,0.0,-3.00000237984932e-08,n00000154,n00000154,n00000154,1,0
10722,Computer science,383.75100016,383.75100016,383.75100016,0.0,0.0,0.0,n00000154,n00000154,n00000154,0,0
10723,Computer science,381.61797195,381.61797195,381.61797215,0.0,1.9999998812636477e-07,-1.9999998812636477e-07,n00000129,n00000129,n00000129,0,1
10725,Computer science,384.15175205,384.15175224,384.15175205,1.899999801935337e-07,0.0,1.899999801935337e-07,n00000130,n00000130,n00000130,1,0
10729,Computer science,389.17063882,389.17063882,389.17063882,0.0,0.0,0.0,n00000245,n00000245,n00000245,0,0
10731,Computer science,396.38325713,396.38325713,396.38325713,0.0,0.0,0.0,n00000196,n00000196,n00000196,0,0
10735,Computer science,381.04736298,381.07938445,381.04736351,0.03202147000001787,5.300000225361146e-07,0.032020939999995335,n00000129,n00000129,n00000129,1,1
10740,Computer science,378.86634246,378.86634142,378.86634673,-1.0399999723631481e-06,4.269999976713734e-06,-5.309999949076882e-06,n00000193,n00000193,n00000193,1,1
10748,Computer science,385.30409248,385.30409248,385.30409248,0.0,0.0,0.0,n00000129,n00000129,n00000129,0,0
10751,Computer science,380.02177532,380.02177413,380.02177532,-1.1900000345121953e-06,0.0,-1.1900000345121953e-06,n00000154,n00000154,n00000154,1,0
10754,Computer science,381.1700739,381.1700739,381.1700739,0.0,0.0,0.0,n00000129,n00000129,n00000129,0,0
10759,Computer science,414.63027489,414.63027489,414.63027489,0.0,0.0,0.0,n00000196,n00000196,n00000196,0,0
10763,Computer science,372.58147835,372.58147835,372.58147835,0.0,0.0,0.0,n00000129,n00000129,n00000129,0,0
10765,Computer science,380.49352175,380.49352167,380.49352175,-8.000000661922968e-08,0.0,-8.000000661922968e-08,n00000130,n00000130,n00000130,1,0
10773,Computer science,378.33690687,378.33690687,378.33690687,0.0,0.0,0.0,n00000129,n00000129,n00000129,0,0
10775,Philosophy,387.61073678,387.61073678,387.61073678,0.0,0.0,0.0,n00000128,n00000128,n00000128,0,0
10777,Philosophy,383.17799617,383.17799643,383.17799617,2.600000357233512e-07,0.0,2.600000357233512e-07,n00000242,n00000242,n00000242,1,0
10783,Philosophy,394.2978168,394.29739537,394.2978168,-0.00042143000001715336,0.0,-0.00042143000001715336,n00000142,n00000142,n00000142,1,0
10785,Philosophy,389.88698765,389.88661717,389.88698765,-0.00037047999995820646,0.0,-0.00037047999995820646,n00000142,n00000142,n00000142,1,0
10787,Philosophy,393.78061259,393.78057523,393.78061259,-3.735999996479222e-05,0.0,-3.735999996479222e-05,n00000142,n00000142,n00000142,1,0
10788,Philosophy,390.63612666,390.63020008,390.63612666,-0.005926579999993464,0.0,-0.005926579999993464,n00000142,n00000142,n00000142,1,0
10791,Philosophy,403.34398003,403.34365516,403.34398003,-0.0003248699999858218,0.0,-0.0003248699999858218,n00000142,n00000142,n00000142,1,0
10792,Philosophy,395.58464209,395.5577794,395.58464209,-0.0268626899999731,0.0,-0.0268626899999731,n00000142,n00000142,n00000142,1,0
10798,Philosophy,402.77037395,402.76981543,402.77037395,-0.0005585200000268742,0.0,-0.0005585200000268742,n00000056,n00000056,n00000056,1,0
10799,Philosophy,404.20093957,404.34297018,404.20093957,0.14203061000000616,0.0,0.14203061000000616,n00000056,n00000056,n00000056,1,0
10800,Philosophy,405.46561576,405.5097787,405.46561576,0.04416294000003518,0.0,0.04416294000003518,n00000056,n00000056,n00000056,1,0
10803,Philosophy,402.33140015,402.33432334,402.33140015,0.002923190000046816,0.0,0.002923190000046816,n00000056,n00000056,n00000056,1,0
10817,Philosophy,402.25873495,402.25873495,402.25873495,0.0,0.0,0.0,n00000056,n00000056,n00000056,0,0
10825,Philosophy,399.5722389,399.57213269,399.5722389,-0.00010621000001265202,0.0,-0.00010621000001265202,n00000142,n00000142,n00000142,1,0
10834,Philosophy,401.64521234,401.64521027,401.64521234,-2.069999993636884e-06,0.0,-2.069999993636884e-06,n00000056,n00000056,n00000056,1,0
10837,Philosophy,382.20150317,381.71628853,382.2015267,-0.4852146400000379,2.3529999964466697e-05,-0.48523817000000236,n00000143,n00000143,n00000143,1,1
10839,Philosophy,396.46738076,396.46720216,396.46738076,-0.00017860000002656307,0.0,-0.00017860000002656307,n00000056,n00000056,n00000056,1,0
10840,Philosophy,406.40892079,406.40887021,406.40892079,-5.058000004964924e-05,0.0,-5.058000004964924e-05,n00000056,n00000056,n00000056,1,0
10843,Philosophy,379.05455696,378.41242862,379.05455696,-0.6421283399999993,0.0,-0.6421283399999993,n00000143,n00000143,n00000143,1,0
10849,Philosophy,387.587136,387.6269144,387.58713601,0.03977839999998878,1.0000007932831068e-08,0.039778389999980845,n00000221,n00000221,n00000221,1,1
10850,Philosophy,411.52935069,411.52930819,411.52935069,-4.250000000638465e-05,0.0,-4.250000000638465e-05,n00000142,n00000142,n00000142,1,0
10853,Philosophy,395.76817171,395.6036521,395.76817171,-0.16451961000001347,0.0,-0.16451961000001347,n00000143,n00000143,n00000143,1,0
10856,Philosophy,407.53381494,407.53381494,407.53381494,0.0,0.0,0.0,n00000056,n00000056,n00000056,0,0
10859,Philosophy,394.91703064,394.91703064,394.91703064,0.0,0.0,0.0,n00000056,n00000056,n00000056,0,0
10862,Philosophy,400.9149836,400.91498356,400.9149836,-4.000003173132427e-08,0.0,-4.000003173132427e-08,n00000056,n00000056,n00000056,1,0
10864,Philosophy,405.8139641,405.8139641,405.8139641,0.0,0.0,0.0,n00000056,n00000056,n00000056,0,0
10867,Philosophy,390.86469023,390.86340213,390.86468998,-0.0012881000000106724,-2.500000277905201e-07,-0.0012878499999828819,n00000078,n00000078,n00000078,1,1
10888,Philosophy,398.04599805,398.04598198,398.04599804,-1.6069999958290282e-05,-1.0000007932831068e-08,-1.605999995035745e-05,n00000056,n00000056,n00000056,1,1
10893,Philosophy,404.05612436,404.05610663,404.05612436,-1.7730000024585024e-05,0.0,-1.7730000024585024e-05,n00000142,n00000142,n00000142,1,0
10894,Philosophy,399.70689349,399.70620788,399.70689349,-0.0006856100000049992,0.0,-0.0006856100000049992,n00000142,n00000142,n00000142,1,0
10895,Philosophy,400.52599378,400.52313593,400.52599378,-0.0028578499999980522,0.0,-0.0028578499999980522,n00000142,n00000142,n00000142,1,0
10896,Philosophy,405.16719395,405.15495959,405.16719395,-0.012234360000036304,0.0,-0.012234360000036304,n00000142,n00000142,n00000142,1,0
10898,Philosophy,387.1465063,387.14093213,387.14650628,-0.005574169999988499,-2.0000015865662135e-08,-0.005574149999972633,n00000056,n00000056,n00000056,1,1
10899,Philosophy,392.24298599,392.24298589,392.24298599,-1.0000002248489182e-07,0.0,-1.0000002248489182e-07,n00000056,n00000056,n00000056,1,0
10906,Philosophy,389.1432957,389.14241778,389.1432957,-0.0008779199999935372,0.0,-0.0008779199999935372,n00000142,n00000142,n00000142,1,0
10908,Philosophy,389.32877708,389.32733502,389.32877708,-0.0014420599999880324,0.0,-0.0014420599999880324,n00000142,n00000142,n00000142,1,0
10909,Philosophy,396.2731108,396.27284861,396.2731108,-0.00026219000000082815,0.0,-0.00026219000000082815,n00000142,n00000142,n00000142,1,0
10912,Philosophy,396.17629263,396.17589439,396.17629263,-0.0003982399999813424,0.0,-0.0003982399999813424,n00000142,n00000142,n00000142,1,0
10913,Philosophy,385.29157435,385.29076975,385.29157435,-0.0008046000000376807,0.0,-0.0008046000000376807,n00000142,n00000142,n00000142,1,0
10921,Philosophy,370.05337204,370.05338435,370.05337204,1.2309999988247e-05,0.0,1.2309999988247e-05,n00000143,n00000143,n00000143,1,0
10927,Philosophy,394.41061561,394.40885422,394.41061561,-0.001761389999956009,0.0,-0.001761389999956009,n00000056,n00000056,n00000056,1,0
10929,Philosophy,405.30014092,405.36325877,405.30014092,0.06311785000002601,0.0,0.06311785000002601,n00000056,n00000056,n00000056,1,0
10930,Philosophy,401.54341229,401.53830206,401.54341229,-0.005110230000013871,0.0,-0.005110230000013871,n00000056,n00000056,n00000056,1,0
10935,Philosophy,389.33580164,389.33243807,389.33580164,-0.0033635699999763347,0.0,-0.0033635699999763347,n00000143,n00000143,n00000143,1,0
10937,Philosophy,394.17057707,394.10165785,394.17057707,-0.06891921999999795,0.0,-0.06891921999999795,n00000142,n00000142,n00000142,1,0
10939,Philosophy,403.22954184,402.11704434,403.22954184,-1.1124975000000177,0.0,-1.1124975000000177,n00000143,n00000143,n00000143,1,0
10940,Philosophy,397.01583105,396.97801049,397.01583105,-0.037820560000000114,0.0,-0.037820560000000114,n00000142,n00000142,n00000142,1,0
10942,Philosophy,398.03666358,398.03576933,398.03666358,-0.0008942499999875508,0.0,-0.0008942499999875508,n00000142,n00000142,n00000142,1,0
10943,Philosophy,389.1745244,387.74618093,389.1745244,-1.4283434700000157,0.0,-1.4283434700000157,n00000143,n00000143,n00000143,1,0
10945,Philosophy,384.40591185,384.40603901,384.40590639,0.00012715999997681138,-5.4600000112259295e-06,0.0001326199999880373,n00000128,n00000128,n00000128,1,1
10946,Philosophy,386.12515702,386.12514892,386.12515702,-8.100000002286833e-06,0.0,-8.100000002286833e-06,n00000184,n00000184,n00000184,1,0
10948,Philosophy,391.47953652,391.47953343,391.47953652,-3.090000006977789e-06,0.0,-3.090000006977789e-06,n00000056,n00000056,n00000056,1,0
10952,Philosophy,404.80276223,404.80276223,404.80276223,0.0,0.0,0.0,n00000056,n00000056,n00000056,0,0
10962,Philosophy,391.71473787,391.70236479,391.71473787,-0.012373080000031678,0.0,-0.012373080000031678,n00000142,n00000142,n00000142,1,0
10964,Philosophy,394.27905617,394.27892181,394.27905617,-0.00013436000000410786,0.0,-0.00013436000000410786,n00000142,n00000142,n00000142,1,0
10969,Philosophy,369.30037622,369.53443968,369.30539171,0.23406346000001577,0.005015490000005229,0.22904797000001054,n00000143,n00000143,n00000143,1,1
10971,Philosophy,377.07423259,377.07924408,377.07423271,0.005011490000015328,1.199999815071351e-07,0.005011370000033821,n00000143,n00000143,n00000143,1,1
10974,Philosophy,377.42834747,377.42740514,377.42836503,-0.0009423299999866686,1.7560000003413734e-05,-0.0009598899999900823,n00000185,n00000185,n00000185,1,1
10978,Philosophy,394.94087131,394.9393879,394.94087131,-0.0014834099999916361,0.0,-0.0014834099999916361,n00000056,n00000056,n00000056,1,0
10981,Philosophy,400.07852217,400.0721987,400.07852217,-0.0063234699999838995,0.0,-0.0063234699999838995,n00000142,n00000142,n00000142,1,0
10982,Philosophy,402.19855451,402.07177637,402.19855451,-0.12677813999999898,0.0,-0.12677813999999898,n00000142,n00000142,n00000142,1,0
10995,Philosophy,378.12315053,378.08624959,378.12315053,-0.0369009399999527,0.0,-0.0369009399999527,n00000221,n00000221,n00000221,1,0
11005,Philosophy,393.93636674,393.93238212,393.93636235,-0.003984619999982897,-4.389999958220869e-06,-0.003980230000024676,n00000142,n00000142,n00000142,1,1
11009,Philosophy,398.0331237,398.0331202,398.0331237,-3.4999999911633495e-06,0.0,-3.4999999911633495e-06,n00000056,n00000056,n00000056,1,0
11010,Philosophy,394.77465032,394.77463542,394.77465031,-1.4899999996487168e-05,-9.999951089412207e-09,-1.4890000045397755e-05,n00000056,n00000056,n00000056,1,1
11011,Philosophy,377.73553994,376.8785036,377.73553999,-0.857036340000036,4.999998282073648e-08,-0.8570363900000189,n00000143,n00000143,n00000143,1,1
11017,Philosophy,405.84480334,405.48203812,405.84480334,-0.3627652199999716,0.0,-0.3627652199999716,n00000143,n00000143,n00000143,1,0
11019,Philosophy,404.94668537,404.9444231,404.94668537,-0.002262270000016997,0.0,-0.002262270000016997,n00000142,n00000142,n00000142,1,0
11023,Philosophy,393.51835553,393.50359324,393.51835553,-0.014762290000021494,0.0,-0.014762290000021494,n00000143,n00000143,n00000143,1,0
11026,Philosophy,406.06189015,405.93627139,406.06189015,-0.12561876000000893,0.0,-0.12561876000000893,n00000142,n00000142,n00000142,1,0
11030,Philosophy,387.81211914,386.64585499,387.81211914,-1.1662641500000177,0.0,-1.1662641500000177,n00000143,n00000143,n00000143,1,0
11036,Philosophy,391.48399918,391.47574997,391.48399918,-0.008249210000030871,0.0,-0.008249210000030871,n00000056,n00000056,n00000056,1,0
11040,Philosophy,388.46315732,388.46099241,388.46315732,-0.0021649099999763166,0.0,-0.0021649099999763166,n00000142,n00000142,n00000142,1,0
11042,Philosophy,390.18516625,390.18334749,390.18516616,-0.0018187599999919257,-9.000001455206075e-08,-0.0018186699999773737,n00000142,n00000142,n00000142,1,1
11043,Philosophy,390.44909154,390.41615624,390.44909154,-0.03293529999996281,0.0,-0.03293529999996281,n00000142,n00000142,n00000142,1,0
11053,Philosophy,379.99684655,379.99727806,379.99684655,0.000431509999998525,0.0,0.000431509999998525,n00000143,n00000143,n00000143,1,0
11054,Philosophy,365.77928448,365.76521794,365.77966107,-0.014066539999987526,0.00037658999997347564,-0.014443129999961002,n00000143,n00000143,n00000143,1,1
11058,Philosophy,369.98246973,369.98087522,369.98246973,-0.00159451000001809,0.0,-0.00159451000001809,n00000105,n00000105,n00000105,1,0
11060,Philosophy,399.10393845,399.10226329,399.10393845,-0.001675159999990683,0.0,-0.001675159999990683,n00000056,n00000056,n00000056,1,0
11061,Philosophy,381.37975315,381.35648347,381.37975315,-0.023269679999998516,0.0,-0.023269679999998516,n00000056,n00000056,n00000056,1,0
11067,Philosophy,402.70406198,402.22202409,402.70406198,-0.48203789000001507,0.0,-0.48203789000001507,n00000143,n00000143,n00000143,1,0
11068,Philosophy,383.52125654,383.45927988,383.52125654,-0.06197666000002755,0.0,-0.06197666000002755,n00000142,n00000142,n00000142,1,0
11069,Philosophy,403.00304227,402.99930517,403.00304227,-0.003737099999966631,0.0,-0.003737099999966631,n00000142,n00000142,n00000142,1,0
11075,Philosophy,389.94029023,388.25487291,389.94029023,-1.685417319999999,0.0,-1.685417319999999,n00000216,n00000216,n00000216,1,0
11083,Philosophy,397.54615134,397.54554494,397.54615134,-0.0006063999999810221,0.0,-0.0006063999999810221,n00000142,n00000142,n00000142,1,0
11085,Philosophy,394.58046216,394.57500549,394.58046216,-0.0054566700000009405,0.0,-0.0054566700000009405,n00000142,n00000142,n00000142,1,0
11086,Philosophy,398.26745513,398.12847606,398.26745513,-0.13897906999994802,0.0,-0.13897906999994802,n00000143,n00000143,n00000143,1,0
11091,Philosophy,392.6511655,392.59838247,392.6511655,-0.05278303000000051,0.0,-0.05278303000000051,n00000142,n00000142,n00000142,1,0
11093,Philosophy,387.67574554,387.67558751,387.67574554,-0.00015802999996594735,0.0,-0.00015802999996594735,n00000142,n00000142,n00000142,1,0
11095,Philosophy,368.7945971,368.7989321,368.79826319,0.004335000000025957,0.003666090000024269,0.0006689100000016879,n00000082,n00000082,n00000082,1,1
11096,Philosophy,362.88192036,362.87657709,362.88192036,-0.005343269999968925,0.0,-0.005343269999968925,n00000105,n00000105,n00000105,1,0
11097,Philosophy,368.11225621,368.08937291,368.11225621,-0.022883299999989504,0.0,-0.022883299999989504,n00000106,n00000106,n00000106,1,0
11099,Philosophy,402.91461307,402.91451753,402.91461307,-9.553999996114726e-05,0.0,-9.553999996114726e-05,n00000056,n00000056,n00000056,1,0
11102,Philosophy,396.46880406,396.4653413,396.46880406,-0.0034627600000476377,0.0,-0.0034627600000476377,n00000142,n00000142,n00000142,1,0
11104,Philosophy,379.02604986,379.02587772,379.02604899,-0.0001721400000178619,-8.700000080352766e-07,-0.00017127000000982662,n00000082,n00000082,n00000082,1,1
11107,Philosophy,398.88499216,398.86818529,398.88499216,-0.016806870000038998,0.0,-0.016806870000038998,n00000142,n00000142,n00000142,1,0
11110,Philosophy,403.950907,403.94704116,403.950907,-0.0038658399999462745,0.0,-0.0038658399999462745,n00000142,n00000142,n00000142,1,0
11118,Philosophy,406.19115825,406.19115825,406.19115825,0.0,0.0,0.0,n00000056,n00000056,n00000056,0,0
11124,Philosophy,384.38040901,384.37718594,384.38040901,-0.0032230699999900025,0.0,-0.0032230699999900025,n00000056,n00000056,n00000056,1,0
11125,Philosophy,391.77841496,391.77806599,391.77841496,-0.0003489700000045559,0.0,-0.0003489700000045559,n00000056,n00000056,n00000056,1,0
11127,Philosophy,400.43648125,400.43648076,400.43648125,-4.899999908047903e-07,0.0,-4.899999908047903e-07,n00000056,n00000056,n00000056,1,0
11132,Philosophy,390.56070451,390.56067439,390.56070451,-3.0120000019451254e-05,0.0,-3.0120000019451254e-05,n00000142,n00000142,n00000142,1,0
11133,Philosophy,385.53177173,385.53177164,385.53177408,-9.000001455206075e-08,2.3499999883824785e-06,-2.4400000029345392e-06,n00000183,n00000183,n00000183,1,1
11134,Philosophy,392.20790021,390.54751578,392.20790021,-1.660384429999965,0.0,-1.660384429999965,n00000143,n00000143,n00000143,1,0
11139,Philosophy,377.78906648,377.78886319,377.78906653,-0.00020329000000174346,5.000003966415534e-08,-0.00020334000004140762,n00000105,n00000105,n00000105,1,1
11141,Philosophy,408.80460686,408.8046067,408.80460686,-1.599999563950405e-07,0.0,-1.599999563950405e-07,n00000056,n00000056,n00000056,1,0
11145,Philosophy,404.77565747,404.77521358,404.77565747,-0.0004438899999854584,0.0,-0.0004438899999854584,n00000142,n00000142,n00000142,1,0
11150,Philosophy,391.81377938,390.01335957,391.81377938,-1.8004198100000508,0.0,-1.8004198100000508,n00000143,n00000143,n00000143,1,0
11154,Philosophy,386.80177926,386.72834627,386.80177926,-0.0734329900000148,0.0,-0.0734329900000148,n00000143,n00000143,n00000143,1,0
11155,Philosophy,393.43438948,392.36252769,393.43438948,-1.071861790000014,0.0,-1.071861790000014,n00000143,n00000143,n00000143,1,0
11157,Philosophy,402.19527163,402.19442189,402.19527163,-0.0008497399999782829,0.0,-0.0008497399999782829,n00000142,n00000142,n00000142,1,0
11159,Philosophy,380.33916154,380.3363992,380.3392424,-0.00276234000000386,8.085999996865212e-05,-0.002843199999972512,n00000183,n00000183,n00000183,1,1
11162,Philosophy,395.86017264,395.86017262,395.86017264,-1.9999959022243274e-08,0.0,-1.9999959022243274e-08,n00000056,n00000056,n00000056,1,0
11164,Philosophy,388.24825267,388.24823261,388.24825267,-2.005999999710184e-05,0.0,-2.005999999710184e-05,n00000142,n00000142,n00000142,1,0
11167,Philosophy,400.80257207,400.80230729,400.80257207,-0.0002647800000090683,0.0,-0.0002647800000090683,n00000142,n00000142,n00000142,1,0
11172,Philosophy,404.85444048,404.85441952,404.85444048,-2.095999997209219e-05,0.0,-2.095999997209219e-05,n00000056,n00000056,n00000056,1,0
11174,Philosophy,404.77437883,404.97994945,404.77437883,0.20557062000000315,0.0,0.20557062000000315,n00000056,n00000056,n00000056,1,0
11178,Philosophy,408.17724712,408.11546913,408.17724712,-0.06177798999999595,0.0,-0.06177798999999595,n00000142,n00000142,n00000142,1,0
11185,Philosophy,387.94884428,387.78092726,387.94884428,-0.1679170200000044,0.0,-0.1679170200000044,n00000142,n00000142,n00000142,1,0
11190,Philosophy,401.42219799,401.42219798,401.42219799,-9.999951089412207e-09,0.0,-9.999951089412207e-09,n00000056,n00000056,n00000056,1,0
11203,Philosophy,377.29643489,377.29880458,377.29643489,0.0023696900000231835,0.0,0.0023696900000231835,n00000143,n00000143,n00000143,1,0
11205,Philosophy,366.76652455,366.76651227,366.76653769,-1.2279999964448507e-05,1.3140000021394371e-05,-2.5419999985842878e-05,n00000082,n00000082,n00000082,1,1
11206,Philosophy,392.79065156,392.79065156,392.79065156,0.0,0.0,0.0,n00000077,n00000077,n00000077,0,0
11212,Philosophy,403.99837462,403.80302817,403.99837462,-0.19534644999998818,0.0,-0.19534644999998818,n00000143,n00000143,n00000143,1,0
11213,Philosophy,397.04625546,396.86586598,397.04625546,-0.1803894799999739,0.0,-0.1803894799999739,n00000142,n00000143,n00000142,1,0
11216,Philosophy,399.49033267,399.48119235,399.49033267,-0.00914031999997178,0.0,-0.00914031999997178,n00000142,n00000142,n00000142,1,0
11218,Philosophy,404.15504132,404.13464886,404.15504132,-0.020392459999982293,0.0,-0.020392459999982293,n00000142,n00000142,n00000142,1,0
11221,Philosophy,402.70003277,402.70003265,402.70003277,-1.199999815071351e-07,0.0,-1.199999815071351e-07,n00000056,n00000056,n00000056,1,0
11228,Philosophy,389.15250173,389.15192159,389.15250173,-0.0005801400000109425,0.0,-0.0005801400000109425,n00000142,n00000142,n00000142,1,0
11231,Philosophy,381.26987966,381.19893115,381.26987966,-0.0709485099999938,0.0,-0.0709485099999938,n00000143,n00000143,n00000143,1,0
11232,Philosophy,392.43684831,392.43673588,392.43684831,-0.0001124300000014955,0.0,-0.0001124300000014955,n00000142,n00000142,n00000142,1,0
11233,Philosophy,393.83947795,393.83801666,393.83947795,-0.0014612900000088302,0.0,-0.0014612900000088302,n00000142,n00000142,n00000142,1,0
11234,Philosophy,385.3622904,385.35904036,385.3622904,-0.0032500400000117224,0.0,-0.0032500400000117224,n00000142,n00000142,n00000142,1,0
11237,Philosophy,392.52165501,392.5210299,392.52165501,-0.0006251100000440601,0.0,-0.0006251100000440601,n00000142,n00000142,n00000142,1,0
11238,Philosophy,384.72551991,384.72519666,384.72552006,-0.0003232500000081018,1.500000053056283e-07,-0.0003234000000134074,n00000142,n00000142,n00000142,1,1
11242,Philosophy,369.91858504,369.91222623,369.9185855,-0.006358809999994719,4.6000002384971594e-07,-0.006359270000018569,n00000106,n00000106,n00000106,1,1
11245,Philosophy,374.31486631,374.31512982,374.31486631,0.0002635099999679369,0.0,0.0002635099999679369,n00000104,n00000104,n00000104,1,0
11247,Philosophy,402.03838913,402.0388798,402.03838913,0.000490670000033333,0.0,0.000490670000033333,n00000056,n00000056,n00000056,1,0
11258,Philosophy,393.01999563,393.0060095,393.01999563,-0.013986129999977948,0.0,-0.013986129999977948,n00000056,n00000056,n00000056,1,0
11268,Philosophy,389.62057648,389.61435124,389.62057648,-0.006225239999992027,0.0,-0.006225239999992027,n00000217,n00000217,n00000217,1,0
11275,Philosophy,398.15774677,398.15774677,398.15774587,0.0,-9.000000318337698e-07,9.000000318337698e-07,n00000234,n00000234,n00000234,0,1
11278,Philosophy,402.32083169,402.32026309,402.32083169,-0.0005685999999514024,0.0,-0.0005685999999514024,n00000056,n00000056,n00000056,1,0
11279,Philosophy,403.11959583,403.05774646,403.11959583,-0.061849370000004456,0.0,-0.061849370000004456,n00000142,n00000142,n00000142,1,0
11282,Philosophy,396.88044824,396.34801221,396.88044824,-0.5324360300000421,0.0,-0.5324360300000421,n00000143,n00000143,n00000143,1,0
11290,Engineering,421.26420544,421.26420768,421.26420544,2.2400000148081745e-06,0.0,2.2400000148081745e-06,n00000037,n00000037,n00000037,1,0
11291,Engineering,420.47069824,420.4707014,420.47069824,3.1600000056641875e-06,0.0,3.1600000056641875e-06,n00000037,n00000037,n00000037,1,0
11316,Engineering,394.47831666,394.48047904,394.47834607,0.00216237999995883,2.9409999967811018e-05,0.002132969999991019,n00000172,n00000172,n00000172,1,1
11329,Engineering,429.07030555,429.07030565,429.07030558,1.0000002248489182e-07,3.00000237984932e-08,6.999999868639861e-08,n00000037,n00000037,n00000037,1,1
11331,Engineering,432.61669296,432.61669311,432.61669296,1.500000053056283e-07,0.0,1.500000053056283e-07,n00000037,n00000037,n00000037,1,0
11332,Engineering,411.10001663,411.10001663,411.10001663,0.0,0.0,0.0,n00000037,n00000037,n00000037,0,0
11338,Engineering,381.66116663,381.66337795,381.66258445,0.00221131999995805,0.0014178199999719254,0.0007934999999861247,n00000193,n00000193,n00000193,1,1
11340,Engineering,414.10345553,414.00218242,414.10345553,-0.10127311000002237,0.0,-0.10127311000002237,n00000037,n00000037,n00000037,1,0
11343,Engineering,379.31200762,379.31573177,379.31200928,0.003724150000039117,1.6600000094513234e-06,0.0037224900000296657,n00000193,n00000193,n00000193,1,1
11345,Engineering,411.33235423,411.33235423,411.33235423,0.0,0.0,0.0,n00000037,n00000037,n00000037,0,0
11350,Engineering,433.2573477,433.25734782,433.25734775,1.199999815071351e-07,4.999998282073648e-08,6.999999868639861e-08,n00000037,n00000037,n00000037,1,1
11351,Engineering,381.70945067,381.70945067,381.91256363,0.0,0.20311295999999857,-0.20311295999999857,n00000172,n00000172,n00000172,0,1
11353,Engineering,373.74584042,373.6965079,373.74583622,-0.04933252000000721,-4.199999978027336e-06,-0.04932832000002918,n00000161,n00000161,n00000161,1,1
11354,Engineering,380.17006495,380.17006091,380.17006276,-4.039999964788876e-06,-2.189999975144019e-06,-1.8499999896448571e-06,n00000193,n00000193,n00000193,1,1
11359,Engineering,384.91699591,384.91699591,384.91699591,0.0,0.0,0.0,n00000121,n00000121,n00000121,0,0
11360,Engineering,389.14373933,389.14373933,389.55344569,0.0,0.40970635999997285,-0.40970635999997285,n00000173,n00000173,n00000173,0,1
11362,Engineering,426.79007676,426.79007676,426.79007677,0.0,1.0000007932831068e-08,-1.0000007932831068e-08,n00000037,n00000037,n00000037,0,1
11367,Engineering,415.77898395,415.77898386,415.77898395,-9.000001455206075e-08,0.0,-9.000001455206075e-08,n00000030,n00000030,n00000030,1,0
11375,Engineering,419.72109496,419.72109407,419.72109496,-8.900000239009387e-07,0.0,-8.900000239009387e-07,n00000030,n00000030,n00000030,1,0
11377,Engineering,420.84063849,419.98520796,420.84064079,-0.8554305299999783,2.300000005561742e-06,-0.8554328299999838,n00000030,n00000037,n00000030,1,1
11379,Engineering,429.00662667,429.00662668,429.00662667,1.0000007932831068e-08,0.0,1.0000007932831068e-08,n00000037,n00000037,n00000037,1,0
11385,Engineering,402.89148359,402.89148359,402.89148359,0.0,0.0,0.0,n00000121,n00000121,n00000121,0,0
11393,Engineering,403.95804492,403.95804492,403.95804492,0.0,0.0,0.0,n00000121,n00000121,n00000121,0,0
11394,Engineering,390.57275343,390.57275343,390.57275343,0.0,0.0,0.0,n00000192,n00000192,n00000192,0,0
11399,Engineering,400.80025832,400.80025832,400.80023408,0.0,-2.4240000016106933e-05,2.4240000016106933e-05,n00000064,n00000064,n00000064,0,1
11401,Engineering,386.21371343,386.21373978,386.21365324,2.635000004147514e-05,-6.018999999923835e-05,8.65400000407135e-05,n00000172,n00000172,n00000172,1,1
11402,Engineering,414.66212078,414.66212078,414.66212078,0.0,0.0,0.0,n00000037,n00000037,n00000037,0,0
11403,Engineering,430.25795894,430.25795894,430.25795894,0.0,0.0,0.0,n00000037,n00000037,n00000037,0,0
11407,Engineering,411.90288255,411.90288333,411.90668483,7.799999934832158e-07,0.003802280000002156,-0.003801500000008673,n00000037,n00000037,n00000037,1,1
11408,Engineering,390.1888509,390.1888509,390.1888509,0.0,0.0,0.0,n00000238,n00000238,n00000238,0,0
11410,Engineering,380.44869829,380.4486977,380.44869889,-5.899999564462632e-07,6.000000212225132e-07,-1.1899999776687764e-06,n00000121,n00000121,n00000121,1,1
11411,Engineering,387.49541948,387.49541948,387.49541947,0.0,-1.0000007932831068e-08,1.0000007932831068e-08,n00000241,n00000241,n00000241,0,1
11414,Engineering,409.81651518,409.81651518,409.81653573,0.0,2.054999998790663e-05,-2.054999998790663e-05,n00000037,n00000037,n00000037,0,1
11417,Engineering,425.58828872,425.58828872,425.58828872,0.0,0.0,0.0,n00000037,n00000037,n00000037,0,0
11425,Engineering,435.80887047,435.80887047,435.80887047,0.0,0.0,0.0,n00000037,n00000037,n00000037,0,0
11427,Engineering,389.27811053,389.27811053,389.27811053,0.0,0.0,0.0,n00000238,n00000238,n00000238,0,0
11428,Engineering,392.19406282,392.49504154,392.19406282,0.30097871999998915,0.0,0.30097871999998915,n00000161,n00000245,n00000161,1,0
11429,Engineering,412.3326044,412.44759922,412.3326044,0.11499481999999261,0.0,0.11499481999999261,n00000037,n00000037,n00000037,1,0
11433,Engineering,383.50639679,383.50637603,383.50748992,-2.0759999983965827e-05,0.0010931300000152078,-0.0011138899999991736,n00000193,n00000193,n00000193,1,1
11443,Engineering,432.59207515,432.59207526,432.59207515,1.0999997357430402e-07,0.0,1.0999997357430402e-07,n00000030,n00000030,n00000030,1,0
11448,Engineering,444.9330451,444.93304508,444.9330451,-2.0000015865662135e-08,0.0,-2.0000015865662135e-08,n00000030,n00000030,n00000030,1,0
11449,Engineering,412.93842816,412.9363089,412.93842816,-0.002119260000029044,0.0,-0.002119260000029044,n00000030,n00000030,n00000030,1,0
11461,Engineering,407.06306089,407.06306089,407.06306089,0.0,0.0,0.0,n00000121,n00000121,n00000121,0,0
11463,Engineering,406.01634391,406.01634391,406.01634391,0.0,0.0,0.0,n00000121,n00000121,n00000121,0,0
11467,Engineering,383.19518697,383.20960541,383.19582237,0.014418439999985821,0.0006353999999646476,0.013783040000021174,n00000193,n00000193,n00000193,1,1
11472,Engineering,414.21279984,414.21279984,414.21279984,0.0,0.0,0.0,n00000037,n00000037,n00000037,0,0
11481,Engineering,376.81850257,376.81897729,376.81850304,0.0004747199999997065,4.6999997493912815e-07,0.00047425000002476736,n00000193,n00000193,n00000193,1,1
11487,Engineering,418.04087321,418.04087321,418.04087321,0.0,0.0,0.0,n00000037,n00000037,n00000037,0,0
11488,Engineering,420.64112055,420.64112056,420.64124898,1.0000007932831068e-08,0.0001284300000179428,-0.00012842000001000997,n00000037,n00000037,n00000037,1,1
11490,Engineering,435.26347497,435.26347497,435.26347497,0.0,0.0,0.0,n00000037,n00000037,n00000037,0,0
11491,Engineering,422.09813456,422.09813492,422.09813785,3.6000000136482413e-07,3.2899999951041536e-06,-2.9299999937393295e-06,n00000037,n00000037,n00000037,1,1
11494,Engineering,412.08757704,412.10366233,412.08757704,0.016085290000035002,0.0,0.016085290000035002,n00000037,n00000037,n00000037,1,0
11495,Engineering,422.71008132,422.71008132,422.71008132,0.0,0.0,0.0,n00000037,n00000037,n00000037,0,0
11496,Engineering,380.12115277,380.12180988,380.12115283,0.0006571100000201113,6.00000475969864e-08,0.0006570499999725143,n00000130,n00000130,n00000130,1,1
11497,Engineering,411.05843234,411.05844127,411.05843234,8.929999978590786e-06,0.0,8.929999978590786e-06,n00000037,n00000037,n00000037,1,0
11498,Engineering,386.4908812,386.49088031,386.4908812,-8.899999670575198e-07,0.0,-8.899999670575198e-07,n00000130,n00000130,n00000130,1,0
11505,Engineering,378.85074603,378.85074603,378.85074604,0.0,1.0000007932831068e-08,-1.0000007932831068e-08,n00000193,n00000193,n00000193,0,1
11506,Engineering,426.73897719,426.73899107,426.73897719,1.3879999983146263e-05,0.0,1.3879999983146263e-05,n00000037,n00000037,n00000037,1,0
11509,Engineering,416.02499517,416.02527273,416.02499519,0.00027755999997225445,2.0000015865662135e-08,0.0002775399999563888,n00000037,n00000037,n00000037,1,1
11510,Engineering,414.0279476,414.02794825,414.0279476,6.500000040432496e-07,0.0,6.500000040432496e-07,n00000037,n00000037,n00000037,1,0
11512,Engineering,422.19300665,422.19300798,422.19300665,1.3300000318849925e-06,0.0,1.3300000318849925e-06,n00000037,n00000037,n00000037,1,0
11514,Engineering,416.63774993,416.62221538,416.63774993,-0.015534549999983938,0.0,-0.015534549999983938,n00000030,n00000030,n00000030,1,0
11518,Engineering,399.49927249,399.49927249,399.49927437,0.0,1.8800000134433503e-06,-1.8800000134433503e-06,n00000037,n00000037,n00000037,0,1
11520,Engineering,393.45897254,393.45897254,393.45897254,0.0,0.0,0.0,n00000037,n00000037,n00000037,0,0
11521,Engineering,397.17046527,397.17046527,397.17046527,0.0,0.0,0.0,n00000121,n00000121,n00000121,0,0
11522,Engineering,415.20526555,415.20526555,415.20526555,0.0,0.0,0.0,n00000121,n00000121,n00000121,0,0
11523,Engineering,400.47249988,400.47249988,400.47249988,0.0,0.0,0.0,n00000192,n00000192,n00000192,0,0
11527,Engineering,406.24523206,406.24523206,406.24523206,0.0,0.0,0.0,n00000121,n00000121,n00000121,0,0
11529,Engineering,390.05614362,390.05614362,390.05614362,0.0,0.0,0.0,n00000192,n00000192,n00000192,0,0
11535,Engineering,416.20241766,416.20241768,416.20241766,2.0000015865662135e-08,0.0,2.0000015865662135e-08,n00000037,n00000037,n00000037,1,0
11539,Engineering,432.80132632,432.80132632,432.80132632,0.0,0.0,0.0,n00000037,n00000037,n00000037,0,0
11541,Engineering,392.88322603,392.88322613,392.88322604,1.0000002248489182e-07,1.0000007932831068e-08,9.000001455206075e-08,n00000121,n00000121,n00000121,1,1
11545,Engineering,404.89495986,404.89495988,404.89495986,2.0000015865662135e-08,0.0,2.0000015865662135e-08,n00000121,n00000121,n00000121,1,0
11546,Engineering,402.58329163,402.58329163,402.58329163,0.0,0.0,0.0,n00000121,n00000121,n00000121,0,0
11554,Engineering,413.07843206,413.07843206,413.07843206,0.0,0.0,0.0,n00000037,n00000037,n00000037,0,0
11558,Engineering,406.77132508,406.77132508,406.77132508,0.0,0.0,0.0,n00000037,n00000037,n00000037,0,0
11563,Engineering,426.78291075,426.78291075,426.78291075,0.0,0.0,0.0,n00000037,n00000037,n00000037,0,0
11565,Engineering,404.14766103,404.1476613,404.14776326,2.699999868127634e-07,0.00010222999998177329,-0.00010195999999496053,n00000037,n00000037,n00000037,1,1
11572,Engineering,381.52565411,381.52565411,381.52565426,0.0,1.500000053056283e-07,-1.500000053056283e-07,n00000193,n00000193,n00000193,0,1
11586,Engineering,425.143971,425.1443412,425.143971,0.00037019999996346087,0.0,0.00037019999996346087,n00000030,n00000030,n00000030,1,0
11588,Engineering,429.97488693,429.97488692,429.97488693,-1.0000007932831068e-08,0.0,-1.0000007932831068e-08,n00000030,n00000030,n00000030,1,0
11590,Engineering,446.59451572,446.5945157,446.59451572,-2.0000015865662135e-08,0.0,-2.0000015865662135e-08,n00000030,n00000030,n00000030,1,0
11601,Engineering,405.1522534,405.1522534,405.1522534,0.0,0.0,0.0,n00000121,n00000121,n00000121,0,0
11602,Engineering,405.6392462,405.6392462,405.6392462,0.0,0.0,0.0,n00000121,n00000121,n00000121,0,0
11603,Engineering,406.17540396,406.17540396,406.17540396,0.0,0.0,0.0,n00000121,n00000121,n00000121,0,0
11617,Engineering,392.86810638,392.86810638,392.86810638,0.0,0.0,0.0,n00000238,n00000238,n00000238,0,0
11618,Engineering,420.94529253,420.94529253,420.94529253,0.0,0.0,0.0,n00000037,n00000037,n00000037,0,0
11620,Engineering,427.20925034,427.20925034,427.20925039,0.0,5.000003966415534e-08,-5.000003966415534e-08,n00000037,n00000037,n00000037,0,1
11626,Engineering,402.20922935,402.20922935,402.20922935,0.0,0.0,0.0,n00000121,n00000121,n00000121,0,0
11630,Engineering,412.46190765,412.4477162,412.46190765,-0.01419144999999844,0.0,-0.01419144999999844,n00000030,n00000030,n00000030,1,0
11636,Engineering,379.49083365,379.49291498,379.49103171,0.0020813300000099844,0.0001980600000024424,0.001883270000007542,n00000193,n00000193,n00000193,1,1
11638,Engineering,409.1781406,409.17814339,409.17817112,2.7899999963665323e-06,3.0519999995703984e-05,-2.772999999933745e-05,n00000037,n00000037,n00000037,1,1
11644,Engineering,414.24862257,414.24885842,414.27654992,0.00023584999996728584,0.027927349999970374,-0.02769150000000309,n00000037,n00000037,n00000037,1,1
11649,Engineering,418.54536836,418.54631442,418.54536836,0.0009460599999897568,0.0,0.0009460599999897568,n00000037,n00000037,n00000037,1,0
11650,Engineering,390.88930322,390.88930322,390.88930322,0.0,0.0,0.0,n00000238,n00000238,n00000238,0,0
11660,Engineering,383.83562815,383.83562815,383.83562815,0.0,0.0,0.0,n00000193,n00000193,n00000193,0,0
11664,Engineering,424.02212088,424.02212818,424.02233326,7.2999999929379555e-06,0.0002123799999935727,-0.00020508000000063475,n00000037,n00000037,n00000037,1,1
11666,Engineering,427.69026074,427.68902794,427.69026074,-0.0012327999999683925,0.0,-0.0012327999999683925,n00000030,n00000030,n00000030,1,0
11668,Engineering,419.82329141,419.82329141,419.82329141,0.0,0.0,0.0,n00000030,n00000030,n00000030,0,0
11669,Engineering,423.40194042,423.40192687,423.40194044,-1.3550000005579932e-05,1.9999959022243274e-08,-1.3569999964602175e-05,n00000037,n00000037,n00000037,1,1
11674,Engineering,400.71191309,400.71191309,400.71191309,0.0,0.0,0.0,n00000037,n00000037,n00000037,0,0
11677,Engineering,418.50065591,418.50065593,418.50065614,2.0000015865662135e-08,2.3000001192485797e-07,-2.0999999605919584e-07,n00000037,n00000037,n00000037,1,1
11678,Engineering,405.4406586,405.4406586,405.4406586,0.0,0.0,0.0,n00000121,n00000121,n00000121,0,0
11680,Engineering,398.22124855,398.22124855,398.22124855,0.0,0.0,0.0,n00000121,n00000121,n00000121,0,0
11682,Engineering,400.75150372,400.75150372,400.75097043,0.0,-0.0005332900000212248,0.0005332900000212248,n00000064,n00000064,n00000064,0,1
11685,Engineering,404.62285754,404.62285754,404.6227248,0.0,-0.00013273999996954444,0.00013273999996954444,n00000064,n00000064,n00000064,0,1
11687,Engineering,402.82552119,402.82552119,402.82552068,0.0,-5.100000066704524e-07,5.100000066704524e-07,n00000064,n00000064,n00000064,0,1
11689,Engineering,402.0535482,402.0535482,402.0534861,0.0,-6.21000000364802e-05,6.21000000364802e-05,n00000064,n00000064,n00000064,0,1
11700,Engineering,386.24898636,386.24898636,386.24898634,0.0,-2.0000015865662135e-08,2.0000015865662135e-08,n00000192,n00000192,n00000192,0,1
11704,Engineering,422.07396804,422.07396804,422.07396804,0.0,0.0,0.0,n00000037,n00000037,n00000037,0,0
11708,Engineering,415.48355482,415.48355693,415.48355482,2.1100000253682083e-06,0.0,2.1100000253682083e-06,n00000037,n00000037,n00000037,1,0
11719,Engineering,423.91280008,423.91280008,423.91280008,0.0,0.0,0.0,n00000037,n00000037,n00000037,0,0
11723,Engineering,436.33521367,436.33521367,436.33521367,0.0,0.0,0.0,n00000037,n00000037,n00000037,0,0
11724,Engineering,409.27916534,409.27916534,409.27916545,0.0,1.0999997357430402e-07,-1.0999997357430402e-07,n00000037,n00000037,n00000037,0,1
11730,Engineering,427.09710544,427.09710544,427.09710544,0.0,0.0,0.0,n00000037,n00000037,n00000037,0,0
11733,Engineering,381.46621835,381.46621836,381.46621835,1.0000007932831068e-08,0.0,1.0000007932831068e-08,n00000193,n00000193,n00000193,1,0
11734,Engineering,378.02953264,378.02953264,378.02953241,0.0,-2.3000001192485797e-07,2.3000001192485797e-07,n00000193,n00000193,n00000193,0,1
11741,Engineering,400.48831515,400.48831515,400.48831515,0.0,0.0,0.0,n00000121,n00000121,n00000121,0,0
11744,Engineering,407.47606083,407.47606083,407.47606083,0.0,0.0,0.0,n00000037,n00000037,n00000037,0,0
11746,Engineering,425.21411224,425.21411224,425.21411224,0.0,0.0,0.0,n00000030,n00000030,n00000030,0,0
11747,Engineering,437.37133237,437.37133235,437.37133237,-2.0000015865662135e-08,0.0,-2.0000015865662135e-08,n00000030,n00000030,n00000030,1,0
11750,Engineering,438.80556356,438.80292589,438.80556356,-0.002637670000012804,0.0,-0.002637670000012804,n00000030,n00000030,n00000030,1,0
11755,Engineering,404.95010761,404.95010761,404.95074791,0.0,0.0006403000000432257,-0.0006403000000432257,n00000037,n00000037,n00000037,0,1
11759,Engineering,405.47349389,405.47349389,405.47349389,0.0,0.0,0.0,n00000121,n00000121,n00000121,0,0
11760,Engineering,405.60769429,405.60769429,405.60769429,0.0,0.0,0.0,n00000121,n00000121,n00000121,0,0
11762,Engineering,404.03326114,404.03326114,404.03326114,0.0,0.0,0.0,n00000121,n00000121,n00000121,0,0
11775,Engineering,394.2225097,394.2225097,394.22250728,0.0,-2.419999987068877e-06,2.419999987068877e-06,n00000064,n00000064,n00000064,0,1
11776,Engineering,388.42628734,388.42628734,388.42628734,0.0,0.0,0.0,n00000193,n00000193,n00000193,0,0
11789,Engineering,427.96619099,427.96619099,427.96619099,0.0,0.0,0.0,n00000037,n00000037,n00000037,0,0
11800,Engineering,407.97399102,407.97399109,407.97399102,6.999999868639861e-08,0.0,6.999999868639861e-08,n00000037,n00000037,n00000037,1,0
11806,Engineering,430.77815807,430.78131556,430.77815944,0.0031574899999782247,1.370000006772898e-06,0.0031561199999714518,n00000037,n00000037,n00000037,1,1
11808,Engineering,390.5118096,390.51212319,390.5118096,0.0003135900000188485,0.0,0.0003135900000188485,n00000245,n00000245,n00000245,1,0
11809,Engineering,381.99426652,381.99426649,382.0011612,-3.00000237984932e-08,0.006894680000016251,-0.00689471000004005,n00000193,n00000193,n00000193,1,1
11810,Engineering,414.95323017,414.95947403,414.95323018,0.006243860000040513,1.0000007932831068e-08,0.00624385000003258,n00000037,n00000037,n00000037,1,1
11818,Engineering,426.47907667,426.47907667,426.47907667,0.0,0.0,0.0,n00000037,n00000037,n00000037,0,0
11821,Engineering,421.02814648,421.02814654,421.02814652,6.00000475969864e-08,4.000003173132427e-08,2.0000015865662135e-08,n00000037,n00000037,n00000037,1,1
11826,Engineering,421.25631769,421.25892421,421.25632125,0.002606519999972079,3.559999981916917e-06,0.002602959999990162,n00000037,n00000037,n00000037,1,1
11828,Engineering,409.24536102,409.24536102,409.24536143,0.0,4.099999841855606e-07,-4.099999841855606e-07,n00000037,n00000037,n00000037,0,1
11830,Engineering,405.10169853,405.10169853,405.10169853,0.0,0.0,0.0,n00000121,n00000121,n00000121,0,0
11833,Engineering,396.48010885,396.48010885,396.48010885,0.0,0.0,0.0,n00000121,n00000121,n00000121,0,0
11836,Engineering,389.49671495,389.49671495,389.49671495,0.0,0.0,0.0,n00000192,n00000192,n00000192,0,0
11837,Engineering,408.07065199,408.07065199,408.07065199,0.0,0.0,0.0,n00000121,n00000121,n00000121,0,0
11846,Engineering,388.50566118,388.50566118,388.50566118,0.0,0.0,0.0,n00000155,n00000155,n00000155,0,0
11847,Engineering,390.95045393,390.95045393,390.94289489,0.0,-0.007559039999989636,0.007559039999989636,n00000172,n00000172,n00000172,0,1
11849,Engineering,394.06630061,394.06630061,394.18935339,0.0,0.12305278000002318,-0.12305278000002318,n00000172,n00000172,n00000172,0,1
11852,Engineering,388.02038067,388.02038067,388.02038067,0.0,0.0,0.0,n00000238,n00000238,n00000238,0,0
11854,Engineering,399.75544014,399.75544014,399.75543461,0.0,-5.530000009912328e-06,5.530000009912328e-06,n00000064,n00000064,n00000064,0,1
11857,Engineering,404.71049529,404.71049529,404.71049529,0.0,0.0,0.0,n00000121,n00000121,n00000121,0,0
11859,Engineering,404.99709079,404.99709079,404.99709079,0.0,0.0,0.0,n00000121,n00000121,n00000121,0,0
11860,Engineering,392.35870818,392.35870819,392.35870818,1.0000007932831068e-08,0.0,1.0000007932831068e-08,n00000121,n00000121,n00000121,1,0
11862,Engineering,393.23270952,393.23270954,393.23270952,1.9999959022243274e-08,0.0,1.9999959022243274e-08,n00000037,n00000037,n00000037,1,0
11866,Engineering,385.64633605,385.64691179,385.64633605,0.0005757399999879453,0.0,0.0005757399999879453,n00000245,n00000245,n00000245,1,0
11869,Engineering,394.30570367,398.41547268,394.30570416,4.1097690099999795,4.899999908047903e-07,4.109768519999989,n00000189,n00000037,n00000189,1,1
11870,Engineering,420.32979486,420.32979486,420.32979486,0.0,0.0,0.0,n00000037,n00000037,n00000037,0,0
11878,Engineering,413.12524568,414.28667965,413.12524569,1.1614339700000187,1.0000007932831068e-08,1.1614339600000108,n00000267,n00000037,n00000267,1,1
11879,Engineering,410.5841227,410.58412271,410.58412272,9.999951089412207e-09,1.9999959022243274e-08,-1.0000007932831068e-08,n00000037,n00000037,n00000037,1,1
11884,Engineering,413.55685218,413.59207117,413.55685223,0.03521898999997575,4.999998282073648e-08,0.035218939999992926,n00000037,n00000037,n00000037,1,1
11885,Engineering,406.71305438,405.79576087,406.71305439,-0.9172935100000359,1.0000007932831068e-08,-0.9172935200000438,n00000030,n00000037,n00000030,1,1
11890,Engineering,389.92630025,389.92608742,389.92471937,-0.0002128300000094896,-0.001580880000005891,0.0013680499999964013,n00000189,n00000189,n00000189,1,1
11891,Engineering,394.78699481,394.78699481,394.7541131,0.0,-0.03288171000002649,0.03288171000002649,n00000064,n00000064,n00000064,0,1
11893,Engineering,374.58152863,374.58049836,374.5815322,-0.00103027000000111,3.570000046693167e-06,-0.0010338400000478032,n00000241,n00000241,n00000241,1,1
11896,Engineering,432.61812727,432.61812727,432.61812758,0.0,3.1000001854408765e-07,-3.1000001854408765e-07,n00000037,n00000037,n00000037,0,1
11898,Engineering,436.22636154,436.2263518,436.22636154,-9.740000052715914e-06,0.0,-9.740000052715914e-06,n00000030,n00000030,n00000030,1,0
11900,Engineering,413.74831208,413.49558113,413.74831208,-0.2527309500000001,0.0,-0.2527309500000001,n00000037,n00000037,n00000037,1,0
11903,Engineering,425.43322127,425.43315337,425.43322127,-6.789999997636187e-05,0.0,-6.789999997636187e-05,n00000030,n00000030,n00000030,1,0
11904,Engineering,436.38908525,436.38908524,436.38908525,-1.0000007932831068e-08,0.0,-1.0000007932831068e-08,n00000030,n00000030,n00000030,1,0
11907,Engineering,429.79345623,429.48562812,429.79345623,-0.30782811000000265,0.0,-0.30782811000000265,n00000037,n00000037,n00000037,1,0
11909,Engineering,429.02582769,429.02582771,429.02582769,1.9999959022243274e-08,0.0,1.9999959022243274e-08,n00000037,n00000037,n00000037,1,0
11911,Engineering,411.84328311,411.83050384,411.84328314,-0.012779270000010001,2.999996695507434e-08,-0.012779299999976956,n00000030,n00000030,n00000030,1,1
11912,Engineering,427.72048082,427.72048083,427.72048082,1.0000007932831068e-08,0.0,1.0000007932831068e-08,n00000037,n00000037,n00000037,1,0
11913,Engineering,412.96445027,412.96445027,412.96445029,0.0,2.0000015865662135e-08,-2.0000015865662135e-08,n00000037,n00000037,n00000037,0,1
11914,Engineering,411.70360838,411.70360929,413.53937791,9.09999982923182e-07,1.8357695299999932,-1.8357686200000103,n00000303,n00000303,n00000037,1,1
11920,Engineering,413.94931388,413.94931388,413.94931388,0.0,0.0,0.0,n00000121,n00000121,n00000121,0,0
11921,Engineering,406.42195554,406.42195554,406.42195554,0.0,0.0,0.0,n00000121,n00000121,n00000121,0,0
11926,Engineering,407.48526277,407.48526277,407.48526277,0.0,0.0,0.0,n00000121,n00000121,n00000121,0,0
11927,Engineering,408.63282431,408.63282431,408.63282431,0.0,0.0,0.0,n00000121,n00000121,n00000121,0,0
11928,Engineering,408.58361222,408.58361222,408.58361222,0.0,0.0,0.0,n00000121,n00000121,n00000121,0,0
11930,Engineering,387.72730965,387.72730965,387.72723517,0.0,-7.44800000234136e-05,7.44800000234136e-05,n00000193,n00000193,n00000193,0,1
11931,Engineering,394.77447347,394.77447347,394.77447347,0.0,0.0,0.0,n00000121,n00000121,n00000121,0,0
11934,Engineering,388.9303048,388.9303048,388.9303048,0.0,0.0,0.0,n00000238,n00000238,n00000238,0,0
11937,Engineering,388.71801918,388.71801918,388.78712085,0.0,0.06910167000000911,-0.06910167000000911,n00000303,n00000303,n00000303,0,1
11945,Engineering,390.5204529,390.5204529,390.52045291,0.0,1.0000007932831068e-08,-1.0000007932831068e-08,n00000121,n00000121,n00000121,0,1
11946,Engineering,418.86469863,418.86469874,418.86471451,1.0999997357430402e-07,1.5879999978096748e-05,-1.5770000004522444e-05,n00000037,n00000037,n00000037,1,1
11949,Engineering,378.6610835,378.83129773,378.78640094,0.17021422999999913,0.12531744000000344,0.04489678999999569,n00000171,n00000193,n00000171,1,1
11958,Engineering,388.4029184,388.40291843,388.4029184,3.00000237984932e-08,0.0,3.00000237984932e-08,n00000158,n00000158,n00000158,1,0
11959,Engineering,429.71846968,429.71846968,429.71846968,0.0,0.0,0.0,n00000037,n00000037,n00000037,0,0
11960,Engineering,421.14701123,421.14701126,421.14701123,3.00000237984932e-08,0.0,3.00000237984932e-08,n00000037,n00000037,n00000037,1,0
11962,Engineering,379.88009385,379.97681296,379.88092309,0.09671911000003774,0.0008292400000300404,0.0958898700000077,n00000193,n00000193,n00000193,1,1
11964,Engineering,391.81281399,391.81281399,391.77263593,0.0,-0.04017806000001656,0.04017806000001656,n00000064,n00000064,n00000064,0,1
11966,Engineering,386.34351796,386.34351796,386.34351796,0.0,0.0,0.0,n00000129,n00000129,n00000129,0,0
11970,Engineering,400.05280485,400.05280485,400.05280485,0.0,0.0,0.0,n00000037,n00000037,n00000037,0,0
11972,Engineering,438.94859378,438.94770092,438.94859378,-0.0008928600000217557,0.0,-0.0008928600000217557,n00000030,n00000030,n00000030,1,0
11977,Engineering,440.47478827,440.47478827,440.47478827,0.0,0.0,0.0,n00000030,n00000030,n00000030,0,0
11983,Engineering,426.67008235,426.67007247,426.67008235,-9.879999993245292e-06,0.0,-9.879999993245292e-06,n00000030,n00000030,n00000030,1,0
11987,Engineering,400.25693203,400.26518526,400.25745914,0.008253230000036638,0.0005271100000072693,0.007726120000029368,n00000037,n00000037,n00000037,1,1
11992,Engineering,378.39810396,378.39810396,378.40646429,0.0,0.008360329999959504,-0.008360329999959504,n00000037,n00000037,n00000037,0,1
11993,Engineering,406.61346886,406.61346887,406.61359263,1.0000007932831068e-08,0.00012377000001606575,-0.00012376000000813292,n00000037,n00000037,n00000037,1,1
11996,Engineering,401.02756604,401.02756604,401.02756604,0.0,0.0,0.0,n00000121,n00000121,n00000121,0,0
11998,Engineering,389.55287367,389.55287367,389.55287367,0.0,0.0,0.0,n00000192,n00000192,n00000192,0,0
12000,Engineering,396.80351326,396.80351326,396.80351326,0.0,0.0,0.0,n00000121,n00000121,n00000121,0,0
12001,Engineering,406.9582103,406.9582103,406.9582103,0.0,0.0,0.0,n00000121,n00000121,n00000121,0,0
12003,Engineering,415.16216713,415.16216713,415.16217358,0.0,6.450000000768341e-06,-6.450000000768341e-06,n00000037,n00000037,n00000037,0,1
12008,Engineering,392.2614023,392.2614023,392.2614023,0.0,0.0,0.0,n00000157,n00000157,n00000157,0,0
12011,Engineering,391.39247262,391.39247266,391.38307455,4.000003173132427e-08,-0.009398069999974723,0.009398110000006454,n00000172,n00000172,n00000172,1,1
12018,Engineering,418.45336832,418.45336834,418.45336835,2.0000015865662135e-08,3.00000237984932e-08,-1.0000007932831068e-08,n00000037,n00000037,n00000037,1,1
12020,Engineering,427.41423203,427.41423203,427.41423203,0.0,0.0,0.0,n00000037,n00000037,n00000037,0,0
12021,Engineering,396.37401255,396.37401303,396.37401255,4.800000397153781e-07,0.0,4.800000397153781e-07,n00000121,n00000121,n00000121,1,0
12022,Engineering,398.40623434,398.40623443,398.40623522,8.999995770864189e-08,8.799999591246888e-07,-7.900000014160469e-07,n00000121,n00000121,n00000121,1,1
12028,Engineering,389.21685183,389.21685183,389.21685183,0.0,0.0,0.0,n00000238,n00000238,n00000238,0,0
12029,Engineering,425.3118928,425.31189283,425.31189281,2.999996695507434e-08,1.0000007932831068e-08,1.9999959022243274e-08,n00000037,n00000037,n00000037,1,1
12030,Engineering,429.42987043,429.42987043,429.42987043,0.0,0.0,0.0,n00000037,n00000037,n00000037,0,0
12032,Engineering,394.64647982,397.02571881,396.86563136,2.379238989999976,2.2191515399999844,0.1600874499999918,n00000173,n00000037,n00000030,1,1
12043,Engineering,419.91309525,419.91309527,419.92664147,1.9999959022243274e-08,0.013546219999966524,-0.013546200000007502,n00000037,n00000037,n00000037,1,1
12053,Engineering,411.42641974,411.42642038,411.42641974,6.400000529538374e-07,0.0,6.400000529538374e-07,n00000037,n00000037,n00000037,1,0
12059,Engineering,420.55850336,420.55850442,420.55850337,1.0600000450722291e-06,1.0000007932831068e-08,1.050000037139398e-06,n00000037,n00000037,n00000037,1,1
12062,Engineering,426.82150266,426.79892731,426.82150272,-0.022575350000010985,5.999999075356754e-08,-0.02257541000000174,n00000030,n00000030,n00000030,1,1
12070,Engineering,394.23795295,394.23795295,394.23795295,0.0,0.0,0.0,n00000121,n00000121,n00000121,0,0
12073,Engineering,399.14757272,399.14757272,399.14757272,0.0,0.0,0.0,n00000121,n00000121,n00000121,0,0
12074,Engineering,394.1616713,394.1616713,394.16167109,0.0,-2.0999999605919584e-07,2.0999999605919584e-07,n00000192,n00000192,n00000192,0,1
12078,Engineering,403.11915122,403.11915122,403.11915122,0.0,0.0,0.0,n00000121,n00000121,n00000121,0,0
12083,Engineering,395.12710934,395.12710934,395.12710862,0.0,-7.200000027296483e-07,7.200000027296483e-07,n00000192,n00000192,n00000192,0,1
12084,Engineering,399.90274133,399.90274133,399.90274133,0.0,0.0,0.0,n00000121,n00000121,n00000121,0,0
12088,Engineering,398.69756742,398.69756742,398.69462815,0.0,-0.0029392699999561955,0.0029392699999561955,n00000064,n00000064,n00000064,0,1
12094,Engineering,418.73517926,418.7352079,418.73517932,2.8639999982260633e-05,5.999999075356754e-08,2.8579999991507066e-05,n00000037,n00000037,n00000037,1,1
12096,Engineering,394.52016714,394.52016714,394.52016714,0.0,0.0,0.0,n00000238,n00000238,n00000238,0,0
12098,Engineering,426.91793976,426.91793976,426.91793976,0.0,0.0,0.0,n00000037,n00000037,n00000037,0,0
12100,Engineering,389.04657137,389.04657137,389.04657129,0.0,-8.000000661922968e-08,8.000000661922968e-08,n00000121,n00000121,n00000121,0,1
12104,Engineering,391.08754439,391.08754439,391.08754439,0.0,0.0,0.0,n00000121,n00000121,n00000121,0,0
12105,Engineering,394.36610175,394.36610176,394.36610181,1.0000007932831068e-08,5.999999075356754e-08,-4.999998282073648e-08,n00000037,n00000037,n00000037,1,1
12106,Engineering,388.07666394,388.07667584,388.07666394,1.190000000406144e-05,0.0,1.190000000406144e-05,n00000239,n00000239,n00000239,1,0
12107,Engineering,410.52382737,410.52462949,410.52396691,0.0008021200000030149,0.0001395400000205882,0.0006625799999824267,n00000037,n00000037,n00000037,1,1
12109,Engineering,404.66556773,404.66556773,404.66732667,0.0,0.001758940000001985,-0.001758940000001985,n00000037,n00000037,n00000037,0,1
12111,Engineering,422.02054059,422.02054059,422.02054059,0.0,0.0,0.0,n00000037,n00000037,n00000037,0,0
12113,Engineering,406.10381996,407.70584407,406.10381996,1.602024110000002,0.0,1.602024110000002,n00000030,n00000037,n00000030,1,0
12115,Engineering,404.52652623,404.52654069,404.52652623,1.4459999988503114e-05,0.0,1.4459999988503114e-05,n00000030,n00000030,n00000030,1,0
12116,Engineering,392.09731235,392.09731235,392.09731235,0.0,0.0,0.0,n00000238,n00000238,n00000238,0,0
12130,Engineering,377.56799639,377.56799639,377.56799638,0.0,-1.0000007932831068e-08,1.0000007932831068e-08,n00000130,n00000130,n00000130,0,1
12132,Engineering,420.4977868,420.46509226,420.4977868,-0.032694539999965855,0.0,-0.032694539999965855,n00000030,n00000030,n00000030,1,0
12139,Engineering,428.61505303,428.61505386,428.61505303,8.299999763039523e-07,0.0,8.299999763039523e-07,n00000030,n00000030,n00000030,1,0
12141,Engineering,395.26779234,395.26788543,395.26782763,9.308999995027989e-05,3.528999997115534e-05,5.779999997912455e-05,n00000170,n00000170,n00000170,1,1
12150,Engineering,406.48025991,406.48025991,406.48025991,0.0,0.0,0.0,n00000121,n00000121,n00000121,0,0
12153,Engineering,390.17988487,390.17988489,390.17988476,1.9999959022243274e-08,-1.1000003041772288e-07,1.2999998943996616e-07,n00000172,n00000172,n00000172,1,1
12156,Engineering,390.40228802,390.40228802,390.40228802,0.0,0.0,0.0,n00000192,n00000192,n00000192,0,0
12161,Engineering,399.99415314,399.99415314,399.99415314,0.0,0.0,0.0,n00000121,n00000121,n00000121,0,0
12162,Engineering,393.93864605,393.93864605,393.93864605,0.0,0.0,0.0,n00000121,n00000121,n00000121,0,0
12164,Engineering,404.05953531,404.05953531,404.05953531,0.0,0.0,0.0,n00000064,n00000064,n00000064,0,0
12169,Engineering,393.79921404,393.79921404,393.79921403,0.0,-1.0000007932831068e-08,1.0000007932831068e-08,n00000192,n00000192,n00000192,0,1
12171,Engineering,408.42284938,408.42284939,408.42284949,1.0000007932831068e-08,1.0999997357430402e-07,-9.999996564147295e-08,n00000037,n00000037,n00000037,1,1
12172,Engineering,400.88124024,400.88124024,400.88124024,0.0,0.0,0.0,n00000121,n00000121,n00000121,0,0
12175,Engineering,397.10438994,397.10438994,397.10439022,0.0,2.800000515890133e-07,-2.800000515890133e-07,n00000121,n00000121,n00000121,0,1
12177,Engineering,411.31436391,411.31447498,411.31437596,0.00011107000000265543,1.2050000009367068e-05,9.901999999328837e-05,n00000037,n00000037,n00000037,1,1
12180,Engineering,432.45983284,432.45983226,432.45983284,-5.80000005356851e-07,0.0,-5.80000005356851e-07,n00000030,n00000030,n00000030,1,0
12182,Engineering,385.98508723,385.98529765,385.98508723,0.00021042000003035355,0.0,0.00021042000003035355,n00000245,n00000245,n00000245,1,0
12183,Engineering,387.01925504,387.01925504,387.01925504,0.0,0.0,0.0,n00000239,n00000239,n00000239,0,0
12185,Engineering,409.25126523,409.25126524,409.25126523,1.0000007932831068e-08,0.0,1.0000007932831068e-08,n00000037,n00000037,n00000037,1,0
12186,Engineering,408.93491715,408.93491715,408.9349194,0.0,2.2500000227410055e-06,-2.2500000227410055e-06,n00000037,n00000037,n00000037,0,1
12189,Engineering,381.58174486,381.58174433,381.71884323,-5.300000225361146e-07,0.1370983699999897,-0.13709890000001224,n00000172,n00000172,n00000172,1,1
12192,Engineering,383.10785612,383.10785612,383.10785558,0.0,-5.400000304689456e-07,5.400000304689456e-07,n00000193,n00000193,n00000193,0,1
12196,Engineering,413.48003104,413.05800879,413.48003108,-0.4220222499999977,4.000003173132427e-08,-0.42202229000002944,n00000037,n00000037,n00000037,1,1
12202,Engineering,422.26911283,422.26911308,422.26911283,2.500000277905201e-07,0.0,2.500000277905201e-07,n00000037,n00000037,n00000037,1,0
12204,Engineering,401.75195348,401.75196328,401.75197729,9.799999986626062e-06,2.381000001605571e-05,-1.4010000029429648e-05,n00000037,n00000037,n00000037,1,1
12205,Engineering,386.31598087,386.31598087,386.31595607,0.0,-2.4799999948754703e-05,2.4799999948754703e-05,n00000121,n00000121,n00000121,0,1
12210,Engineering,399.02446351,399.02446351,399.02446351,0.0,0.0,0.0,n00000121,n00000121,n00000121,0,0
12214,Engineering,413.93374585,413.93374585,413.93374585,0.0,0.0,0.0,n00000121,n00000121,n00000121,0,0
12218,Engineering,387.23513919,387.23513919,387.23513919,0.0,0.0,0.0,n00000192,n00000192,n00000192,0,0
12219,Engineering,388.55562726,388.55562726,388.55562726,0.0,0.0,0.0,n00000157,n00000157,n00000157,0,0
12224,Engineering,412.50824567,412.50824567,412.5082455,0.0,-1.7000002117129043e-07,1.7000002117129043e-07,n00000064,n00000064,n00000064,0,1
