question_id,domain,n_reached,n_leaves,n_stopped,ll,ll_leaves,top1_id,top1_label,top1_is_leaf,top1_share,no_leaf,reached_bridged,top1_bridged
-1003355,Biology,104,59,0,389.72152378,389.72152378,n00000040,Comparative Functional Organismal Biology,1,0.952156,0,0,0
-1003299,Biology,101,57,0,380.88159043,380.88159043,n00000027,Emergency and Acute Clinical Diagnostics,1,0.638752,0,0,0
-1003255,Biology,154,87,0,380.43908649,380.43908649,n00000040,Comparative Functional Organismal Biology,1,0.776611,0,0,0
-1003254,Biology,149,84,0,379.98838995,379.98838995,n00000027,Emergency and Acute Clinical Diagnostics,1,0.597714,0,0,0
-1003142,Biology,133,75,0,385.43498244,385.43498244,n00000040,Comparative Functional Organismal Biology,1,0.897189,0,0,0
-1003140,Biology,115,65,0,389.16349034,389.16349034,n00000126,Genetic and Chromosomal Sex Determination Mechanisms,1,0.941894,0,0,0
-1003078,Biology,154,87,0,376.86168416,376.86168416,n00000195,Cellular and Systemic Physiological Regulation Mechanisms,1,0.903592,0,0,0
-1003075,Biology,108,61,0,381.71501329,381.71501329,n00000040,Comparative Functional Organismal Biology,1,0.989450,0,0,0
-1003074,Biology,111,63,0,376.72344410,376.72344410,n00000195,Cellular and Systemic Physiological Regulation Mechanisms,1,0.667543,0,0,0
-1003032,Biology,147,83,0,382.78139098,382.78139098,n00000083,Metabolic Biochemistry and Nutrient Energetics,1,0.928811,0,0,0
-1003030,Biology,64,36,0,381.28415520,381.28415520,n00000040,Comparative Functional Organismal Biology,1,0.999998,0,0,0
-1003025,Biology,86,49,0,390.21446444,390.21446444,n00000027,Emergency and Acute Clinical Diagnostics,1,0.987073,0,0,0
-1002856,Biology,90,51,0,388.42027491,388.42027491,n00000142,Normative Ethical Theory Applications,1,0.896753,0,0,0
-1002855,Biology,124,70,0,378.91271977,378.91271977,n00000124,Molecular Biology and Genetic Engineering Mechanisms,1,0.741188,0,0,0
-1002793,Biology,95,54,0,375.77288602,375.77288602,n00000124,Molecular Biology and Genetic Engineering Mechanisms,1,0.995268,0,0,0
-1002791,Biology,129,73,0,391.16244053,391.16244053,n00000040,Comparative Functional Organismal Biology,1,0.999866,0,0,0
-1002737,Biology,142,80,0,381.32291006,381.32291006,n00000195,Cellular and Systemic Physiological Regulation Mechanisms,1,0.996850,0,0,0
-1002731,Biology,131,74,0,378.37824225,378.37824225,n00000040,Comparative Functional Organismal Biology,1,0.906240,0,0,0
-1002728,Biology,108,61,0,386.40617527,386.40617527,n00000194,Macronutrient Biochemistry and Physiological Functions,1,0.894426,0,0,0
2806,Biology,135,76,0,391.87511861,391.87511861,n00000125,Polygenic and Mendelian Inheritance Analysis,1,0.999969,0,0,0
2808,Biology,128,72,0,377.29211605,377.29211605,n00000104,Paleoanthropology and Human Evolutionary Timelines,1,0.939556,0,0,0
2811,Biology,106,60,0,386.76523994,386.76523994,n00000194,Macronutrient Biochemistry and Physiological Functions,1,0.958112,0,0,0
2812,Biology,99,56,0,392.57402252,392.57402252,n00000126,Genetic and Chromosomal Sex Determination Mechanisms,1,0.646522,0,0,0
2813,Biology,135,76,0,387.18268413,387.18268413,n00000194,Macronutrient Biochemistry and Physiological Functions,1,0.928905,0,0,0
2814,Biology,126,71,0,381.19431237,381.19431237,n00000194,Macronutrient Biochemistry and Physiological Functions,1,0.491862,0,0,0
2818,Biology,81,46,0,384.57382569,384.57382569,n00000125,Polygenic and Mendelian Inheritance Analysis,1,0.675948,0,0,0
2821,Biology,119,67,0,381.05656460,381.05656460,n00000124,Molecular Biology and Genetic Engineering Mechanisms,1,0.707775,0,0,0
2824,Biology,131,74,0,384.60609476,384.60609476,n00000126,Genetic and Chromosomal Sex Determination Mechanisms,1,0.987099,0,0,0
2826,Biology,130,73,0,389.45652422,389.45652422,n00000125,Polygenic and Mendelian Inheritance Analysis,1,0.965099,0,0,0
2829,Biology,133,75,0,379.51449766,379.51449766,n00000124,Molecular Biology and Genetic Engineering Mechanisms,1,0.997259,0,0,0
2832,Biology,120,68,0,392.60683232,392.60683232,n00000125,Polygenic and Mendelian Inheritance Analysis,1,0.999605,0,0,0
2851,Biology,90,51,0,379.74636383,379.74636383,n00000186,Pathogen-Specific Clinical Intervention Mechanisms,1,0.527756,0,0,0
2856,Biology,73,40,0,393.73656525,393.73656525,n00000126,Genetic and Chromosomal Sex Determination Mechanisms,1,0.795740,0,0,0
2858,Biology,97,55,0,389.92055842,389.92055842,n00000040,Comparative Functional Organismal Biology,1,0.999990,0,0,0
2861,Biology,143,81,0,380.80527617,380.80527617,n00000195,Cellular and Systemic Physiological Regulation Mechanisms,1,0.969193,0,0,0
2865,Biology,142,80,0,378.00118489,378.00118489,n00000195,Cellular and Systemic Physiological Regulation Mechanisms,1,0.870496,0,0,0
2869,Biology,147,83,0,378.06753669,378.06753669,n00000124,Molecular Biology and Genetic Engineering Mechanisms,1,0.724362,0,0,0
2872,Biology,102,57,0,390.11128344,390.11128344,n00000040,Comparative Functional Organismal Biology,1,0.916021,0,0,0
2876,Biology,154,87,0,376.51566724,376.51566724,n00000083,Metabolic Biochemistry and Nutrient Energetics,1,0.925889,0,0,0
2877,Biology,154,87,0,377.84793984,377.84793984,n00000194,Macronutrient Biochemistry and Physiological Functions,1,0.811897,0,0,0
2885,Biology,119,67,0,392.21009515,392.21009515,n00000125,Polygenic and Mendelian Inheritance Analysis,1,0.999929,0,0,0
2889,Biology,142,80,0,387.20999581,387.20999581,n00000125,Polygenic and Mendelian Inheritance Analysis,1,0.998579,0,0,0
2895,Biology,140,79,0,389.16856180,389.16856180,n00000125,Polygenic and Mendelian Inheritance Analysis,1,0.999926,0,0,0
2896,Biology,102,58,0,395.34742028,395.34742028,n00000125,Polygenic and Mendelian Inheritance Analysis,1,0.984368,0,0,0
2897,Biology,154,87,0,377.91891073,377.91891073,n00000187,Age-Related Health Determinants and Epidemiology,1,0.909564,0,0,0
2902,Biology,149,84,0,381.08432197,381.08432197,n00000040,Comparative Functional Organismal Biology,1,0.999851,0,0,0
2908,Biology,129,73,0,391.16244053,391.16244053,n00000040,Comparative Functional Organismal Biology,1,0.999866,0,0,0
2910,Biology,95,54,0,375.77288602,375.77288602,n00000124,Molecular Biology and Genetic Engineering Mechanisms,1,0.995268,0,0,0
2911,Biology,72,41,0,391.39663511,391.39663511,n00000222,Cognitive and Perceptual Learning Mechanisms,1,0.941683,0,1,1
2917,Biology,72,41,0,395.23493883,395.23493883,n00000126,Genetic and Chromosomal Sex Determination Mechanisms,1,0.485399,0,0,0
2923,Biology,110,62,0,381.69345466,381.69345466,n00000194,Macronutrient Biochemistry and Physiological Functions,1,0.869562,0,0,0
2930,Biology,78,44,0,393.55179915,393.55179915,n00000040,Comparative Functional Organismal Biology,1,0.998740,0,0,0
2932,Biology,153,86,0,375.93563314,375.93563314,n00000040,Comparative Functional Organismal Biology,1,0.826899,0,0,0
2935,Biology,90,51,0,381.89545958,381.89545958,n00000186,Pathogen-Specific Clinical Intervention Mechanisms,1,0.849323,0,0,0
2936,Biology,103,58,0,390.83505747,390.83505747,n00000126,Genetic and Chromosomal Sex Determination Mechanisms,1,0.997751,0,0,0
2941,Biology,59,33,0,374.05527378,374.05527378,n00000040,Comparative Functional Organismal Biology,1,0.999291,0,0,0
2944,Biology,112,63,0,384.44314337,384.44314337,n00000126,Genetic and Chromosomal Sex Determination Mechanisms,1,0.963464,0,0,0
2945,Biology,117,66,0,382.55663221,382.55663221,n00000040,Comparative Functional Organismal Biology,1,0.999774,0,0,0
2955,Biology,154,87,0,383.19777915,383.19777915,n00000188,Radioactive Decay Kinetics and Energetics,1,0.409301,0,0,0
2958,Biology,81,46,0,390.00418415,390.00418415,n00000040,Comparative Functional Organismal Biology,1,0.993887,0,0,0
2961,Biology,112,63,0,387.24710089,387.24710089,n00000040,Comparative Functional Organismal Biology,1,0.999992,0,0,0
2966,Biology,131,74,0,377.85911736,377.85911736,n00000195,Cellular and Systemic Physiological Regulation Mechanisms,1,0.984368,0,0,0
2968,Biology,147,83,0,374.34396915,374.34396915,n00000186,Pathogen-Specific Clinical Intervention Mechanisms,1,0.744472,0,0,0
2971,Biology,80,45,0,378.10794690,378.10794690,n00000194,Macronutrient Biochemistry and Physiological Functions,1,0.782055,0,0,0
2972,Biology,124,70,0,378.91271977,378.91271977,n00000124,Molecular Biology and Genetic Engineering Mechanisms,1,0.741188,0,0,0
2973,Biology,90,51,0,388.42027491,388.42027491,n00000142,Normative Ethical Theory Applications,1,0.896753,0,0,0
2977,Biology,129,73,0,379.99171468,379.99171468,n00000040,Comparative Functional Organismal Biology,1,0.900350,0,0,0
2984,Biology,37,21,0,385.76070283,385.76070283,n00000126,Genetic and Chromosomal Sex Determination Mechanisms,1,0.962795,0,0,0
2987,Biology,129,73,0,385.37058628,385.37058628,n00000126,Genetic and Chromosomal Sex Determination Mechanisms,1,0.977801,0,0,0
2988,Biology,113,64,0,381.74570155,381.74570155,n00000040,Comparative Functional Organismal Biology,1,0.996539,0,0,0
2990,Biology,88,49,0,385.02470111,385.02470111,n00000040,Comparative Functional Organismal Biology,1,0.998440,0,0,0
2994,Biology,104,58,0,382.10228061,382.10228061,n00000040,Comparative Functional Organismal Biology,1,0.999568,0,0,0
2997,Biology,136,77,0,391.05096841,391.05096841,n00000126,Genetic and Chromosomal Sex Determination Mechanisms,1,0.961306,0,0,0
2998,Biology,70,40,0,378.58210114,378.58210114,n00000195,Cellular and Systemic Physiological Regulation Mechanisms,1,0.793194,0,0,0
3002,Biology,117,66,0,384.09665769,384.09665769,n00000040,Comparative Functional Organismal Biology,1,0.993858,0,0,0
3003,Biology,115,65,0,388.55207508,388.55207508,n00000125,Polygenic and Mendelian Inheritance Analysis,1,0.604961,0,0,0
3006,Biology,79,44,0,389.24386816,389.24386816,n00000040,Comparative Functional Organismal Biology,1,0.999980,0,0,0
3009,Biology,46,26,0,380.01669988,380.01669988,n00000040,Comparative Functional Organismal Biology,1,0.987295,0,0,0
3012,Biology,142,80,0,391.84189392,391.84189392,n00000125,Polygenic and Mendelian Inheritance Analysis,1,0.950122,0,0,0
3015,Biology,138,78,0,387.43999767,387.43999767,n00000125,Polygenic and Mendelian Inheritance Analysis,1,0.999971,0,0,0
3016,Biology,154,87,0,378.82209317,378.82209317,n00000186,Pathogen-Specific Clinical Intervention Mechanisms,1,0.668498,0,0,0
3017,Biology,154,87,0,379.55313262,379.55313262,n00000082,Anatomical and Genetic Health Mechanisms,1,0.958094,0,0,0
3018,Biology,106,60,0,375.85557803,375.85557803,n00000083,Metabolic Biochemistry and Nutrient Energetics,1,0.674484,0,0,0
3020,Biology,147,83,0,385.16408908,385.16408908,n00000158,Discrete Probability and Combinatorial Counting,1,0.993212,0,0,0
3025,Biology,129,73,0,393.22400475,393.22400475,n00000125,Polygenic and Mendelian Inheritance Analysis,1,0.996461,0,0,0
3029,Biology,129,73,0,387.60929759,387.60929759,n00000040,Comparative Functional Organismal Biology,1,0.999989,0,0,0
3030,Biology,69,39,0,382.69741669,382.69741669,n00000194,Macronutrient Biochemistry and Physiological Functions,1,0.621597,0,0,0
3031,Biology,90,51,0,387.84897824,387.84897824,n00000040,Comparative Functional Organismal Biology,1,0.987365,0,0,0
3037,Biology,68,39,0,391.66545809,391.66545809,n00000215,Developmental and Personality Theories in Psychology,1,0.888950,0,0,0
3040,Biology,99,56,0,380.53123222,380.53123222,n00000040,Comparative Functional Organismal Biology,1,0.999283,0,0,0
3045,Biology,126,71,0,411.13082972,411.13082972,n00000184,Exclusion-Based Fact Verification Tasks,1,0.529428,0,0,0
3049,Biology,88,50,0,391.91049249,391.91049249,n00000126,Genetic and Chromosomal Sex Determination Mechanisms,1,0.979752,0,0,0
3051,Biology,143,81,0,384.60783704,384.60783704,n00000040,Comparative Functional Organismal Biology,1,0.922725,0,0,0
3052,Biology,99,56,0,390.55923466,390.55923466,n00000125,Polygenic and Mendelian Inheritance Analysis,1,0.829932,0,0,0
3057,Biology,90,51,0,387.57496562,387.57496562,n00000126,Genetic and Chromosomal Sex Determination Mechanisms,1,0.998205,0,0,0
3063,Biology,129,73,0,383.59666589,383.59666589,n00000040,Comparative Functional Organismal Biology,1,0.898919,0,0,0
3064,Biology,120,68,0,372.40592025,372.40592025,n00000040,Comparative Functional Organismal Biology,1,0.590407,0,0,0
3066,Biology,113,64,0,377.38895277,377.38895277,n00000195,Cellular and Systemic Physiological Regulation Mechanisms,1,0.712291,0,0,0
3068,Biology,106,60,0,383.73290505,383.73290505,n00000040,Comparative Functional Organismal Biology,1,0.999006,0,0,0
3070,Biology,131,74,0,385.45072304,385.45072304,n00000125,Polygenic and Mendelian Inheritance Analysis,1,0.978266,0,0,0
3073,Biology,82,47,0,375.63278036,375.63278036,n00000083,Metabolic Biochemistry and Nutrient Energetics,1,0.627103,0,0,0
3084,Biology,137,77,0,390.82639182,390.82639182,n00000125,Polygenic and Mendelian Inheritance Analysis,1,0.999213,0,0,0
3085,Biology,122,69,0,378.67054027,378.67054027,n00000125,Polygenic and Mendelian Inheritance Analysis,1,0.803270,0,0,0
3094,Biology,116,65,0,385.63240603,385.63240603,n00000040,Comparative Functional Organismal Biology,1,0.999930,0,0,0
3105,Biology,115,65,0,390.15990130,390.15990130,n00000126,Genetic and Chromosomal Sex Determination Mechanisms,1,0.976710,0,0,0
3110,Biology,154,87,0,393.13685821,393.13685821,n00000196,Evaluative Statement Veracity Assessment,1,0.517234,0,0,0
3111,Biology,154,87,0,388.96645086,388.96645086,n00000204,Aqueous Acid Base Equilibrium Calculations,1,0.895054,0,0,0
3117,Biology,112,63,0,391.59628641,391.59628641,n00000126,Genetic and Chromosomal Sex Determination Mechanisms,1,0.999487,0,0,0
3118,Biology,147,83,0,383.35090616,383.35090616,n00000040,Comparative Functional Organismal Biology,1,0.992583,0,0,0
3123,Biology,94,53,0,390.19355068,390.19355068,n00000040,Comparative Functional Organismal Biology,1,0.997597,0,0,0
3124,Biology,118,66,0,379.44863952,379.44863952,n00000195,Cellular and Systemic Physiological Regulation Mechanisms,1,0.729938,0,0,0
3126,Biology,122,69,0,380.35701844,380.35701844,n00000083,Metabolic Biochemistry and Nutrient Energetics,1,0.631554,0,0,0
3132,Biology,131,74,0,382.02148501,382.02148501,n00000243,Projectile Motion and Kinematic Analysis,1,0.427762,0,0,0
3133,Biology,110,62,0,396.37406864,396.37406864,n00000125,Polygenic and Mendelian Inheritance Analysis,1,0.997969,0,0,0
3134,Biology,55,31,0,386.04600812,386.04600812,n00000040,Comparative Functional Organismal Biology,1,0.998566,0,0,0
3136,Biology,154,87,0,373.00036989,373.00036989,n00000082,Anatomical and Genetic Health Mechanisms,1,0.957683,0,0,0
3138,Biology,136,77,0,390.10392820,390.10392820,n00000125,Polygenic and Mendelian Inheritance Analysis,1,0.997686,0,0,0
3153,Biology,154,87,0,374.69522187,374.69522187,n00000186,Pathogen-Specific Clinical Intervention Mechanisms,1,0.803543,0,0,0
3158,Biology,72,41,0,385.37773248,385.37773248,n00000195,Cellular and Systemic Physiological Regulation Mechanisms,1,0.963548,0,0,0
3161,Biology,92,52,0,382.82837603,382.82837603,n00000083,Metabolic Biochemistry and Nutrient Energetics,1,0.995068,0,0,0
3162,Biology,57,32,0,377.78286545,377.78286545,n00000195,Cellular and Systemic Physiological Regulation Mechanisms,1,0.525969,0,0,0
3167,Biology,110,62,0,392.05513288,392.05513288,n00000125,Polygenic and Mendelian Inheritance Analysis,1,0.924399,0,0,0
3168,Biology,147,83,0,379.78314215,379.78314215,n00000221,Psychometric Test Theory and Validation,1,0.889942,0,0,0
3176,Biology,106,60,0,380.72707382,380.72707382,n00000195,Cellular and Systemic Physiological Regulation Mechanisms,1,0.989732,0,0,0
3177,Biology,50,28,0,377.44004298,377.44004298,n00000195,Cellular and Systemic Physiological Regulation Mechanisms,1,0.604654,0,0,0
3179,Biology,114,64,0,387.64995613,387.64995613,n00000188,Radioactive Decay Kinetics and Energetics,1,0.998539,0,0,0
3180,Biology,148,83,0,391.70583493,391.70583493,n00000158,Discrete Probability and Combinatorial Counting,1,0.796939,0,0,0
3184,Biology,97,55,0,386.50833773,386.50833773,n00000040,Comparative Functional Organismal Biology,1,0.946179,0,0,0
3187,Biology,92,51,0,387.88971070,387.88971070,n00000040,Comparative Functional Organismal Biology,1,1.000000,0,0,0
3195,Biology,133,75,0,385.85976692,385.85976692,n00000126,Genetic and Chromosomal Sex Determination Mechanisms,1,0.903899,0,0,0
3199,Biology,110,62,0,382.92871494,382.92871494,n00000040,Comparative Functional Organismal Biology,1,0.979952,0,0,0
3203,Biology,110,62,0,384.03244283,384.03244283,n00000125,Polygenic and Mendelian Inheritance Analysis,1,0.789953,0,0,0
3204,Biology,143,81,0,379.36676067,379.36676067,n00000195,Cellular and Systemic Physiological Regulation Mechanisms,1,0.882109,0,0,0
3205,Biology,147,83,0,377.61132813,377.61132813,n00000194,Macronutrient Biochemistry and Physiological Functions,1,0.954750,0,0,0
3207,Biology,147,83,0,381.25269812,381.25269812,n00000124,Molecular Biology and Genetic Engineering Mechanisms,1,0.996620,0,0,0
3214,Biology,72,41,0,388.63909212,388.63909212,n00000194,Macronutrient Biochemistry and Physiological Functions,1,0.663584,0,0,0
3215,Biology,109,62,0,386.26155359,386.26155359,n00000040,Comparative Functional Organismal Biology,1,0.999937,0,0,0
3218,Biology,147,83,0,387.97504092,387.97504092,n00000083,Metabolic Biochemistry and Nutrient Energetics,1,0.999452,0,0,0
3224,Biology,99,56,0,383.85709606,383.85709606,n00000040,Comparative Functional Organismal Biology,1,0.964340,0,0,0
3230,Biology,46,25,0,386.31084617,386.31084617,n00000040,Comparative Functional Organismal Biology,1,0.934102,0,0,0
3231,Biology,82,47,0,382.06178212,382.06178212,n00000040,Comparative Functional Organismal Biology,1,0.721799,0,0,0
3235,Biology,143,81,0,394.02117683,394.02117683,n00000161,Normal and Sampling Distribution Applications,1,0.596302,0,0,0
3236,Biology,140,79,0,391.31837680,391.31837680,n00000040,Comparative Functional Organismal Biology,1,0.999120,0,0,0
3241,Biology,81,46,0,388.26861681,388.26861681,n00000125,Polygenic and Mendelian Inheritance Analysis,1,0.994726,0,0,0
3253,Biology,61,34,0,380.38999600,380.38999600,n00000040,Comparative Functional Organismal Biology,1,0.999998,0,0,0
3255,Biology,110,62,0,384.97623919,384.97623919,n00000126,Genetic and Chromosomal Sex Determination Mechanisms,1,0.955401,0,0,0
3256,Biology,72,41,0,381.25470817,381.25470817,n00000194,Macronutrient Biochemistry and Physiological Functions,1,0.496492,0,0,0
3262,Biology,133,75,0,385.43498244,385.43498244,n00000040,Comparative Functional Organismal Biology,1,0.897189,0,0,0
3264,Biology,35,19,0,395.85766839,395.85766839,n00000126,Genetic and Chromosomal Sex Determination Mechanisms,1,0.975881,0,0,0
3267,Biology,153,86,0,390.20205451,390.20205451,n00000125,Polygenic and Mendelian Inheritance Analysis,1,0.907294,0,0,0
3269,Biology,113,63,0,374.54681958,374.54681958,n00000195,Cellular and Systemic Physiological Regulation Mechanisms,1,0.968095,0,0,0
3270,Biology,68,38,0,385.56305342,385.56305342,n00000040,Comparative Functional Organismal Biology,1,0.999990,0,0,0
3272,Biology,68,38,0,387.71977908,387.71977908,n00000126,Genetic and Chromosomal Sex Determination Mechanisms,1,0.846979,0,0,0
3273,Biology,111,63,0,382.58337292,382.58337292,n00000040,Comparative Functional Organismal Biology,1,0.999970,0,0,0
3274,Biology,149,84,0,381.12551339,381.12551339,n00000126,Genetic and Chromosomal Sex Determination Mechanisms,1,0.708849,0,0,0
3276,Biology,154,87,0,368.27205749,368.27205749,n00000124,Molecular Biology and Genetic Engineering Mechanisms,1,0.574298,0,0,0
3277,Biology,154,87,0,377.35120168,377.35120168,n00000040,Comparative Functional Organismal Biology,1,0.952892,0,0,0
3278,Biology,147,83,0,381.68956508,381.68956508,n00000125,Polygenic and Mendelian Inheritance Analysis,1,0.980400,0,0,0
3280,Biology,131,74,0,382.09232011,382.09232011,n00000040,Comparative Functional Organismal Biology,1,0.993911,0,0,0
3281,Biology,90,51,0,390.44513772,390.44513772,n00000040,Comparative Functional Organismal Biology,1,0.999998,0,0,0
3285,Biology,131,74,0,384.09792980,384.09792980,n00000125,Polygenic and Mendelian Inheritance Analysis,1,0.652284,0,0,0
3286,Biology,143,80,0,394.78910267,394.78910267,n00000161,Normal and Sampling Distribution Applications,1,0.963108,0,0,0
3293,Biology,113,64,0,381.69899568,381.69899568,n00000124,Molecular Biology and Genetic Engineering Mechanisms,1,0.761050,0,0,0
3295,Biology,68,38,0,385.87898259,385.87898259,n00000040,Comparative Functional Organismal Biology,1,0.999996,0,0,0
3296,Biology,134,76,0,377.17491855,377.17491855,n00000187,Age-Related Health Determinants and Epidemiology,1,0.787337,0,0,0
3298,Biology,131,74,0,394.13688419,394.13688419,n00000125,Polygenic and Mendelian Inheritance Analysis,1,0.997297,0,0,0
3303,Biology,133,75,0,382.05137463,382.05137463,n00000040,Comparative Functional Organismal Biology,1,0.715824,0,0,0
3305,Biology,88,50,0,395.21892590,395.21892590,n00000126,Genetic and Chromosomal Sex Determination Mechanisms,1,0.997492,0,0,0
3308,Biology,59,34,0,391.87311419,391.87311419,n00000082,Anatomical and Genetic Health Mechanisms,1,0.963832,0,0,0
3309,Biology,98,55,0,387.73054361,387.73054361,n00000126,Genetic and Chromosomal Sex Determination Mechanisms,1,0.999478,0,0,0
3319,Biology,128,72,0,385.78411888,385.78411888,n00000040,Comparative Functional Organismal Biology,1,0.973375,0,0,0
3330,Biology,90,51,0,391.48298746,391.48298746,n00000040,Comparative Functional Organismal Biology,1,0.999921,0,0,0
3334,Biology,154,87,0,381.32516906,381.32516906,n00000195,Cellular and Systemic Physiological Regulation Mechanisms,1,0.873564,0,0,0
3338,Biology,147,83,0,389.21078872,389.21078872,n00000189,Molecular and Atomic Mass Calculations,1,0.396916,0,0,0
3339,Biology,54,30,0,393.68388701,393.68388701,n00000040,Comparative Functional Organismal Biology,1,0.999968,0,0,0
3349,Biology,95,54,0,395.52065180,395.52065180,n00000125,Polygenic and Mendelian Inheritance Analysis,1,0.999964,0,0,0
3354,Biology,120,68,0,392.54605714,392.54605714,n00000125,Polygenic and Mendelian Inheritance Analysis,1,0.999649,0,0,0
3355,Biology,107,60,0,395.90206026,395.90206026,n00000125,Polygenic and Mendelian Inheritance Analysis,1,0.994323,0,0,0
3360,Biology,113,64,0,390.55266138,390.55266138,n00000125,Polygenic and Mendelian Inheritance Analysis,1,0.999984,0,0,0
3365,Biology,86,48,0,383.80025192,383.80025192,n00000040,Comparative Functional Organismal Biology,1,0.968204,0,0,0
3376,Biology,138,78,0,381.85520585,381.85520585,n00000040,Comparative Functional Organismal Biology,1,0.890665,0,0,0
3378,Biology,74,42,0,388.92686133,388.92686133,n00000040,Comparative Functional Organismal Biology,1,0.999993,0,0,0
3379,Biology,100,57,0,383.17697451,383.17697451,n00000195,Cellular and Systemic Physiological Regulation Mechanisms,1,0.753391,0,0,0
3382,Biology,97,55,0,395.74904973,395.74904973,n00000040,Comparative Functional Organismal Biology,1,0.999986,0,0,0
3383,Biology,52,30,0,388.76152910,388.76152910,n00000126,Genetic and Chromosomal Sex Determination Mechanisms,1,0.943779,0,0,0
3385,Biology,143,81,0,374.26759177,374.26759177,n00000187,Age-Related Health Determinants and Epidemiology,1,0.604099,0,0,0
3386,Biology,143,81,0,374.47473516,374.47473516,n00000195,Cellular and Systemic Physiological Regulation Mechanisms,1,0.892948,0,0,0
3393,Biology,143,81,0,383.08393645,383.08393645,n00000040,Comparative Functional Organismal Biology,1,0.999976,0,0,0
3401,Biology,76,43,0,383.11266178,383.11266178,n00000125,Polygenic and Mendelian Inheritance Analysis,1,0.911457,0,0,0
3403,Biology,154,87,0,382.53637110,382.53637110,n00000304,Simple Harmonic and Rotational Dynamics Analysis,1,0.666292,0,0,0
3405,Biology,133,75,0,378.50536482,378.50536482,n00000183,Demographic Behavior and Public Opinion Metrics,1,0.793936,0,0,0
3406,Biology,117,66,0,391.90047242,391.90047242,n00000040,Comparative Functional Organismal Biology,1,0.999979,0,0,0
3411,Biology,129,73,0,381.69554811,381.69554811,n00000040,Comparative Functional Organismal Biology,1,0.853702,0,0,0
3420,Biology,135,76,0,380.01691700,380.01691700,n00000194,Macronutrient Biochemistry and Physiological Functions,1,0.979941,0,0,0
3436,Biology,56,32,0,382.38537026,382.38537026,n00000195,Cellular and Systemic Physiological Regulation Mechanisms,1,0.997112,0,0,0
3439,Biology,109,62,0,376.50450401,376.50450401,n00000195,Cellular and Systemic Physiological Regulation Mechanisms,1,0.910068,0,0,0
3443,Biology,99,56,0,390.14225071,390.14225071,n00000040,Comparative Functional Organismal Biology,1,0.818895,0,0,0
3445,Biology,111,63,0,380.41740953,380.41740953,n00000195,Cellular and Systemic Physiological Regulation Mechanisms,1,0.969291,0,0,0
3448,Biology,50,29,0,391.91405036,391.91405036,n00000040,Comparative Functional Organismal Biology,1,0.998989,0,0,0
3449,Biology,154,87,0,382.17268463,382.17268463,n00000222,Cognitive and Perceptual Learning Mechanisms,1,0.992405,0,1,1
3454,Biology,147,83,0,388.00848389,388.00848389,n00000221,Psychometric Test Theory and Validation,1,0.600267,0,0,0
3460,Biology,132,75,0,382.39352082,382.39352082,n00000125,Polygenic and Mendelian Inheritance Analysis,1,0.934780,0,0,0
3461,Biology,113,64,0,384.45893738,384.45893738,n00000126,Genetic and Chromosomal Sex Determination Mechanisms,1,0.659849,0,0,0
3462,Biology,142,80,0,371.16824932,371.16824932,n00000195,Cellular and Systemic Physiological Regulation Mechanisms,1,0.720873,0,0,0
3464,Biology,124,69,0,394.98853278,394.98853278,n00000161,Normal and Sampling Distribution Applications,1,0.999023,0,0,0
3488,Biology,117,66,0,389.48490140,389.48490140,n00000040,Comparative Functional Organismal Biology,1,0.789433,0,0,0
3491,Biology,117,66,0,390.42143514,390.42143514,n00000040,Comparative Functional Organismal Biology,1,0.997794,0,0,0
3494,Biology,50,29,0,382.13296241,382.13296241,n00000040,Comparative Functional Organismal Biology,1,0.892767,0,0,0
3497,Biology,115,65,0,380.77485012,380.77485012,n00000126,Genetic and Chromosomal Sex Determination Mechanisms,1,0.955513,0,0,0
3499,Biology,127,72,0,380.82807687,380.82807687,n00000083,Metabolic Biochemistry and Nutrient Energetics,1,0.836996,0,0,0
3503,Biology,50,28,0,384.73946346,384.73946346,n00000040,Comparative Functional Organismal Biology,1,0.999955,0,0,0
3505,Biology,138,78,0,386.32902442,386.32902442,n00000126,Genetic and Chromosomal Sex Determination Mechanisms,1,0.984794,0,0,0
3508,Biology,142,80,0,381.05409001,381.05409001,n00000082,Anatomical and Genetic Health Mechanisms,1,0.850165,0,0,0
3509,Biology,35,19,0,381.26340827,381.26340827,n00000124,Molecular Biology and Genetic Engineering Mechanisms,1,0.986551,0,0,0
3516,Biology,93,53,0,380.19167931,380.19167931,n00000195,Cellular and Systemic Physiological Regulation Mechanisms,1,0.906050,0,0,0
-1000358,Business,50,27,0,416.18108052,416.18108052,n00000232,Applied Business Percentage Calculations,1,0.855393,0,0,0
-1000283,Business,122,69,0,385.22878367,385.22878367,n00000202,Monetary Policy Mechanisms and Money Supply Dynamics,1,0.898930,0,0,0
-1000250,Business,142,80,0,383.48065342,383.48065342,n00000233,Quantitative Business Profit and Inventory Optimization,1,0.936752,0,0,0
-1000049,Business,37,20,0,406.02936169,406.02936169,n00000233,Quantitative Business Profit and Inventory Optimization,1,0.997896,0,0,0
-1000025,Business,61,33,0,406.58223338,406.58223338,n00000232,Applied Business Percentage Calculations,1,0.985234,0,0,0
70,Business,90,51,0,390.42490079,390.42490079,n00000142,Normative Ethical Theory Applications,1,0.853772,0,0,0
72,Business,136,77,0,377.90118837,377.90118837,n00000078,Corporate Governance and Regulatory Compliance Principles,1,0.971554,0,0,0
75,Business,97,55,0,378.67925180,378.67925180,n00000219,Organizational Behavior and Work Motivation Theories,1,0.985077,0,0,0
78,Business,88,50,0,391.68868897,391.68868897,n00000077,Foundational Microeconomic Principles and Models,1,0.998002,0,0,0
79,Business,133,75,0,390.74438530,390.74438530,n00000077,Foundational Microeconomic Principles and Models,1,0.939931,0,0,0
80,Business,136,77,0,376.08054581,376.08054581,n00000220,Applied Communication and Behavioral Strategy Design,1,0.745608,0,0,0
98,Business,61,33,0,428.34093268,428.34093268,n00000151,Consumer Loan Interest Calculation,1,1.000000,0,0,0
102,Business,97,53,0,405.76113368,405.76113368,n00000232,Applied Business Percentage Calculations,1,0.770898,0,0,0
104,Business,93,51,0,405.01398918,405.01398918,n00000232,Applied Business Percentage Calculations,1,0.998850,0,0,0
105,Business,37,20,0,419.01073365,419.01073365,n00000151,Consumer Loan Interest Calculation,1,0.999911,0,0,0
106,Business,104,58,0,415.06977508,415.06977508,n00000151,Consumer Loan Interest Calculation,1,0.999960,0,0,0
107,Business,100,55,0,411.15324981,411.15324981,n00000232,Applied Business Percentage Calculations,1,0.997436,0,0,0
111,Business,147,83,0,388.23026139,388.23026139,n00000151,Consumer Loan Interest Calculation,1,0.989455,0,0,0
122,Business,58,32,0,410.29285884,410.29285884,n00000232,Applied Business Percentage Calculations,1,0.987160,0,0,0
126,Business,108,61,0,378.21464395,378.21464395,n00000219,Organizational Behavior and Work Motivation Theories,1,0.451648,0,0,0
127,Business,97,55,0,385.51039893,385.51039893,n00000220,Applied Communication and Behavioral Strategy Design,1,0.968130,0,0,0
129,Business,115,65,0,377.25448815,377.25448815,n00000219,Organizational Behavior and Work Motivation Theories,1,0.964355,0,0,0
132,Business,97,55,0,386.28828539,386.28828539,n00000078,Corporate Governance and Regulatory Compliance Principles,1,0.983207,0,0,0
138,Business,26,14,0,431.08769414,431.08769414,n00000151,Consumer Loan Interest Calculation,1,1.000000,0,0,0
146,Business,129,73,0,404.98281062,404.98281062,n00000151,Consumer Loan Interest Calculation,1,0.997771,0,0,0
148,Business,147,83,0,401.99054439,401.99054439,n00000151,Consumer Loan Interest Calculation,1,0.999818,0,0,0
152,Business,37,20,0,414.76866310,414.76866310,n00000232,Applied Business Percentage Calculations,1,0.998265,0,0,0
157,Business,131,74,0,395.03258491,395.03258491,n00000240,Applied Quantitative Partitioning Problems,1,0.989668,0,0,0
160,Business,26,14,0,426.02244472,426.02244472,n00000151,Consumer Loan Interest Calculation,1,1.000000,0,0,0
173,Business,72,39,0,414.21014395,414.21014395,n00000232,Applied Business Percentage Calculations,1,0.589685,0,0,0
175,Business,6,3,0,421.02511392,421.02511392,n00000232,Applied Business Percentage Calculations,1,0.927484,0,0,0
181,Business,95,53,0,415.03727217,415.03727217,n00000151,Consumer Loan Interest Calculation,1,0.999260,0,0,0
182,Business,92,51,0,415.30601446,415.30601446,n00000232,Applied Business Percentage Calculations,1,0.993081,0,0,0
184,Business,115,65,0,416.17654384,416.17654384,n00000151,Consumer Loan Interest Calculation,1,0.989076,0,0,0
185,Business,26,14,0,426.37128713,426.37128713,n00000151,Consumer Loan Interest Calculation,1,0.999950,0,0,0
189,Business,82,45,0,408.97218236,408.97218236,n00000232,Applied Business Percentage Calculations,1,0.997876,0,0,0
190,Business,87,49,0,380.84311741,380.84311741,n00000078,Corporate Governance and Regulatory Compliance Principles,1,0.973143,0,0,0
191,Business,61,34,0,397.40464965,397.40464965,n00000142,Normative Ethical Theory Applications,1,0.996962,0,0,0
195,Business,133,75,0,385.07693491,385.07693491,n00000077,Foundational Microeconomic Principles and Models,1,0.858756,0,0,0
199,Business,59,33,0,380.57810895,380.57810895,n00000219,Organizational Behavior and Work Motivation Theories,1,0.975166,0,0,0
200,Business,110,62,0,366.57659245,366.57659245,n00000185,Cultural and Historical Trivia Identification,1,0.826912,0,0,0
204,Business,147,83,0,394.14337803,394.14337803,n00000233,Quantitative Business Profit and Inventory Optimization,1,0.988320,0,0,0
209,Business,87,48,0,421.62237670,421.62237670,n00000151,Consumer Loan Interest Calculation,1,0.999634,0,0,0
210,Business,147,83,0,382.36009766,382.36009766,n00000266,Market Equilibrium and Price Mechanism Analysis,1,0.787012,0,0,0
215,Business,119,67,0,418.18947085,418.18947085,n00000151,Consumer Loan Interest Calculation,1,0.969442,0,0,0
216,Business,61,33,0,408.59592767,408.59592767,n00000232,Applied Business Percentage Calculations,1,0.998482,0,0,0
217,Business,68,37,0,410.63073966,410.63073966,n00000151,Consumer Loan Interest Calculation,1,0.999590,0,0,0
218,Business,68,37,0,418.15998006,418.15998006,n00000151,Consumer Loan Interest Calculation,1,0.999725,0,0,0
221,Business,97,54,0,413.43183759,413.43183759,n00000151,Consumer Loan Interest Calculation,1,0.999973,0,0,0
222,Business,69,38,0,419.11986824,419.11986824,n00000151,Consumer Loan Interest Calculation,1,0.999995,0,0,0
227,Business,97,55,0,405.08150161,405.08150161,n00000151,Consumer Loan Interest Calculation,1,1.000000,0,0,0
231,Business,39,21,0,433.79129394,433.79129394,n00000151,Consumer Loan Interest Calculation,1,0.999999,0,0,0
232,Business,30,17,0,393.57512773,393.57512773,n00000233,Quantitative Business Profit and Inventory Optimization,1,0.999301,0,0,0
233,Business,103,58,0,412.57001415,412.57001415,n00000232,Applied Business Percentage Calculations,1,0.954711,0,0,0
242,Business,106,59,0,406.96561776,406.96561776,n00000151,Consumer Loan Interest Calculation,1,0.889097,0,0,0
245,Business,17,9,0,417.08890641,417.08890641,n00000151,Consumer Loan Interest Calculation,1,1.000000,0,0,0
246,Business,128,72,0,396.55769666,396.55769666,n00000233,Quantitative Business Profit and Inventory Optimization,1,0.999839,0,0,0
263,Business,77,43,0,376.92567780,376.92567780,n00000181,Comparative Economic Systems and Critiques,1,0.694878,0,0,0
264,Business,26,14,0,420.25957324,420.25957324,n00000232,Applied Business Percentage Calculations,1,0.910478,0,0,0
266,Business,107,60,0,388.14644508,388.14644508,n00000233,Quantitative Business Profit and Inventory Optimization,1,0.794116,0,0,0
272,Business,136,77,0,398.98948225,398.98948225,n00000151,Consumer Loan Interest Calculation,1,0.993649,0,0,0
292,Business,37,20,0,403.86647136,403.86647136,n00000233,Quantitative Business Profit and Inventory Optimization,1,0.997489,0,0,0
294,Business,117,66,0,410.27887169,410.27887169,n00000151,Consumer Loan Interest Calculation,1,0.997548,0,0,0
299,Business,115,65,0,373.80676615,373.80676615,n00000183,Demographic Behavior and Public Opinion Metrics,1,0.923966,0,0,0
304,Business,17,9,0,401.10168909,401.10168909,n00000233,Quantitative Business Profit and Inventory Optimization,1,0.999920,0,0,0
306,Business,108,61,0,388.59544515,388.59544515,n00000078,Corporate Governance and Regulatory Compliance Principles,1,0.998243,0,0,0
307,Business,102,57,0,383.97159111,383.97159111,n00000078,Corporate Governance and Regulatory Compliance Principles,1,0.875382,0,0,0
309,Business,82,46,0,400.30725315,400.30725315,n00000142,Normative Ethical Theory Applications,1,0.846745,0,0,0
311,Business,122,69,0,382.36316564,382.36316564,n00000219,Organizational Behavior and Work Motivation Theories,1,0.618427,0,0,0
314,Business,67,38,0,379.75116838,379.75116838,n00000220,Applied Communication and Behavioral Strategy Design,1,0.919008,0,0,0
327,Business,133,75,0,398.91278529,398.91278529,n00000232,Applied Business Percentage Calculations,1,0.998391,0,0,0
329,Business,84,46,0,399.14327968,399.14327968,n00000151,Consumer Loan Interest Calculation,1,0.933323,0,0,0
330,Business,79,43,0,411.56058250,411.56058250,n00000151,Consumer Loan Interest Calculation,1,0.999949,0,0,0
335,Business,124,69,0,402.53178370,402.53178370,n00000151,Consumer Loan Interest Calculation,1,0.890948,0,0,0
338,Business,37,20,0,424.35237894,424.35237894,n00000151,Consumer Loan Interest Calculation,1,0.587095,0,0,0
341,Business,55,30,0,402.46832160,402.46832160,n00000232,Applied Business Percentage Calculations,1,0.999982,0,0,0
342,Business,65,36,0,410.77286823,410.77286823,n00000232,Applied Business Percentage Calculations,1,0.996613,0,0,0
343,Business,119,66,0,391.49315448,391.49315448,n00000232,Applied Business Percentage Calculations,1,0.983724,0,0,0
348,Business,87,48,0,406.22025610,406.22025610,n00000232,Applied Business Percentage Calculations,1,0.998479,0,0,0
356,Business,50,27,0,409.76922736,409.76922736,n00000233,Quantitative Business Profit and Inventory Optimization,1,0.933635,0,0,0
358,Business,61,33,0,409.43467276,409.43467276,n00000232,Applied Business Percentage Calculations,1,0.999764,0,0,0
361,Business,82,46,0,389.45151785,389.45151785,n00000078,Corporate Governance and Regulatory Compliance Principles,1,0.981074,0,0,0
363,Business,115,65,0,382.39982160,382.39982160,n00000078,Corporate Governance and Regulatory Compliance Principles,1,0.821969,0,0,0
369,Business,147,83,0,385.88446190,385.88446190,n00000266,Market Equilibrium and Price Mechanism Analysis,1,0.963785,0,0,0
370,Business,136,77,0,392.99073591,392.99073591,n00000151,Consumer Loan Interest Calculation,1,0.976037,0,0,0
375,Business,26,14,0,415.95571054,415.95571054,n00000232,Applied Business Percentage Calculations,1,0.999587,0,0,0
378,Business,50,27,0,408.19620883,408.19620883,n00000151,Consumer Loan Interest Calculation,1,1.000000,0,0,0
379,Business,54,30,0,393.65017213,393.65017213,n00000233,Quantitative Business Profit and Inventory Optimization,1,0.998800,0,0,0
380,Business,68,37,0,414.17869192,414.17869192,n00000232,Applied Business Percentage Calculations,1,0.979405,0,0,0
382,Business,50,27,0,415.03411247,415.03411247,n00000232,Applied Business Percentage Calculations,1,0.931823,0,0,0
390,Business,77,42,0,421.05252844,421.05252844,n00000151,Consumer Loan Interest Calculation,1,0.985120,0,0,0
393,Business,147,83,0,396.18947890,396.18947890,n00000233,Quantitative Business Profit and Inventory Optimization,1,0.999304,0,0,0
397,Business,44,24,0,413.49208263,413.49208263,n00000232,Applied Business Percentage Calculations,1,0.992268,0,0,0
400,Business,37,20,0,411.57002993,411.57002993,n00000232,Applied Business Percentage Calculations,1,0.991855,0,0,0
402,Business,17,9,0,405.82196612,405.82196612,n00000233,Quantitative Business Profit and Inventory Optimization,1,0.991092,0,0,0
407,Business,57,31,0,397.03672798,397.03672798,n00000233,Quantitative Business Profit and Inventory Optimization,1,0.991293,0,0,0
413,Business,130,73,0,419.32914894,419.32914894,n00000151,Consumer Loan Interest Calculation,1,0.999991,0,0,0
418,Business,74,41,0,417.13776974,417.13776974,n00000232,Applied Business Percentage Calculations,1,0.743997,0,0,0
421,Business,26,14,0,413.80707731,413.80707731,n00000232,Applied Business Percentage Calculations,1,0.976124,0,0,0
422,Business,50,27,0,409.03325151,409.03325151,n00000232,Applied Business Percentage Calculations,1,0.997913,0,0,0
423,Business,76,42,0,387.61822179,387.61822179,n00000233,Quantitative Business Profit and Inventory Optimization,1,0.999936,0,0,0
425,Business,147,83,0,403.00475258,403.00475258,n00000151,Consumer Loan Interest Calculation,1,0.991234,0,0,0
433,Business,77,43,0,381.33643060,381.33643060,n00000078,Corporate Governance and Regulatory Compliance Principles,1,0.997002,0,0,0
434,Business,79,45,0,403.42320819,403.42320819,n00000142,Normative Ethical Theory Applications,1,0.560641,0,1,0
435,Business,107,60,0,385.68294507,385.68294507,n00000078,Corporate Governance and Regulatory Compliance Principles,1,0.859037,0,0,0
437,Business,108,61,0,391.07443078,391.07443078,n00000078,Corporate Governance and Regulatory Compliance Principles,1,0.856554,0,0,0
438,Business,115,65,0,382.22534238,382.22534238,n00000181,Comparative Economic Systems and Critiques,1,0.725175,0,0,0
440,Business,79,45,0,377.59767926,377.59767926,n00000220,Applied Communication and Behavioral Strategy Design,1,0.991457,0,0,0
441,Business,115,65,0,388.97592701,388.97592701,n00000077,Foundational Microeconomic Principles and Models,1,0.714940,0,0,0
444,Business,136,77,0,362.82483315,362.82483315,n00000239,Advanced Integral Calculus and Applications,1,0.608660,0,0,0
447,Business,118,66,0,409.65777201,409.65777201,n00000151,Consumer Loan Interest Calculation,1,0.581870,0,0,0
451,Business,61,33,0,413.90159902,413.90159902,n00000151,Consumer Loan Interest Calculation,1,0.999984,0,0,0
455,Business,69,38,0,407.11960409,407.11960409,n00000232,Applied Business Percentage Calculations,1,0.994785,0,0,0
459,Business,40,22,0,406.98224497,406.98224497,n00000232,Applied Business Percentage Calculations,1,0.999157,0,0,0
464,Business,26,14,0,420.78899178,420.78899178,n00000232,Applied Business Percentage Calculations,1,0.999965,0,0,0
465,Business,121,68,0,397.12880714,397.12880714,n00000233,Quantitative Business Profit and Inventory Optimization,1,0.661781,0,0,0
466,Business,37,20,0,414.34095662,414.34095662,n00000232,Applied Business Percentage Calculations,1,0.986009,0,0,0
469,Business,92,51,0,412.56909741,412.56909741,n00000151,Consumer Loan Interest Calculation,1,0.807080,0,0,0
471,Business,105,58,0,406.22346885,406.22346885,n00000232,Applied Business Percentage Calculations,1,0.827277,0,0,0
476,Business,76,42,0,395.36078032,395.36078032,n00000240,Applied Quantitative Partitioning Problems,1,0.996596,0,0,0
480,Business,50,27,0,413.20256391,413.20256391,n00000232,Applied Business Percentage Calculations,1,0.765563,0,0,0
482,Business,61,33,0,425.02546792,425.02546792,n00000151,Consumer Loan Interest Calculation,1,0.999980,0,0,0
483,Business,61,33,0,415.96861854,415.96861854,n00000232,Applied Business Percentage Calculations,1,0.999998,0,0,0
489,Business,26,14,0,431.30631555,431.30631555,n00000151,Consumer Loan Interest Calculation,1,1.000000,0,0,0
491,Business,37,20,0,433.38174675,433.38174675,n00000151,Consumer Loan Interest Calculation,1,0.999984,0,0,0
494,Business,126,71,0,400.52431381,400.52431381,n00000232,Applied Business Percentage Calculations,1,0.999380,0,0,0
499,Business,115,65,0,384.85067513,384.85067513,n00000077,Foundational Microeconomic Principles and Models,1,0.989933,0,0,0
505,Business,115,65,0,395.52940850,395.52940850,n00000077,Foundational Microeconomic Principles and Models,1,0.999632,0,0,0
511,Business,44,24,0,401.62903498,401.62903498,n00000151,Consumer Loan Interest Calculation,1,1.000000,0,0,0
512,Business,137,77,0,395.73343041,395.73343041,n00000151,Consumer Loan Interest Calculation,1,0.989207,0,0,0
525,Business,131,74,0,392.35691989,392.35691989,n00000233,Quantitative Business Profit and Inventory Optimization,1,0.998436,0,0,0
530,Business,50,27,0,412.25228896,412.25228896,n00000232,Applied Business Percentage Calculations,1,0.961826,0,0,0
532,Business,37,20,0,428.38045772,428.38045772,n00000151,Consumer Loan Interest Calculation,1,1.000000,0,0,0
534,Business,26,14,0,435.40776952,435.40776952,n00000151,Consumer Loan Interest Calculation,1,1.000000,0,0,0
535,Business,101,56,0,420.01592305,420.01592305,n00000151,Consumer Loan Interest Calculation,1,1.000000,0,0,0
536,Business,50,27,0,425.23135308,425.23135308,n00000151,Consumer Loan Interest Calculation,1,0.999999,0,0,0
538,Business,108,60,0,405.09287649,405.09287649,n00000232,Applied Business Percentage Calculations,1,0.992869,0,0,0
544,Business,48,26,0,428.33073397,428.33073397,n00000151,Consumer Loan Interest Calculation,1,1.000000,0,0,0
545,Business,50,27,0,429.57508581,429.57508581,n00000151,Consumer Loan Interest Calculation,1,1.000000,0,0,0
548,Business,50,27,0,409.16432024,409.16432024,n00000232,Applied Business Percentage Calculations,1,0.925907,0,0,0
552,Business,37,20,0,414.43908481,414.43908481,n00000232,Applied Business Percentage Calculations,1,0.884076,0,0,0
554,Business,115,65,0,395.12123375,395.12123375,n00000232,Applied Business Percentage Calculations,1,0.969337,0,0,0
555,Business,97,55,0,415.15866834,415.15866834,n00000151,Consumer Loan Interest Calculation,1,0.999813,0,0,0
559,Business,50,27,0,402.50378047,402.50378047,n00000232,Applied Business Percentage Calculations,1,0.827752,0,0,0
561,Business,86,47,0,415.12578691,415.12578691,n00000232,Applied Business Percentage Calculations,1,0.970425,0,0,0
562,Business,143,81,0,407.45993377,407.45993377,n00000232,Applied Business Percentage Calculations,1,0.999907,0,0,0
566,Business,84,48,0,376.37304985,376.37304985,n00000181,Comparative Economic Systems and Critiques,1,0.955451,0,0,0
570,Business,104,59,0,382.61543072,382.61543072,n00000183,Demographic Behavior and Public Opinion Metrics,1,0.837795,0,0,0
572,Business,97,55,0,377.77377986,377.77377986,n00000219,Organizational Behavior and Work Motivation Theories,1,0.988860,0,0,0
573,Business,115,65,0,380.00058597,380.00058597,n00000078,Corporate Governance and Regulatory Compliance Principles,1,0.958204,0,0,0
574,Business,123,69,0,409.54245114,409.54245114,n00000151,Consumer Loan Interest Calculation,1,0.999992,0,0,0
575,Business,101,56,0,408.62572612,408.62572612,n00000151,Consumer Loan Interest Calculation,1,0.999999,0,0,0
580,Business,95,53,0,391.43388583,391.43388583,n00000233,Quantitative Business Profit and Inventory Optimization,1,0.998824,0,0,0
582,Business,147,83,0,398.98953818,398.98953818,n00000151,Consumer Loan Interest Calculation,1,0.840403,0,0,0
585,Business,37,20,0,411.92085505,411.92085505,n00000151,Consumer Loan Interest Calculation,1,0.999970,0,0,0
587,Business,37,20,0,420.80806798,420.80806798,n00000232,Applied Business Percentage Calculations,1,0.999949,0,0,0
592,Business,154,87,0,396.98609030,396.98609030,n00000232,Applied Business Percentage Calculations,1,0.998981,0,0,0
593,Business,37,20,0,418.73776151,418.73776151,n00000151,Consumer Loan Interest Calculation,1,1.000000,0,0,0
597,Business,50,27,0,418.31755392,418.31755392,n00000151,Consumer Loan Interest Calculation,1,0.967788,0,0,0
599,Business,124,69,0,406.43018824,406.43018824,n00000232,Applied Business Percentage Calculations,1,0.998791,0,0,0
601,Business,37,20,0,428.38349775,428.38349775,n00000151,Consumer Loan Interest Calculation,1,0.999962,0,0,0
603,Business,87,48,0,406.78137350,406.78137350,n00000232,Applied Business Percentage Calculations,1,0.990716,0,0,0
604,Business,108,60,0,401.97084736,401.97084736,n00000232,Applied Business Percentage Calculations,1,0.999772,0,0,0
613,Business,91,51,0,416.51408904,416.51408904,n00000151,Consumer Loan Interest Calculation,1,0.999998,0,0,0
616,Business,6,3,0,414.46612754,414.46612754,n00000151,Consumer Loan Interest Calculation,1,0.990536,0,0,0
618,Business,115,65,0,386.56858752,386.56858752,n00000181,Comparative Economic Systems and Critiques,1,0.683733,0,0,0
619,Business,110,62,0,380.36812922,380.36812922,n00000219,Organizational Behavior and Work Motivation Theories,1,0.788716,0,0,0
623,Business,77,44,0,378.11169424,378.11169424,n00000219,Organizational Behavior and Work Motivation Theories,1,0.850002,0,0,0
629,Business,133,75,0,385.50245247,385.50245247,n00000077,Foundational Microeconomic Principles and Models,1,0.453006,0,0,0
635,Business,55,30,0,413.54377740,413.54377740,n00000151,Consumer Loan Interest Calculation,1,1.000000,0,0,0
636,Business,123,69,0,407.92033068,407.92033068,n00000151,Consumer Loan Interest Calculation,1,0.999388,0,0,0
639,Business,131,74,0,411.25131961,411.25131961,n00000151,Consumer Loan Interest Calculation,1,0.997364,0,0,0
642,Business,122,69,0,401.80310646,401.80310646,n00000151,Consumer Loan Interest Calculation,1,0.892025,0,0,0
643,Business,113,63,0,387.59762010,387.59762010,n00000233,Quantitative Business Profit and Inventory Optimization,1,0.968812,0,0,0
644,Business,37,20,0,431.47835085,431.47835085,n00000151,Consumer Loan Interest Calculation,1,0.999806,0,0,0
645,Business,123,69,0,401.38238498,401.38238498,n00000151,Consumer Loan Interest Calculation,1,0.991209,0,0,0
654,Business,119,67,0,384.98663554,384.98663554,n00000232,Applied Business Percentage Calculations,1,0.994999,0,0,0
658,Business,26,14,0,431.87217681,431.87217681,n00000151,Consumer Loan Interest Calculation,1,0.999999,0,0,0
660,Business,61,33,0,414.31473884,414.31473884,n00000151,Consumer Loan Interest Calculation,1,0.999998,0,0,0
661,Business,98,55,0,394.35992620,394.35992620,n00000233,Quantitative Business Profit and Inventory Optimization,1,0.994976,0,0,0
673,Business,37,20,0,417.50370033,417.50370033,n00000232,Applied Business Percentage Calculations,1,0.999969,0,0,0
678,Business,61,33,0,418.45432038,418.45432038,n00000151,Consumer Loan Interest Calculation,1,1.000000,0,0,0
683,Business,88,50,0,388.87039816,388.87039816,n00000077,Foundational Microeconomic Principles and Models,1,0.991842,0,0,0
684,Business,77,44,0,379.41098006,379.41098006,n00000220,Applied Communication and Behavioral Strategy Design,1,0.791324,0,0,0
691,Business,126,71,0,376.83938572,376.83938572,n00000220,Applied Communication and Behavioral Strategy Design,1,0.811098,0,0,0
695,Business,37,20,0,411.58572694,411.58572694,n00000151,Consumer Loan Interest Calculation,1,1.000000,0,0,0
696,Business,93,51,0,377.45732111,377.45732111,n00000151,Consumer Loan Interest Calculation,1,0.998018,0,0,0
697,Business,154,87,0,399.61024486,399.61024486,n00000245,Statistical Inference and Probability Theory,1,0.969512,0,1,1
699,Business,110,61,0,388.64638128,388.64638128,n00000266,Market Equilibrium and Price Mechanism Analysis,1,0.983190,0,0,0
702,Business,74,41,0,386.14379008,386.14379008,n00000232,Applied Business Percentage Calculations,1,0.963073,0,0,0
703,Business,69,38,0,391.70099539,391.70099539,n00000233,Quantitative Business Profit and Inventory Optimization,1,0.999888,0,0,0
705,Business,61,33,0,409.41907304,409.41907304,n00000151,Consumer Loan Interest Calculation,1,1.000000,0,0,0
710,Business,37,20,0,408.61867014,408.61867014,n00000151,Consumer Loan Interest Calculation,1,1.000000,0,0,0
711,Business,37,20,0,430.61039406,430.61039406,n00000151,Consumer Loan Interest Calculation,1,1.000000,0,0,0
712,Business,84,47,0,396.78731382,396.78731382,n00000232,Applied Business Percentage Calculations,1,0.648245,0,0,0
713,Business,68,37,0,409.90583371,409.90583371,n00000151,Consumer Loan Interest Calculation,1,0.998512,0,0,0
714,Business,66,36,0,428.92160755,428.92160755,n00000151,Consumer Loan Interest Calculation,1,0.999384,0,0,0
715,Business,108,61,0,408.60903442,408.60903442,n00000151,Consumer Loan Interest Calculation,1,0.999989,0,0,0
725,Business,37,20,0,416.59301859,416.59301859,n00000232,Applied Business Percentage Calculations,1,0.569391,0,0,0
728,Business,37,20,0,408.18605702,408.18605702,n00000232,Applied Business Percentage Calculations,1,0.687854,0,0,0
730,Business,110,61,0,400.14249119,400.14249119,n00000233,Quantitative Business Profit and Inventory Optimization,1,0.999447,0,0,0
735,Business,100,55,0,420.20880574,420.20880574,n00000151,Consumer Loan Interest Calculation,1,0.999925,0,0,0
736,Business,37,20,0,424.63090059,424.63090059,n00000232,Applied Business Percentage Calculations,1,0.999982,0,0,0
739,Business,50,27,0,410.02429903,410.02429903,n00000151,Consumer Loan Interest Calculation,1,0.978596,0,0,0
746,Business,37,20,0,417.03445428,417.03445428,n00000232,Applied Business Percentage Calculations,1,0.997568,0,0,0
747,Business,87,48,0,386.27229996,386.27229996,n00000232,Applied Business Percentage Calculations,1,0.985132,0,0,0
754,Business,115,65,0,382.04714621,382.04714621,n00000078,Corporate Governance and Regulatory Compliance Principles,1,0.983967,0,0,0
757,Business,133,75,0,390.05336130,390.05336130,n00000077,Foundational Microeconomic Principles and Models,1,0.981637,0,0,0
758,Business,110,62,0,381.03296590,381.03296590,n00000078,Corporate Governance and Regulatory Compliance Principles,1,0.742052,0,0,0
763,Business,122,69,0,370.26379287,370.26379287,n00000219,Organizational Behavior and Work Motivation Theories,1,0.963576,0,0,0
767,Business,79,45,0,389.35374045,389.35374045,n00000215,Developmental and Personality Theories in Psychology,1,0.728051,0,0,0
773,Business,147,83,0,395.42362224,395.42362224,n00000235,Evidence Admissibility in Negligence Litigation,1,0.473699,0,0,0
779,Business,62,34,0,409.30421409,409.30421409,n00000232,Applied Business Percentage Calculations,1,0.999907,0,0,0
781,Business,37,20,0,408.22114232,408.22114232,n00000232,Applied Business Percentage Calculations,1,0.959449,0,0,0
786,Business,37,20,0,396.06003867,396.06003867,n00000151,Consumer Loan Interest Calculation,1,0.999989,0,0,0
787,Business,93,51,0,396.84483101,396.84483101,n00000151,Consumer Loan Interest Calculation,1,0.999696,0,0,0
793,Business,37,20,0,416.46125825,416.46125825,n00000232,Applied Business Percentage Calculations,1,0.998831,0,0,0
797,Business,90,50,0,410.23228409,410.23228409,n00000232,Applied Business Percentage Calculations,1,0.638909,0,0,0
798,Business,50,27,0,425.40455866,425.40455866,n00000232,Applied Business Percentage Calculations,1,0.999884,0,0,0
801,Business,48,26,0,433.47247170,433.47247170,n00000151,Consumer Loan Interest Calculation,1,1.000000,0,0,0
802,Business,61,33,0,414.08061801,414.08061801,n00000232,Applied Business Percentage Calculations,1,0.998245,0,0,0
806,Business,37,20,0,430.61778561,430.61778561,n00000151,Consumer Loan Interest Calculation,1,1.000000,0,0,0
808,Business,129,72,0,404.64985774,404.64985774,n00000151,Consumer Loan Interest Calculation,1,0.998172,0,0,0
809,Business,39,21,0,426.02084556,426.02084556,n00000151,Consumer Loan Interest Calculation,1,0.999915,0,0,0
817,Business,6,3,0,430.88417496,430.88417496,n00000151,Consumer Loan Interest Calculation,1,0.998067,0,0,0
818,Business,44,24,0,407.76538254,407.76538254,n00000232,Applied Business Percentage Calculations,1,0.721564,0,0,0
828,Business,107,60,0,379.58917032,379.58917032,n00000220,Applied Communication and Behavioral Strategy Design,1,0.997074,0,0,0
831,Business,154,87,0,373.99585599,373.99585599,n00000180,International Security and Legal Theory Frameworks,1,0.763279,0,0,0
832,Business,107,60,0,392.10605638,392.10605638,n00000265,Microeconomic Production and Cost Optimization,1,0.838302,0,0,0
833,Business,62,34,0,428.92319479,428.92319479,n00000151,Consumer Loan Interest Calculation,1,0.999988,0,0,0
840,Business,61,33,0,411.23210343,411.23210343,n00000151,Consumer Loan Interest Calculation,1,0.999998,0,0,0
842,Business,17,9,0,413.70958070,413.70958070,n00000232,Applied Business Percentage Calculations,1,0.863980,0,0,0
847,Business,37,20,0,413.34876601,413.34876601,n00000232,Applied Business Percentage Calculations,1,0.648774,0,0,0
849,Business,26,14,0,433.76369690,433.76369690,n00000151,Consumer Loan Interest Calculation,1,0.999937,0,0,0
852,Business,61,33,0,426.32581861,426.32581861,n00000151,Consumer Loan Interest Calculation,1,0.999991,0,0,0
854,Business,26,14,0,416.97711956,416.97711956,n00000232,Applied Business Percentage Calculations,1,0.997986,0,0,0
856,Business,37,20,0,414.73556976,414.73556976,n00000232,Applied Business Percentage Calculations,1,0.875026,0,0,0
-1003860,Chemistry,154,87,0,386.03613224,386.03613224,n00000196,Evaluative Statement Veracity Assessment,1,0.558896,0,0,0
3526,Chemistry,154,87,0,375.89709694,375.89709694,n00000189,Molecular and Atomic Mass Calculations,1,0.669584,0,0,0
3531,Chemistry,147,83,0,380.84681703,380.84681703,n00000189,Molecular and Atomic Mass Calculations,1,0.675155,0,0,0
3535,Chemistry,87,49,0,406.20437741,406.20437741,n00000204,Aqueous Acid Base Equilibrium Calculations,1,0.999999,0,0,0
3541,Chemistry,147,83,0,380.13493038,380.13493038,n00000268,Electrochemical and Stoichiometric Reaction Quantification,1,0.985553,0,0,0
3548,Chemistry,70,38,0,398.68409506,398.68409506,n00000190,Quantum Particle Wavelength and Energy Transitions,1,0.929479,0,1,1
3555,Chemistry,40,22,0,432.33721618,432.33721618,n00000030,Thermodynamic and Gas State Calculations,1,0.999992,0,0,0
3557,Chemistry,73,41,0,400.58083990,400.58083990,n00000169,Gravitational Field and Orbital Mechanics Problems,1,0.985006,0,0,0
3560,Chemistry,65,36,0,438.32516464,438.32516464,n00000030,Thermodynamic and Gas State Calculations,1,0.908399,0,0,0
3561,Chemistry,71,39,0,431.76497509,431.76497509,n00000030,Thermodynamic and Gas State Calculations,1,0.999999,0,0,0
3564,Chemistry,76,42,0,417.28722972,417.28722972,n00000030,Thermodynamic and Gas State Calculations,1,0.999834,0,0,0
3568,Chemistry,130,73,0,380.22716272,380.22716272,n00000171,Quantum Photon Particle Duality Calculations,1,0.970126,0,0,0
3575,Chemistry,65,36,0,390.71990296,390.71990296,n00000268,Electrochemical and Stoichiometric Reaction Quantification,1,0.954199,0,0,0
3581,Chemistry,65,36,0,401.35483959,401.35483959,n00000204,Aqueous Acid Base Equilibrium Calculations,1,1.000000,0,0,0
3582,Chemistry,78,44,0,404.66301646,404.66301646,n00000204,Aqueous Acid Base Equilibrium Calculations,1,1.000000,0,0,0
3587,Chemistry,42,23,0,431.29822880,431.29822880,n00000030,Thermodynamic and Gas State Calculations,1,0.977395,0,0,0
3597,Chemistry,76,42,0,402.33735071,402.33735071,n00000204,Aqueous Acid Base Equilibrium Calculations,1,0.913165,0,0,0
3598,Chemistry,73,41,0,417.98785282,417.98785282,n00000267,Colligative Property and Solution Concentration Calculations,1,0.879713,0,0,0
3604,Chemistry,60,33,0,413.45956832,413.45956832,n00000268,Electrochemical and Stoichiometric Reaction Quantification,1,0.600226,0,0,0
3607,Chemistry,94,53,0,381.96206257,381.96206257,n00000268,Electrochemical and Stoichiometric Reaction Quantification,1,0.962738,0,0,0
3609,Chemistry,40,22,0,445.36222105,445.36222105,n00000030,Thermodynamic and Gas State Calculations,1,1.000000,0,0,0
3613,Chemistry,86,48,0,395.72578334,395.72578334,n00000188,Radioactive Decay Kinetics and Energetics,1,0.997539,0,0,0
3614,Chemistry,65,36,0,394.88918980,394.88918980,n00000267,Colligative Property and Solution Concentration Calculations,1,0.986101,0,0,0
3620,Chemistry,72,40,0,413.33011798,413.33011798,n00000204,Aqueous Acid Base Equilibrium Calculations,1,1.000000,0,0,0
3622,Chemistry,47,26,0,426.30476293,426.30476293,n00000268,Electrochemical and Stoichiometric Reaction Quantification,1,0.859461,0,0,0
3623,Chemistry,60,33,0,438.06127754,438.06127754,n00000030,Thermodynamic and Gas State Calculations,1,1.000000,0,0,0
3631,Chemistry,136,77,0,381.74895948,381.74895948,n00000268,Electrochemical and Stoichiometric Reaction Quantification,1,0.979814,0,0,0
3634,Chemistry,147,83,0,376.92133461,376.92133461,n00000189,Molecular and Atomic Mass Calculations,1,0.438335,0,0,0
3635,Chemistry,147,83,0,392.67402105,392.67402105,n00000204,Aqueous Acid Base Equilibrium Calculations,1,0.869789,0,0,0
3636,Chemistry,80,44,0,389.40144331,389.40144331,n00000191,Molecular Statistical Thermodynamics and Spectroscopy,1,0.926987,0,0,0
3639,Chemistry,64,35,0,389.00907260,389.00907260,n00000191,Molecular Statistical Thermodynamics and Spectroscopy,1,0.999990,0,0,0
3645,Chemistry,89,50,0,386.83018848,386.83018848,n00000170,Optical Interference and Diffraction Metrology,1,0.994014,0,0,0
3646,Chemistry,119,67,0,388.40129398,388.40129398,n00000190,Quantum Particle Wavelength and Energy Transitions,1,0.720657,0,1,1
3648,Chemistry,71,39,0,394.30750691,394.30750691,n00000170,Optical Interference and Diffraction Metrology,1,0.999828,0,0,0
3649,Chemistry,60,33,0,444.80337517,444.80337517,n00000030,Thermodynamic and Gas State Calculations,1,0.996863,0,0,0
3650,Chemistry,40,22,0,447.08334681,447.08334681,n00000030,Thermodynamic and Gas State Calculations,1,1.000000,0,0,0
3656,Chemistry,136,77,0,407.87941677,407.87941677,n00000030,Thermodynamic and Gas State Calculations,1,0.675317,0,0,0
3657,Chemistry,60,33,0,436.99202308,436.99202308,n00000030,Thermodynamic and Gas State Calculations,1,1.000000,0,0,0
3658,Chemistry,143,81,0,380.24783020,380.24783020,n00000189,Molecular and Atomic Mass Calculations,1,0.781842,0,0,0
3662,Chemistry,123,69,0,378.58496711,378.58496711,n00000268,Electrochemical and Stoichiometric Reaction Quantification,1,0.929207,0,0,0
3666,Chemistry,147,83,0,397.06485109,397.06485109,n00000204,Aqueous Acid Base Equilibrium Calculations,1,1.000000,0,0,0
3668,Chemistry,65,36,0,394.34247130,394.34247130,n00000267,Colligative Property and Solution Concentration Calculations,1,0.815504,0,0,0
3670,Chemistry,94,53,0,386.24634729,386.24634729,n00000267,Colligative Property and Solution Concentration Calculations,1,0.957435,0,0,0
3672,Chemistry,60,33,0,391.08389405,391.08389405,n00000190,Quantum Particle Wavelength and Energy Transitions,1,0.978170,0,1,1
3673,Chemistry,60,33,0,398.92981687,398.92981687,n00000204,Aqueous Acid Base Equilibrium Calculations,1,0.764455,0,0,0
3680,Chemistry,92,51,0,401.94814954,401.94814954,n00000030,Thermodynamic and Gas State Calculations,1,0.999996,0,0,0
3681,Chemistry,58,33,0,439.61754367,439.61754367,n00000030,Thermodynamic and Gas State Calculations,1,0.999994,0,0,0
3685,Chemistry,22,12,0,427.28464005,427.28464005,n00000030,Thermodynamic and Gas State Calculations,1,0.963481,0,0,0
3686,Chemistry,60,33,0,414.56920052,414.56920052,n00000030,Thermodynamic and Gas State Calculations,1,0.974353,0,0,0
3694,Chemistry,75,42,0,435.70488576,435.70488576,n00000030,Thermodynamic and Gas State Calculations,1,1.000000,0,0,0
3698,Chemistry,40,22,0,409.34817042,409.34817042,n00000267,Colligative Property and Solution Concentration Calculations,1,0.737611,0,0,0
3703,Chemistry,154,87,0,376.46220837,376.46220837,n00000191,Molecular Statistical Thermodynamics and Spectroscopy,1,0.988906,0,0,0
3704,Chemistry,60,33,0,441.28996744,441.28996744,n00000030,Thermodynamic and Gas State Calculations,1,1.000000,0,0,0
3705,Chemistry,70,38,0,391.62624703,391.62624703,n00000190,Quantum Particle Wavelength and Energy Transitions,1,0.993660,0,1,1
3709,Chemistry,94,53,0,391.34125045,391.34125045,n00000188,Radioactive Decay Kinetics and Energetics,1,0.997896,0,0,0
3710,Chemistry,92,51,0,422.45312456,422.45312456,n00000030,Thermodynamic and Gas State Calculations,1,0.997277,0,0,0
3711,Chemistry,76,42,0,397.30397908,397.30397908,n00000188,Radioactive Decay Kinetics and Energetics,1,0.999991,0,0,0
3721,Chemistry,125,71,0,377.82214901,377.82214901,n00000189,Molecular and Atomic Mass Calculations,1,0.956861,0,0,0
3723,Chemistry,131,74,0,397.39903502,397.39903502,n00000268,Electrochemical and Stoichiometric Reaction Quantification,1,0.811504,0,0,0
3725,Chemistry,84,47,0,387.67544416,387.67544416,n00000191,Molecular Statistical Thermodynamics and Spectroscopy,1,0.998200,0,0,0
3729,Chemistry,40,22,0,424.91964062,424.91964062,n00000030,Thermodynamic and Gas State Calculations,1,0.999387,0,0,0
3739,Chemistry,40,22,0,443.45273185,443.45273185,n00000030,Thermodynamic and Gas State Calculations,1,1.000000,0,0,0
3743,Chemistry,80,44,0,388.10932605,388.10932605,n00000190,Quantum Particle Wavelength and Energy Transitions,1,0.559229,0,1,1
3750,Chemistry,75,42,0,440.17691407,440.17691407,n00000030,Thermodynamic and Gas State Calculations,1,0.999998,0,0,0
3751,Chemistry,59,32,0,409.32268564,409.32268564,n00000204,Aqueous Acid Base Equilibrium Calculations,1,1.000000,0,0,0
3754,Chemistry,94,53,0,390.87613173,390.87613173,n00000155,Applied Algebraic and Analytic Computations,1,0.999780,0,0,0
3755,Chemistry,60,33,0,439.22694781,439.22694781,n00000030,Thermodynamic and Gas State Calculations,1,1.000000,0,0,0
3758,Chemistry,47,26,0,402.06873330,402.06873330,n00000267,Colligative Property and Solution Concentration Calculations,1,1.000000,0,0,0
3759,Chemistry,60,33,0,389.62222568,389.62222568,n00000190,Quantum Particle Wavelength and Energy Transitions,1,0.812620,0,1,1
3760,Chemistry,40,22,0,412.65801611,412.65801611,n00000030,Thermodynamic and Gas State Calculations,1,0.999932,0,0,0
3765,Chemistry,94,53,0,391.67728954,391.67728954,n00000267,Colligative Property and Solution Concentration Calculations,1,0.990240,0,0,0
3774,Chemistry,142,80,0,419.29809025,419.29809025,n00000037,Thermodynamic and Heat Transfer Analysis,1,0.491355,0,1,1
3775,Chemistry,84,47,0,383.17200351,383.17200351,n00000173,Thermodynamic and Kinetic Gas Properties in Astrophysical and Terrestrial Systems,1,0.623693,0,0,0
3778,Chemistry,86,48,0,393.16895035,393.16895035,n00000268,Electrochemical and Stoichiometric Reaction Quantification,1,0.999748,0,0,0
3779,Chemistry,120,68,0,375.09247841,375.09247841,n00000304,Simple Harmonic and Rotational Dynamics Analysis,1,0.782568,0,0,0
3780,Chemistry,40,22,0,430.51892317,430.51892317,n00000030,Thermodynamic and Gas State Calculations,1,0.999986,0,0,0
3782,Chemistry,65,36,0,408.06175756,408.06175756,n00000268,Electrochemical and Stoichiometric Reaction Quantification,1,0.950649,0,0,0
3785,Chemistry,78,44,0,418.26243063,418.26243063,n00000030,Thermodynamic and Gas State Calculations,1,0.999932,0,0,0
3786,Chemistry,60,33,0,425.67242475,425.67242475,n00000191,Molecular Statistical Thermodynamics and Spectroscopy,1,0.758928,0,0,0
3787,Chemistry,59,32,0,396.37360130,396.37360130,n00000190,Quantum Particle Wavelength and Energy Transitions,1,0.999514,0,1,1
3790,Chemistry,76,42,0,424.12910058,424.12910058,n00000030,Thermodynamic and Gas State Calculations,1,0.999997,0,0,0
3803,Chemistry,125,71,0,385.01563289,385.01563289,n00000191,Molecular Statistical Thermodynamics and Spectroscopy,1,0.972012,0,0,0
3807,Chemistry,131,74,0,385.33987808,385.33987808,n00000191,Molecular Statistical Thermodynamics and Spectroscopy,1,0.980779,0,0,0
3812,Chemistry,89,50,0,380.91797051,380.91797051,n00000191,Molecular Statistical Thermodynamics and Spectroscopy,1,0.843862,0,0,0
3817,Chemistry,42,23,0,403.23642020,403.23642020,n00000268,Electrochemical and Stoichiometric Reaction Quantification,1,0.708917,0,0,0
3822,Chemistry,60,33,0,392.60809802,392.60809802,n00000191,Molecular Statistical Thermodynamics and Spectroscopy,1,0.999626,0,0,0
3828,Chemistry,76,42,0,431.87220256,431.87220256,n00000030,Thermodynamic and Gas State Calculations,1,0.555242,0,1,0
3831,Chemistry,89,50,0,431.12074936,431.12074936,n00000030,Thermodynamic and Gas State Calculations,1,0.999998,0,0,0
3832,Chemistry,40,22,0,439.65211138,439.65211138,n00000030,Thermodynamic and Gas State Calculations,1,0.999998,0,0,0
3838,Chemistry,65,36,0,391.04995639,391.04995639,n00000267,Colligative Property and Solution Concentration Calculations,1,0.916329,0,0,0
3840,Chemistry,84,47,0,393.99134067,393.99134067,n00000267,Colligative Property and Solution Concentration Calculations,1,0.939072,0,0,0
3841,Chemistry,48,27,0,403.76795831,403.76795831,n00000204,Aqueous Acid Base Equilibrium Calculations,1,0.999626,0,0,0
3844,Chemistry,45,25,0,404.08032878,404.08032878,n00000268,Electrochemical and Stoichiometric Reaction Quantification,1,0.832349,0,0,0
3848,Chemistry,40,22,0,418.31023017,418.31023017,n00000030,Thermodynamic and Gas State Calculations,1,0.999861,0,0,0
3853,Chemistry,154,87,0,375.42289545,375.42289545,n00000268,Electrochemical and Stoichiometric Reaction Quantification,1,0.621215,0,0,0
3858,Chemistry,40,22,0,432.91915189,432.91915189,n00000030,Thermodynamic and Gas State Calculations,1,0.830277,0,0,0
3863,Chemistry,60,33,0,408.38699351,408.38699351,n00000204,Aqueous Acid Base Equilibrium Calculations,1,1.000000,0,0,0
3865,Chemistry,60,33,0,449.40237843,449.40237843,n00000030,Thermodynamic and Gas State Calculations,1,1.000000,0,0,0
3868,Chemistry,40,22,0,434.30985059,434.30985059,n00000030,Thermodynamic and Gas State Calculations,1,1.000000,0,0,0
3875,Chemistry,69,39,0,429.06655593,429.06655593,n00000030,Thermodynamic and Gas State Calculations,1,0.999999,0,0,0
3879,Chemistry,97,54,0,402.32884862,402.32884862,n00000232,Applied Business Percentage Calculations,1,0.985482,0,0,0
3882,Chemistry,105,59,0,426.88444239,426.88444239,n00000030,Thermodynamic and Gas State Calculations,1,0.999827,0,0,0
3883,Chemistry,143,81,0,383.93299811,383.93299811,n00000191,Molecular Statistical Thermodynamics and Spectroscopy,1,0.527955,0,1,0
3895,Chemistry,60,33,0,391.86693936,391.86693936,n00000191,Molecular Statistical Thermodynamics and Spectroscopy,1,0.999922,0,0,0
3898,Chemistry,94,53,0,382.52589136,382.52589136,n00000189,Molecular and Atomic Mass Calculations,1,0.994805,0,0,0
3901,Chemistry,89,50,0,381.69101310,381.69101310,n00000173,Thermodynamic and Kinetic Gas Properties in Astrophysical and Terrestrial Systems,1,0.848655,0,0,0
3902,Chemistry,119,67,0,387.11978607,387.11978607,n00000171,Quantum Photon Particle Duality Calculations,1,0.995451,0,0,0
3903,Chemistry,78,43,0,394.77016024,394.77016024,n00000190,Quantum Particle Wavelength and Energy Transitions,1,0.546945,0,1,1
3906,Chemistry,76,42,0,388.24873000,388.24873000,n00000238,Advanced Transform and Series Analysis,1,0.990247,0,0,0
3907,Chemistry,40,22,0,443.10946413,443.10946413,n00000030,Thermodynamic and Gas State Calculations,1,1.000000,0,0,0
3909,Chemistry,40,22,0,442.94557306,442.94557306,n00000030,Thermodynamic and Gas State Calculations,1,1.000000,0,0,0
3910,Chemistry,60,33,0,425.16199429,425.16199429,n00000030,Thermodynamic and Gas State Calculations,1,0.999993,0,0,0
3912,Chemistry,76,42,0,430.06376859,430.06376859,n00000030,Thermodynamic and Gas State Calculations,1,0.572657,0,1,0
3916,Chemistry,115,65,0,381.49173631,381.49173631,n00000267,Colligative Property and Solution Concentration Calculations,1,0.568481,0,0,0
3919,Chemistry,143,81,0,395.63302243,395.63302243,n00000173,Thermodynamic and Kinetic Gas Properties in Astrophysical and Terrestrial Systems,1,0.558233,0,0,0
3922,Chemistry,48,26,0,441.88521410,441.88521410,n00000030,Thermodynamic and Gas State Calculations,1,0.999958,0,0,0
3925,Chemistry,40,22,0,436.96887603,436.96887603,n00000030,Thermodynamic and Gas State Calculations,1,1.000000,0,0,0
3927,Chemistry,86,48,0,421.49123499,421.49123499,n00000030,Thermodynamic and Gas State Calculations,1,1.000000,0,0,0
3928,Chemistry,60,33,0,412.93620496,412.93620496,n00000268,Electrochemical and Stoichiometric Reaction Quantification,1,0.819827,0,0,0
3929,Chemistry,73,41,0,398.46182647,398.46182647,n00000267,Colligative Property and Solution Concentration Calculations,1,0.996286,0,0,0
3930,Chemistry,76,42,0,389.25709353,389.25709353,n00000268,Electrochemical and Stoichiometric Reaction Quantification,1,0.937200,0,0,0
3934,Chemistry,89,50,0,386.06060871,386.06060871,n00000189,Molecular and Atomic Mass Calculations,1,0.985501,0,0,0
3941,Chemistry,40,22,0,420.88706591,420.88706591,n00000030,Thermodynamic and Gas State Calculations,1,0.994178,0,0,0
3944,Chemistry,121,68,0,388.16211367,388.16211367,n00000155,Applied Algebraic and Analytic Computations,1,0.482391,0,0,0
3945,Chemistry,58,33,0,401.78936142,401.78936142,n00000204,Aqueous Acid Base Equilibrium Calculations,1,0.999997,0,0,0
3954,Chemistry,70,38,0,419.62680364,419.62680364,n00000191,Molecular Statistical Thermodynamics and Spectroscopy,1,0.558680,0,0,0
3956,Chemistry,40,22,0,421.42155198,421.42155198,n00000030,Thermodynamic and Gas State Calculations,1,0.999988,0,0,0
3963,Chemistry,65,36,0,401.05145092,401.05145092,n00000267,Colligative Property and Solution Concentration Calculations,1,0.998776,0,0,0
3965,Chemistry,66,37,0,443.94008305,443.94008305,n00000030,Thermodynamic and Gas State Calculations,1,0.978999,0,0,0
3970,Chemistry,70,38,0,402.25370672,402.25370672,n00000189,Molecular and Atomic Mass Calculations,1,0.817420,0,0,0
3972,Chemistry,118,66,0,386.54257566,386.54257566,n00000128,Algebraic Structure Properties and Isomorphisms,1,0.581240,0,0,0
3977,Chemistry,86,48,0,399.06733769,399.06733769,n00000030,Thermodynamic and Gas State Calculations,1,0.929925,0,0,0
3978,Chemistry,81,45,0,398.77212671,398.77212671,n00000268,Electrochemical and Stoichiometric Reaction Quantification,1,0.706329,0,0,0
3984,Chemistry,154,87,0,392.79647894,392.79647894,n00000266,Market Equilibrium and Price Mechanism Analysis,1,0.434836,0,0,0
3986,Chemistry,143,81,0,380.27038845,380.27038845,n00000268,Electrochemical and Stoichiometric Reaction Quantification,1,0.836827,0,0,0
3988,Chemistry,120,68,0,397.99639544,397.99639544,n00000189,Molecular and Atomic Mass Calculations,1,0.960835,0,0,0
3990,Chemistry,86,48,0,391.72356544,391.72356544,n00000191,Molecular Statistical Thermodynamics and Spectroscopy,1,0.999681,0,0,0
3991,Chemistry,71,39,0,440.76376507,440.76376507,n00000030,Thermodynamic and Gas State Calculations,1,0.999998,0,0,0
3994,Chemistry,22,12,0,437.40237095,437.40237095,n00000030,Thermodynamic and Gas State Calculations,1,0.990565,0,0,0
3995,Chemistry,102,58,0,385.08699853,385.08699853,n00000191,Molecular Statistical Thermodynamics and Spectroscopy,1,0.999126,0,0,0
3998,Chemistry,89,50,0,390.55188202,390.55188202,n00000171,Quantum Photon Particle Duality Calculations,1,0.983402,0,0,0
4000,Chemistry,70,38,0,391.21898261,391.21898261,n00000171,Quantum Photon Particle Duality Calculations,1,0.500433,0,1,0
4006,Chemistry,63,36,0,418.65345000,418.65345000,n00000030,Thermodynamic and Gas State Calculations,1,0.905809,0,0,0
4008,Chemistry,69,38,0,389.23517705,389.23517705,n00000171,Quantum Photon Particle Duality Calculations,1,0.984896,0,0,0
4012,Chemistry,68,38,0,386.23929986,386.23929986,n00000189,Molecular and Atomic Mass Calculations,1,0.944506,0,0,0
4014,Chemistry,64,35,0,408.26373475,408.26373475,n00000204,Aqueous Acid Base Equilibrium Calculations,1,0.999941,0,0,0
4015,Chemistry,65,36,0,414.43720805,414.43720805,n00000037,Thermodynamic and Heat Transfer Analysis,1,0.998783,0,1,1
4019,Chemistry,86,48,0,384.95486376,384.95486376,n00000191,Molecular Statistical Thermodynamics and Spectroscopy,1,0.974630,0,0,0
4020,Chemistry,81,45,0,421.72506341,421.72506341,n00000030,Thermodynamic and Gas State Calculations,1,0.662450,0,0,0
4028,Chemistry,76,42,0,390.59057425,390.59057425,n00000268,Electrochemical and Stoichiometric Reaction Quantification,1,0.849732,0,0,0
4030,Chemistry,58,32,0,411.68093502,411.68093502,n00000204,Aqueous Acid Base Equilibrium Calculations,1,1.000000,0,0,0
4034,Chemistry,94,53,0,430.72570394,430.72570394,n00000030,Thermodynamic and Gas State Calculations,1,0.999726,0,0,0
4044,Chemistry,136,77,0,409.93448476,409.93448476,n00000030,Thermodynamic and Gas State Calculations,1,0.988619,0,0,0
4045,Chemistry,40,22,0,415.76128547,415.76128547,n00000268,Electrochemical and Stoichiometric Reaction Quantification,1,0.939555,0,0,0
4046,Chemistry,113,63,0,420.37651561,420.37651561,n00000173,Thermodynamic and Kinetic Gas Properties in Astrophysical and Terrestrial Systems,1,0.672919,0,0,0
4047,Chemistry,60,33,0,392.25963070,392.25963070,n00000268,Electrochemical and Stoichiometric Reaction Quantification,1,0.991256,0,0,0
4048,Chemistry,147,83,0,391.37716881,391.37716881,n00000267,Colligative Property and Solution Concentration Calculations,1,0.999802,0,0,0
4051,Chemistry,94,53,0,406.98633054,406.98633054,n00000030,Thermodynamic and Gas State Calculations,1,0.764030,0,0,0
4055,Chemistry,65,36,0,420.79438487,420.79438487,n00000030,Thermodynamic and Gas State Calculations,1,0.999801,0,0,0
4057,Chemistry,125,71,0,393.08167580,393.08167580,n00000191,Molecular Statistical Thermodynamics and Spectroscopy,1,0.999771,0,0,0
4059,Chemistry,40,22,0,405.06988185,405.06988185,n00000030,Thermodynamic and Gas State Calculations,1,0.990925,0,0,0
4060,Chemistry,40,22,0,427.05108468,427.05108468,n00000030,Thermodynamic and Gas State Calculations,1,0.999838,0,0,0
4061,Chemistry,60,33,0,402.81825166,402.81825166,n00000204,Aqueous Acid Base Equilibrium Calculations,1,0.999979,0,0,0
4062,Chemistry,21,11,0,407.43625811,407.43625811,n00000204,Aqueous Acid Base Equilibrium Calculations,1,0.999999,0,0,0
4066,Chemistry,60,33,0,430.40453970,430.40453970,n00000030,Thermodynamic and Gas State Calculations,1,1.000000,0,0,0
4069,Chemistry,22,12,0,425.17964216,425.17964216,n00000030,Thermodynamic and Gas State Calculations,1,1.000000,0,0,0
4072,Chemistry,75,42,0,403.21193416,403.21193416,n00000204,Aqueous Acid Base Equilibrium Calculations,1,1.000000,0,0,0
4075,Chemistry,134,76,0,388.88459720,388.88459720,n00000268,Electrochemical and Stoichiometric Reaction Quantification,1,0.998947,0,0,0
4076,Chemistry,138,78,0,392.83483025,392.83483025,n00000204,Aqueous Acid Base Equilibrium Calculations,1,0.999636,0,0,0
4082,Chemistry,154,87,0,391.11003139,391.11003139,n00000204,Aqueous Acid Base Equilibrium Calculations,1,0.979519,0,0,0
4086,Chemistry,112,64,0,384.13222191,384.13222191,n00000173,Thermodynamic and Kinetic Gas Properties in Astrophysical and Terrestrial Systems,1,0.577899,0,0,0
4087,Chemistry,143,81,0,377.44293934,377.44293934,n00000189,Molecular and Atomic Mass Calculations,1,0.993055,0,0,0
4088,Chemistry,125,71,0,383.87350957,383.87350957,n00000188,Radioactive Decay Kinetics and Energetics,1,0.365290,0,0,0
4105,Chemistry,81,45,0,414.46282713,414.46282713,n00000191,Molecular Statistical Thermodynamics and Spectroscopy,1,0.710529,0,0,0
4115,Chemistry,65,36,0,392.12877333,392.12877333,n00000267,Colligative Property and Solution Concentration Calculations,1,0.437220,0,0,0
4117,Chemistry,14,7,0,408.26241805,408.26241805,n00000204,Aqueous Acid Base Equilibrium Calculations,1,1.000000,0,0,0
4120,Chemistry,40,22,0,399.99803626,399.99803626,n00000204,Aqueous Acid Base Equilibrium Calculations,1,0.845400,0,0,0
4124,Chemistry,65,36,0,392.09825268,392.09825268,n00000268,Electrochemical and Stoichiometric Reaction Quantification,1,0.921923,0,0,0
4125,Chemistry,94,53,0,432.99691559,432.99691559,n00000030,Thermodynamic and Gas State Calculations,1,0.999996,0,0,0
4128,Chemistry,86,48,0,387.49904538,387.49904538,n00000267,Colligative Property and Solution Concentration Calculations,1,0.982173,0,0,0
4132,Chemistry,68,38,0,399.36402499,399.36402499,n00000204,Aqueous Acid Base Equilibrium Calculations,1,1.000000,0,0,0
4139,Chemistry,76,42,0,398.06076244,398.06076244,n00000268,Electrochemical and Stoichiometric Reaction Quantification,1,0.999992,0,0,0
4143,Chemistry,107,61,0,380.31685257,380.31685257,n00000189,Molecular and Atomic Mass Calculations,1,0.911136,0,0,0
4144,Chemistry,50,28,0,414.34906644,414.34906644,n00000030,Thermodynamic and Gas State Calculations,1,0.972377,0,0,0
4145,Chemistry,76,42,0,391.20356987,391.20356987,n00000268,Electrochemical and Stoichiometric Reaction Quantification,1,0.998836,0,0,0
4147,Chemistry,40,22,0,426.12995280,426.12995280,n00000030,Thermodynamic and Gas State Calculations,1,0.898004,0,0,0
4151,Chemistry,76,42,0,409.22674245,409.22674245,n00000268,Electrochemical and Stoichiometric Reaction Quantification,1,0.993272,0,0,0
4153,Chemistry,149,84,0,378.44842434,378.44842434,n00000064,Electrostatic Field and Charge Interaction Analysis,1,0.656855,0,0,0
4155,Chemistry,131,74,0,389.53607585,389.53607585,n00000268,Electrochemical and Stoichiometric Reaction Quantification,1,0.512638,0,0,0
4167,Chemistry,89,50,0,381.35655925,381.35655925,n00000171,Quantum Photon Particle Duality Calculations,1,0.391089,0,0,0
4172,Chemistry,71,39,0,383.28482226,383.28482226,n00000191,Molecular Statistical Thermodynamics and Spectroscopy,1,0.956188,0,0,0
4174,Chemistry,87,48,0,389.39361622,389.39361622,n00000190,Quantum Particle Wavelength and Energy Transitions,1,0.815312,0,1,1
4178,Chemistry,109,61,0,389.98020424,389.98020424,n00000171,Quantum Photon Particle Duality Calculations,1,0.987421,0,0,0
4179,Chemistry,131,74,0,386.66917664,386.66917664,n00000157,Applied Differential Equations and Numerical Methods,1,0.873497,0,0,0
4182,Chemistry,40,22,0,441.23801223,441.23801223,n00000030,Thermodynamic and Gas State Calculations,1,1.000000,0,0,0
4185,Chemistry,28,15,0,444.79312345,444.79312345,n00000030,Thermodynamic and Gas State Calculations,1,0.999066,0,0,0
4186,Chemistry,94,53,0,418.80041412,418.80041412,n00000037,Thermodynamic and Heat Transfer Analysis,1,0.483480,0,1,1
4189,Chemistry,65,36,0,397.76450022,397.76450022,n00000267,Colligative Property and Solution Concentration Calculations,1,0.999935,0,0,0
4191,Chemistry,93,52,0,388.35232510,388.35232510,n00000171,Quantum Photon Particle Duality Calculations,1,0.990226,0,0,0
4195,Chemistry,65,36,0,401.24642932,401.24642932,n00000267,Colligative Property and Solution Concentration Calculations,1,0.999985,0,0,0
4200,Chemistry,76,42,0,392.74513297,392.74513297,n00000268,Electrochemical and Stoichiometric Reaction Quantification,1,0.988898,0,0,0
4202,Chemistry,65,36,0,437.42151109,437.42151109,n00000030,Thermodynamic and Gas State Calculations,1,1.000000,0,0,0
4203,Chemistry,40,22,0,439.73668177,439.73668177,n00000030,Thermodynamic and Gas State Calculations,1,0.999998,0,0,0
4204,Chemistry,58,33,0,395.21461524,395.21461524,n00000267,Colligative Property and Solution Concentration Calculations,1,0.994514,0,0,0
4205,Chemistry,81,45,0,409.80206265,409.80206265,n00000030,Thermodynamic and Gas State Calculations,1,0.937863,0,0,0
4206,Chemistry,143,81,0,376.44673059,376.44673059,n00000268,Electrochemical and Stoichiometric Reaction Quantification,1,0.505300,0,0,0
4207,Chemistry,81,45,0,397.28689845,397.28689845,n00000189,Molecular and Atomic Mass Calculations,1,0.826123,0,0,0
4209,Chemistry,60,33,0,417.59755130,417.59755130,n00000191,Molecular Statistical Thermodynamics and Spectroscopy,1,0.571964,0,0,0
4210,Chemistry,109,61,0,398.51386302,398.51386302,n00000189,Molecular and Atomic Mass Calculations,1,0.912661,0,0,0
4211,Chemistry,78,44,0,407.80894587,407.80894587,n00000030,Thermodynamic and Gas State Calculations,1,0.955149,0,0,0
4213,Chemistry,154,87,0,374.80871056,374.80871056,n00000128,Algebraic Structure Properties and Isomorphisms,1,0.790362,0,0,0
4217,Chemistry,94,53,0,389.60325716,389.60325716,n00000268,Electrochemical and Stoichiometric Reaction Quantification,1,0.999224,0,0,0
4218,Chemistry,70,39,0,401.07835791,401.07835791,n00000267,Colligative Property and Solution Concentration Calculations,1,0.994756,0,0,0
4219,Chemistry,127,72,0,390.41609885,390.41609885,n00000066,Geometric Optics of Thin and Thick Lenses,1,0.973347,0,0,0
4220,Chemistry,40,22,0,432.53732828,432.53732828,n00000030,Thermodynamic and Gas State Calculations,1,1.000000,0,0,0
4229,Chemistry,70,38,0,397.87134535,397.87134535,n00000171,Quantum Photon Particle Duality Calculations,1,0.903490,0,0,0
4230,Chemistry,79,44,0,386.56544396,386.56544396,n00000204,Aqueous Acid Base Equilibrium Calculations,1,0.678958,0,0,0
4231,Chemistry,107,61,0,391.41797714,391.41797714,n00000188,Radioactive Decay Kinetics and Energetics,1,0.998712,0,0,0
4234,Chemistry,60,33,0,436.02201518,436.02201518,n00000030,Thermodynamic and Gas State Calculations,1,0.999973,0,0,0
4236,Chemistry,48,27,0,407.00698287,407.00698287,n00000204,Aqueous Acid Base Equilibrium Calculations,1,0.999993,0,0,0
4240,Chemistry,40,22,0,440.27372701,440.27372701,n00000030,Thermodynamic and Gas State Calculations,1,1.000000,0,0,0
4243,Chemistry,81,45,0,390.35209896,390.35209896,n00000204,Aqueous Acid Base Equilibrium Calculations,1,0.994437,0,0,0
4251,Chemistry,93,52,0,406.54527147,406.54527147,n00000204,Aqueous Acid Base Equilibrium Calculations,1,0.999997,0,0,0
4252,Chemistry,136,77,0,384.02607722,384.02607722,n00000268,Electrochemical and Stoichiometric Reaction Quantification,1,0.996098,0,0,0
4256,Chemistry,81,45,0,406.19810527,406.19810527,n00000171,Quantum Photon Particle Duality Calculations,1,0.342194,0,0,0
4257,Chemistry,93,52,0,394.06771994,394.06771994,n00000190,Quantum Particle Wavelength and Energy Transitions,1,0.688918,0,1,1
4261,Chemistry,71,39,0,397.16767606,397.16767606,n00000191,Molecular Statistical Thermodynamics and Spectroscopy,1,0.991013,0,0,0
4268,Chemistry,71,39,0,399.26875064,399.26875064,n00000170,Optical Interference and Diffraction Metrology,1,0.999932,0,0,0
4270,Chemistry,40,22,0,435.50782568,435.50782568,n00000030,Thermodynamic and Gas State Calculations,1,0.999993,0,0,0
4271,Chemistry,45,25,0,440.82610588,440.82610588,n00000030,Thermodynamic and Gas State Calculations,1,0.999923,0,0,0
4275,Chemistry,40,22,0,442.21113996,442.21113996,n00000030,Thermodynamic and Gas State Calculations,1,0.999999,0,0,0
4278,Chemistry,58,33,0,390.94496854,390.94496854,n00000267,Colligative Property and Solution Concentration Calculations,1,0.703764,0,0,0
4279,Chemistry,65,36,0,425.36037307,425.36037307,n00000030,Thermodynamic and Gas State Calculations,1,0.998064,0,0,0
4289,Chemistry,40,22,0,442.60648843,442.60648843,n00000030,Thermodynamic and Gas State Calculations,1,1.000000,0,0,0
4292,Chemistry,73,41,0,403.62110295,403.62110295,n00000267,Colligative Property and Solution Concentration Calculations,1,0.999946,0,0,0
4294,Chemistry,40,22,0,439.86425324,439.86425324,n00000030,Thermodynamic and Gas State Calculations,1,1.000000,0,0,0
4295,Chemistry,76,42,0,408.70867517,408.70867517,n00000173,Thermodynamic and Kinetic Gas Properties in Astrophysical and Terrestrial Systems,1,0.766387,0,0,0
4307,Chemistry,60,33,0,394.56313078,394.56313078,n00000268,Electrochemical and Stoichiometric Reaction Quantification,1,0.652694,0,0,0
4310,Chemistry,60,33,0,430.86579828,430.86579828,n00000030,Thermodynamic and Gas State Calculations,1,0.999999,0,0,0
4320,Chemistry,84,47,0,390.01745159,390.01745159,n00000188,Radioactive Decay Kinetics and Energetics,1,0.999918,0,0,0
4323,Chemistry,73,41,0,413.75168794,413.75168794,n00000243,Projectile Motion and Kinematic Analysis,1,0.590206,0,1,0
4328,Chemistry,131,74,0,390.90912306,390.90912306,n00000030,Thermodynamic and Gas State Calculations,1,0.997495,0,0,0
4329,Chemistry,101,57,0,391.38962108,391.38962108,n00000190,Quantum Particle Wavelength and Energy Transitions,1,0.691599,0,1,1
4331,Chemistry,70,38,0,395.06532323,395.06532323,n00000190,Quantum Particle Wavelength and Energy Transitions,1,0.953872,0,1,1
4335,Chemistry,67,37,0,412.71930083,412.71930083,n00000204,Aqueous Acid Base Equilibrium Calculations,1,1.000000,0,0,0
4336,Chemistry,78,44,0,416.29926263,416.29926263,n00000030,Thermodynamic and Gas State Calculations,1,0.974194,0,0,0
4337,Chemistry,147,83,0,383.04053947,383.04053947,n00000268,Electrochemical and Stoichiometric Reaction Quantification,1,0.942261,0,0,0
4346,Chemistry,70,38,0,391.91178305,391.91178305,n00000191,Molecular Statistical Thermodynamics and Spectroscopy,1,0.767291,0,0,0
4347,Chemistry,82,45,0,420.34083873,420.34083873,n00000030,Thermodynamic and Gas State Calculations,1,1.000000,0,0,0
4348,Chemistry,135,76,0,377.10267315,377.10267315,n00000159,Extremal and Enumerative Combinatorics in Graphs and Numbers,1,0.929807,0,0,0
4350,Chemistry,83,46,0,388.88812122,388.88812122,n00000171,Quantum Photon Particle Duality Calculations,1,0.807950,0,0,0
4355,Chemistry,80,44,0,388.71708623,388.71708623,n00000191,Molecular Statistical Thermodynamics and Spectroscopy,1,0.989231,0,0,0
4356,Chemistry,81,45,0,388.87130465,388.87130465,n00000171,Quantum Photon Particle Duality Calculations,1,0.979466,0,0,0
4358,Chemistry,71,39,0,434.64032779,434.64032779,n00000030,Thermodynamic and Gas State Calculations,1,0.999998,0,0,0
4360,Chemistry,86,48,0,434.08507800,434.08507800,n00000030,Thermodynamic and Gas State Calculations,1,0.997891,0,0,0
4367,Chemistry,32,18,0,430.52286680,430.52286680,n00000030,Thermodynamic and Gas State Calculations,1,0.992250,0,0,0
4368,Chemistry,81,45,0,383.94253518,383.94253518,n00000189,Molecular and Atomic Mass Calculations,1,0.979301,0,0,0
4372,Chemistry,40,22,0,401.30813655,401.30813655,n00000267,Colligative Property and Solution Concentration Calculations,1,0.956688,0,0,0
4375,Chemistry,60,33,0,392.73245063,392.73245063,n00000191,Molecular Statistical Thermodynamics and Spectroscopy,1,0.850799,0,0,0
4376,Chemistry,65,36,0,436.30745016,436.30745016,n00000030,Thermodynamic and Gas State Calculations,1,1.000000,0,0,0
4378,Chemistry,105,59,0,419.71067338,419.71067338,n00000030,Thermodynamic and Gas State Calculations,1,0.996606,0,0,0
4379,Chemistry,60,33,0,426.98415229,426.98415229,n00000030,Thermodynamic and Gas State Calculations,1,0.999999,0,0,0
4380,Chemistry,59,32,0,403.59062399,403.59062399,n00000204,Aqueous Acid Base Equilibrium Calculations,1,0.988990,0,0,0
4382,Chemistry,58,33,0,419.56683787,419.56683787,n00000267,Colligative Property and Solution Concentration Calculations,1,0.769565,0,0,0
4384,Chemistry,113,63,0,415.61519737,415.61519737,n00000030,Thermodynamic and Gas State Calculations,1,0.999979,0,0,0
4387,Chemistry,57,31,0,400.02335251,400.02335251,n00000204,Aqueous Acid Base Equilibrium Calculations,1,0.525175,0,0,0
4395,Chemistry,48,27,0,401.16437738,401.16437738,n00000267,Colligative Property and Solution Concentration Calculations,1,0.981401,0,0,0
4399,Chemistry,76,42,0,391.73321685,391.73321685,n00000268,Electrochemical and Stoichiometric Reaction Quantification,1,0.995293,0,0,0
4402,Chemistry,89,50,0,424.90404085,424.90404085,n00000030,Thermodynamic and Gas State Calculations,1,0.999978,0,0,0
4410,Chemistry,95,53,0,394.36051007,394.36051007,n00000204,Aqueous Acid Base Equilibrium Calculations,1,0.896336,0,0,0
4411,Chemistry,65,36,0,408.72002172,408.72002172,n00000267,Colligative Property and Solution Concentration Calculations,1,0.898684,0,0,0
4413,Chemistry,71,39,0,423.76226272,423.76226272,n00000191,Molecular Statistical Thermodynamics and Spectroscopy,1,0.931253,0,0,0
4430,Chemistry,76,43,0,395.61667204,395.61667204,n00000267,Colligative Property and Solution Concentration Calculations,1,0.986917,0,0,0
4435,Chemistry,57,31,0,409.64852598,409.64852598,n00000204,Aqueous Acid Base Equilibrium Calculations,1,1.000000,0,0,0
4441,Chemistry,122,69,0,383.71112446,383.71112446,n00000171,Quantum Photon Particle Duality Calculations,1,0.998823,0,0,0
4448,Chemistry,60,33,0,451.14153777,451.14153777,n00000030,Thermodynamic and Gas State Calculations,1,1.000000,0,0,0
4453,Chemistry,40,22,0,441.02506890,441.02506890,n00000030,Thermodynamic and Gas State Calculations,1,0.999799,0,0,0
4454,Chemistry,138,78,0,375.64722718,375.64722718,n00000189,Molecular and Atomic Mass Calculations,1,0.887177,0,0,0
4456,Chemistry,81,45,0,386.92043195,386.92043195,n00000189,Molecular and Atomic Mass Calculations,1,0.965186,0,0,0
4458,Chemistry,84,47,0,397.37849674,397.37849674,n00000243,Projectile Motion and Kinematic Analysis,1,0.874284,0,0,0
4465,Chemistry,89,50,0,390.61044326,390.61044326,n00000267,Colligative Property and Solution Concentration Calculations,1,0.990403,0,0,0
4467,Chemistry,106,60,0,401.03819764,401.03819764,n00000204,Aqueous Acid Base Equilibrium Calculations,1,0.999999,0,0,0
4468,Chemistry,46,25,0,401.40565667,401.40565667,n00000204,Aqueous Acid Base Equilibrium Calculations,1,0.999995,0,0,0
4471,Chemistry,65,36,0,383.19505908,383.19505908,n00000268,Electrochemical and Stoichiometric Reaction Quantification,1,0.838486,0,0,0
4473,Chemistry,81,45,0,385.28239942,385.28239942,n00000268,Electrochemical and Stoichiometric Reaction Quantification,1,0.998659,0,0,0
4475,Chemistry,131,74,0,395.39627681,395.39627681,n00000030,Thermodynamic and Gas State Calculations,1,0.349259,0,1,0
4481,Chemistry,71,39,0,385.87717176,385.87717176,n00000171,Quantum Photon Particle Duality Calculations,1,0.762677,0,0,0
4488,Chemistry,94,53,0,428.77728432,428.77728432,n00000030,Thermodynamic and Gas State Calculations,1,0.999996,0,0,0
4491,Chemistry,104,58,0,412.89791130,412.89791130,n00000030,Thermodynamic and Gas State Calculations,1,0.999760,0,0,0
4492,Chemistry,42,23,0,429.76584177,429.76584177,n00000030,Thermodynamic and Gas State Calculations,1,1.000000,0,0,0
4494,Chemistry,60,33,0,405.96256674,405.96256674,n00000204,Aqueous Acid Base Equilibrium Calculations,1,0.997673,0,0,0
4495,Chemistry,32,17,0,407.18420086,407.18420086,n00000204,Aqueous Acid Base Equilibrium Calculations,1,0.993422,0,0,0
4498,Chemistry,40,22,0,443.51064449,443.51064449,n00000030,Thermodynamic and Gas State Calculations,1,0.999972,0,0,0
4499,Chemistry,42,23,0,436.77954589,436.77954589,n00000030,Thermodynamic and Gas State Calculations,1,1.000000,0,0,0
4501,Chemistry,65,36,0,399.99835072,399.99835072,n00000268,Electrochemical and Stoichiometric Reaction Quantification,1,0.593961,0,0,0
4502,Chemistry,60,33,0,432.11143472,432.11143472,n00000030,Thermodynamic and Gas State Calculations,1,0.994758,0,0,0
4506,Chemistry,154,87,0,380.74451728,380.74451728,n00000189,Molecular and Atomic Mass Calculations,1,0.742398,0,0,0
4507,Chemistry,131,74,0,389.66844834,389.66844834,n00000267,Colligative Property and Solution Concentration Calculations,1,0.977554,0,0,0
4510,Chemistry,73,41,0,406.02397981,406.02397981,n00000204,Aqueous Acid Base Equilibrium Calculations,1,1.000000,0,0,0
4517,Chemistry,89,50,0,387.90563153,387.90563153,n00000191,Molecular Statistical Thermodynamics and Spectroscopy,1,0.997942,0,0,0
4521,Chemistry,71,39,0,389.78392420,389.78392420,n00000191,Molecular Statistical Thermodynamics and Spectroscopy,1,0.999973,0,0,0
4524,Chemistry,40,22,0,451.92970608,451.92970608,n00000030,Thermodynamic and Gas State Calculations,1,1.000000,0,0,0
4533,Chemistry,94,53,0,394.29751076,394.29751076,n00000267,Colligative Property and Solution Concentration Calculations,1,0.994153,0,0,0
4535,Chemistry,79,44,0,443.10478828,443.10478828,n00000030,Thermodynamic and Gas State Calculations,1,0.999903,0,0,0
4537,Chemistry,78,43,0,397.73171867,397.73171867,n00000190,Quantum Particle Wavelength and Energy Transitions,1,0.999609,0,1,1
4538,Chemistry,102,58,0,382.99489156,382.99489156,n00000189,Molecular and Atomic Mass Calculations,1,0.568457,0,0,0
4542,Chemistry,131,74,0,383.48837983,383.48837983,n00000189,Molecular and Atomic Mass Calculations,1,0.570159,0,0,0
4546,Chemistry,65,36,0,435.98574833,435.98574833,n00000030,Thermodynamic and Gas State Calculations,1,1.000000,0,0,0
4547,Chemistry,71,39,0,417.10308571,417.10308571,n00000188,Radioactive Decay Kinetics and Energetics,1,0.851264,0,0,0
4548,Chemistry,40,22,0,428.47080525,428.47080525,n00000030,Thermodynamic and Gas State Calculations,1,1.000000,0,0,0
4554,Chemistry,40,22,0,416.79347480,416.79347480,n00000030,Thermodynamic and Gas State Calculations,1,0.999982,0,0,0
4556,Chemistry,70,39,0,383.14936955,383.14936955,n00000267,Colligative Property and Solution Concentration Calculations,1,0.905166,0,0,0
4557,Chemistry,81,45,0,413.11688997,413.11688997,n00000037,Thermodynamic and Heat Transfer Analysis,1,0.598941,0,1,1
4560,Chemistry,81,45,0,420.04389110,420.04389110,n00000030,Thermodynamic and Gas State Calculations,1,0.997724,0,0,0
4565,Chemistry,60,33,0,427.66986704,427.66986704,n00000030,Thermodynamic and Gas State Calculations,1,0.999999,0,0,0
4572,Chemistry,65,36,0,423.31473173,423.31473173,n00000030,Thermodynamic and Gas State Calculations,1,0.908128,0,0,0
4574,Chemistry,112,63,0,378.30577134,378.30577134,n00000189,Molecular and Atomic Mass Calculations,1,0.716164,0,0,0
4576,Chemistry,60,33,0,421.02318021,421.02318021,n00000037,Thermodynamic and Heat Transfer Analysis,1,0.833099,0,1,1
4580,Chemistry,89,50,0,397.27846201,397.27846201,n00000030,Thermodynamic and Gas State Calculations,1,0.999972,0,0,0
4589,Chemistry,40,22,0,441.41659419,441.41659419,n00000030,Thermodynamic and Gas State Calculations,1,1.000000,0,0,0
4592,Chemistry,81,45,0,385.14858498,385.14858498,n00000189,Molecular and Atomic Mass Calculations,1,0.991478,0,0,0
4597,Chemistry,94,53,0,390.23761581,390.23761581,n00000171,Quantum Photon Particle Duality Calculations,1,0.655325,0,0,0
4605,Chemistry,138,78,0,370.75093264,370.75093264,n00000124,Molecular Biology and Genetic Engineering Mechanisms,1,0.982139,0,0,0
4607,Chemistry,106,60,0,389.18181974,389.18181974,n00000191,Molecular Statistical Thermodynamics and Spectroscopy,1,0.999469,0,0,0
4609,Chemistry,70,38,0,392.90038951,392.90038951,n00000191,Molecular Statistical Thermodynamics and Spectroscopy,1,0.999937,0,0,0
4610,Chemistry,154,87,0,375.14765226,375.14765226,n00000184,Exclusion-Based Fact Verification Tasks,1,0.955475,0,0,0
4615,Chemistry,40,22,0,450.99014106,450.99014106,n00000030,Thermodynamic and Gas State Calculations,1,1.000000,0,0,0
4619,Chemistry,60,33,0,430.28115557,430.28115557,n00000030,Thermodynamic and Gas State Calculations,1,0.999993,0,0,0
4621,Chemistry,68,37,0,394.83865182,394.83865182,n00000190,Quantum Particle Wavelength and Energy Transitions,1,0.994120,0,1,1
4627,Chemistry,40,22,0,423.41375002,423.41375002,n00000030,Thermodynamic and Gas State Calculations,1,0.991449,0,0,0
4628,Chemistry,22,12,0,398.19634329,398.19634329,n00000267,Colligative Property and Solution Concentration Calculations,1,0.999971,0,0,0
4629,Chemistry,40,22,0,428.74663307,428.74663307,n00000030,Thermodynamic and Gas State Calculations,1,1.000000,0,0,0
4631,Chemistry,65,36,0,429.22062231,429.22062231,n00000030,Thermodynamic and Gas State Calculations,1,1.000000,0,0,0
4635,Chemistry,40,22,0,424.95912227,424.95912227,n00000030,Thermodynamic and Gas State Calculations,1,1.000000,0,0,0
4639,Chemistry,63,35,0,389.42551993,389.42551993,n00000268,Electrochemical and Stoichiometric Reaction Quantification,1,0.995379,0,0,0
4646,Chemistry,89,50,0,428.06690974,428.06690974,n00000037,Thermodynamic and Heat Transfer Analysis,1,0.972471,0,1,1
4648,Chemistry,57,32,0,408.03691510,408.03691510,n00000204,Aqueous Acid Base Equilibrium Calculations,1,1.000000,0,0,0
4651,Chemistry,86,48,0,388.13106137,388.13106137,n00000188,Radioactive Decay Kinetics and Energetics,1,0.981072,0,0,0
4659,Chemistry,35,19,0,438.26037826,438.26037826,n00000037,Thermodynamic and Heat Transfer Analysis,1,0.530066,0,1,1
4661,Chemistry,84,47,0,395.21895875,395.21895875,n00000267,Colligative Property and Solution Concentration Calculations,1,0.999990,0,0,0
10358,Computer science,110,62,0,381.85603061,381.85603061,n00000078,Corporate Governance and Regulatory Compliance Principles,1,0.987856,0,0,0
10359,Computer science,121,68,0,379.18764404,379.18764404,n00000130,Information Theory and Digital Encoding Fundamentals,1,0.934323,0,0,0
10361,Computer science,117,66,0,388.35019824,388.35019824,n00000130,Information Theory and Digital Encoding Fundamentals,1,0.945683,0,0,0
10362,Computer science,149,84,0,371.32937315,371.32937315,n00000037,Thermodynamic and Heat Transfer Analysis,1,0.962949,0,1,1
10367,Computer science,117,66,0,400.45751608,400.45751608,n00000196,Evaluative Statement Veracity Assessment,1,0.999437,0,0,0
10368,Computer science,154,87,0,384.62939809,384.62939809,n00000129,Foundational Programming and Computer Systems Principles,1,0.931948,0,0,0
10369,Computer science,129,73,0,383.00852528,383.00852528,n00000129,Foundational Programming and Computer Systems Principles,1,0.939932,0,0,0
10370,Computer science,154,87,0,380.97581594,380.97581594,n00000129,Foundational Programming and Computer Systems Principles,1,0.997691,0,0,0
10372,Computer science,136,77,0,382.34615438,382.34615438,n00000159,Extremal and Enumerative Combinatorics in Graphs and Numbers,1,0.955638,0,0,0
10375,Computer science,128,72,0,391.33948176,391.33948176,n00000245,Statistical Inference and Probability Theory,1,0.935668,0,1,1
10379,Computer science,147,83,0,380.00363034,380.00363034,n00000129,Foundational Programming and Computer Systems Principles,1,0.473889,0,0,0
10384,Computer science,135,76,0,375.67940019,375.67940019,n00000129,Foundational Programming and Computer Systems Principles,1,0.574726,0,0,0
10386,Computer science,147,83,0,390.22650014,390.22650014,n00000196,Evaluative Statement Veracity Assessment,1,0.714094,0,0,0
10387,Computer science,136,77,0,385.39217324,385.39217324,n00000158,Discrete Probability and Combinatorial Counting,1,0.648360,0,0,0
10389,Computer science,117,66,0,402.90692123,402.90692123,n00000196,Evaluative Statement Veracity Assessment,1,0.772250,0,0,0
10392,Computer science,97,55,0,403.14121555,403.14121555,n00000196,Evaluative Statement Veracity Assessment,1,0.999984,0,0,0
10393,Computer science,154,87,0,391.80126773,391.80126773,n00000196,Evaluative Statement Veracity Assessment,1,0.800534,0,0,0
10404,Computer science,140,79,0,379.12438468,379.12438468,n00000129,Foundational Programming and Computer Systems Principles,1,0.996783,0,0,0
10405,Computer science,136,77,0,380.92006617,380.92006617,n00000129,Foundational Programming and Computer Systems Principles,1,0.600321,0,0,0
10406,Computer science,154,87,0,371.96876481,371.96876481,n00000154,Finite Group and Ring Theory Properties,1,0.854985,0,0,0
10409,Computer science,126,71,0,386.36517767,386.36517767,n00000246,Time Series Econometrics and Diagnostic Testing,1,0.689100,0,0,0
10418,Computer science,93,52,0,383.90533429,383.90533429,n00000196,Evaluative Statement Veracity Assessment,1,0.540063,0,0,0
10419,Computer science,113,63,0,404.56538528,404.56538528,n00000196,Evaluative Statement Veracity Assessment,1,0.999838,0,0,0
10423,Computer science,140,79,0,395.35320588,395.35320588,n00000245,Statistical Inference and Probability Theory,1,0.997138,0,1,1
10435,Computer science,120,68,0,383.02422418,383.02422418,n00000130,Information Theory and Digital Encoding Fundamentals,1,0.908130,0,0,0
10439,Computer science,115,65,0,382.45177281,382.45177281,n00000129,Foundational Programming and Computer Systems Principles,1,0.999755,0,0,0
10440,Computer science,154,87,0,380.60049688,380.60049688,n00000129,Foundational Programming and Computer Systems Principles,1,0.759084,0,0,0
10441,Computer science,147,83,0,371.75013657,371.75013657,n00000129,Foundational Programming and Computer Systems Principles,1,0.998287,0,0,0
10443,Computer science,115,65,0,378.49829951,378.49829951,n00000241,Numerical Ordering and Estimation Techniques,1,0.522431,0,0,0
10447,Computer science,99,55,0,386.68045671,386.68045671,n00000130,Information Theory and Digital Encoding Fundamentals,1,0.991162,0,0,0
10452,Computer science,136,77,0,399.50750671,399.50750671,n00000196,Evaluative Statement Veracity Assessment,1,0.993933,0,0,0
10455,Computer science,97,55,0,406.63262804,406.63262804,n00000196,Evaluative Statement Veracity Assessment,1,0.988207,0,0,0
10457,Computer science,135,76,0,377.40519538,377.40519538,n00000129,Foundational Programming and Computer Systems Principles,1,0.935619,0,0,0
10459,Computer science,147,83,0,381.38192489,381.38192489,n00000129,Foundational Programming and Computer Systems Principles,1,0.963032,0,0,0
10461,Computer science,108,61,0,385.89920552,385.89920552,n00000129,Foundational Programming and Computer Systems Principles,1,0.994906,0,0,0
10462,Computer science,136,77,0,386.81925938,386.81925938,n00000159,Extremal and Enumerative Combinatorics in Graphs and Numbers,1,0.998427,0,0,0
10466,Computer science,147,83,0,380.02276520,380.02276520,n00000129,Foundational Programming and Computer Systems Principles,1,0.998627,0,0,0
10467,Computer science,154,87,0,381.46963404,381.46963404,n00000129,Foundational Programming and Computer Systems Principles,1,0.999953,0,0,0
10484,Computer science,154,87,0,375.72422578,375.72422578,n00000130,Information Theory and Digital Encoding Fundamentals,1,0.984238,0,0,0
10487,Computer science,102,57,0,404.19654048,404.19654048,n00000196,Evaluative Statement Veracity Assessment,1,0.999923,0,0,0
10490,Computer science,125,70,0,403.93650227,403.93650227,n00000196,Evaluative Statement Veracity Assessment,1,0.999952,0,0,0
10493,Computer science,140,79,0,398.24335471,398.24335471,n00000196,Evaluative Statement Veracity Assessment,1,0.631334,0,1,0
10495,Computer science,140,79,0,384.15062334,384.15062334,n00000129,Foundational Programming and Computer Systems Principles,1,0.892840,0,0,0
10497,Computer science,131,74,0,378.47554599,378.47554599,n00000130,Information Theory and Digital Encoding Fundamentals,1,0.787708,0,0,0
10498,Computer science,120,68,0,380.83391226,380.83391226,n00000159,Extremal and Enumerative Combinatorics in Graphs and Numbers,1,0.978147,0,0,0
10505,Computer science,139,78,0,374.67713255,374.67713255,n00000238,Advanced Transform and Series Analysis,1,0.857782,0,0,0
10515,Computer science,128,72,0,387.63152866,387.63152866,n00000130,Information Theory and Digital Encoding Fundamentals,1,0.952374,0,0,0
10518,Computer science,149,84,0,378.42728094,378.42728094,n00000129,Foundational Programming and Computer Systems Principles,1,0.975271,0,0,0
10520,Computer science,126,71,0,384.71762526,384.71762526,n00000129,Foundational Programming and Computer Systems Principles,1,0.999957,0,0,0
10524,Computer science,128,72,0,387.64486540,387.64486540,n00000245,Statistical Inference and Probability Theory,1,0.498849,0,1,1
10526,Computer science,147,83,0,401.42874925,401.42874925,n00000196,Evaluative Statement Veracity Assessment,1,0.999934,0,0,0
10531,Computer science,124,70,0,382.46751290,382.46751290,n00000129,Foundational Programming and Computer Systems Principles,1,0.983527,0,0,0
10538,Computer science,112,63,0,384.74776054,384.74776054,n00000130,Information Theory and Digital Encoding Fundamentals,1,0.997542,0,0,0
10544,Computer science,154,87,0,373.57445954,373.57445954,n00000154,Finite Group and Ring Theory Properties,1,0.701658,0,0,0
10547,Computer science,143,81,0,391.48018046,391.48018046,n00000196,Evaluative Statement Veracity Assessment,1,0.540519,0,0,0
10558,Computer science,107,60,0,406.13576158,406.13576158,n00000196,Evaluative Statement Veracity Assessment,1,0.999845,0,0,0
10559,Computer science,136,77,0,399.33612352,399.33612352,n00000196,Evaluative Statement Veracity Assessment,1,0.999303,0,0,0
10560,Computer science,110,62,0,400.03305513,400.03305513,n00000196,Evaluative Statement Veracity Assessment,1,0.999946,0,0,0
10561,Computer science,147,83,0,394.59009454,394.59009454,n00000245,Statistical Inference and Probability Theory,1,0.529132,0,1,1
10562,Computer science,154,87,0,370.21909624,370.21909624,n00000196,Evaluative Statement Veracity Assessment,1,0.709524,0,0,0
10563,Computer science,154,87,0,374.60653556,374.60653556,n00000129,Foundational Programming and Computer Systems Principles,1,0.947720,0,0,0
10564,Computer science,110,62,0,381.59579358,381.59579358,n00000180,International Security and Legal Theory Frameworks,1,0.910718,0,0,0
10568,Computer science,131,74,0,383.10534344,383.10534344,n00000129,Foundational Programming and Computer Systems Principles,1,0.663730,0,0,0
10580,Computer science,147,83,0,385.00489502,385.00489502,n00000129,Foundational Programming and Computer Systems Principles,1,0.999165,0,0,0
10581,Computer science,131,74,0,384.45558466,384.45558466,n00000155,Applied Algebraic and Analytic Computations,1,0.415829,0,0,0
10583,Computer science,147,83,0,386.83468502,386.83468502,n00000129,Foundational Programming and Computer Systems Principles,1,0.626646,0,0,0
10585,Computer science,147,83,0,397.56228212,397.56228212,n00000232,Applied Business Percentage Calculations,1,0.936825,0,0,0
10587,Computer science,147,83,0,382.09411731,382.09411731,n00000129,Foundational Programming and Computer Systems Principles,1,0.994157,0,0,0
10592,Computer science,149,84,0,371.58689463,371.58689463,n00000037,Thermodynamic and Heat Transfer Analysis,1,0.786673,0,1,1
10595,Computer science,140,79,0,373.66123871,373.66123871,n00000187,Age-Related Health Determinants and Epidemiology,1,0.803484,0,0,0
10603,Computer science,97,55,0,407.50347016,407.50347016,n00000196,Evaluative Statement Veracity Assessment,1,0.999931,0,0,0
10607,Computer science,147,83,0,372.44153781,372.44153781,n00000130,Information Theory and Digital Encoding Fundamentals,1,0.896774,0,0,0
10610,Computer science,154,87,0,366.94626787,366.94626787,n00000037,Thermodynamic and Heat Transfer Analysis,1,0.308335,0,1,1
10616,Computer science,136,77,0,381.79296654,381.79296654,n00000129,Foundational Programming and Computer Systems Principles,1,0.934668,0,0,0
10622,Computer science,128,72,0,378.54533955,378.54533955,n00000129,Foundational Programming and Computer Systems Principles,1,0.984328,0,0,0
10623,Computer science,68,38,0,384.05056411,384.05056411,n00000159,Extremal and Enumerative Combinatorics in Graphs and Numbers,1,0.684837,0,0,0
10625,Computer science,133,75,0,377.72263502,377.72263502,n00000129,Foundational Programming and Computer Systems Principles,1,0.966688,0,0,0
10627,Computer science,143,81,0,390.78362037,390.78362037,n00000196,Evaluative Statement Veracity Assessment,1,0.537123,0,0,0
10630,Computer science,110,62,0,394.95155750,394.95155750,n00000196,Evaluative Statement Veracity Assessment,1,0.999981,0,0,0
10631,Computer science,140,79,0,400.61659787,400.61659787,n00000196,Evaluative Statement Veracity Assessment,1,0.999995,0,0,0
10633,Computer science,133,75,0,396.48743068,396.48743068,n00000196,Evaluative Statement Veracity Assessment,1,0.995466,0,0,0
10637,Computer science,147,83,0,372.50693308,372.50693308,n00000129,Foundational Programming and Computer Systems Principles,1,0.990486,0,0,0
10638,Computer science,126,71,0,390.75968525,390.75968525,n00000196,Evaluative Statement Veracity Assessment,1,0.875267,0,0,0
10642,Computer science,120,68,0,386.34442064,386.34442064,n00000159,Extremal and Enumerative Combinatorics in Graphs and Numbers,1,0.897111,0,0,0
10644,Computer science,143,81,0,381.85198604,381.85198604,n00000245,Statistical Inference and Probability Theory,1,0.736915,0,1,1
10645,Computer science,142,80,0,380.00264972,380.00264972,n00000130,Information Theory and Digital Encoding Fundamentals,1,0.985346,0,0,0
10646,Computer science,131,74,0,383.94196558,383.94196558,n00000130,Information Theory and Digital Encoding Fundamentals,1,0.465574,0,1,0
10651,Computer science,121,68,0,383.42896847,383.42896847,n00000130,Information Theory and Digital Encoding Fundamentals,1,0.999645,0,0,0
10653,Computer science,136,77,0,398.23749425,398.23749425,n00000196,Evaluative Statement Veracity Assessment,1,0.783809,0,0,0
10654,Computer science,147,83,0,377.32707126,377.32707126,n00000128,Algebraic Structure Properties and Isomorphisms,1,0.943000,0,0,0
10655,Computer science,118,66,0,391.81659870,391.81659870,n00000196,Evaluative Statement Veracity Assessment,1,0.601276,0,0,0
10656,Computer science,140,79,0,376.80067911,376.80067911,n00000129,Foundational Programming and Computer Systems Principles,1,0.943072,0,0,0
10659,Computer science,147,83,0,375.02840497,375.02840497,n00000130,Information Theory and Digital Encoding Fundamentals,1,0.722262,0,0,0
10660,Computer science,154,87,0,379.42659929,379.42659929,n00000130,Information Theory and Digital Encoding Fundamentals,1,0.648059,0,0,0
10663,Computer science,140,79,0,393.53348711,393.53348711,n00000245,Statistical Inference and Probability Theory,1,0.451866,0,1,1
10672,Computer science,125,71,0,378.00436618,378.00436618,n00000161,Normal and Sampling Distribution Applications,1,0.623210,0,0,0
10675,Computer science,136,77,0,389.30034496,389.30034496,n00000159,Extremal and Enumerative Combinatorics in Graphs and Numbers,1,0.997847,0,0,0
10678,Computer science,99,55,0,381.43604633,381.43604633,n00000155,Applied Algebraic and Analytic Computations,1,0.994646,0,0,0
10681,Computer science,154,87,0,377.27558061,377.27558061,n00000130,Information Theory and Digital Encoding Fundamentals,1,0.782924,0,0,0
10685,Computer science,119,67,0,398.32614052,398.32614052,n00000196,Evaluative Statement Veracity Assessment,1,0.738249,0,0,0
10686,Computer science,154,87,0,379.30609431,379.30609431,n00000181,Comparative Economic Systems and Critiques,1,0.580795,0,0,0
10689,Computer science,154,87,0,381.61766854,381.61766854,n00000129,Foundational Programming and Computer Systems Principles,1,0.773463,0,0,0
10693,Computer science,103,58,0,399.68124983,399.68124983,n00000196,Evaluative Statement Veracity Assessment,1,0.998837,0,0,0
10694,Computer science,147,83,0,389.42625492,389.42625492,n00000196,Evaluative Statement Veracity Assessment,1,0.895365,0,0,0
10702,Computer science,87,48,0,386.54822485,386.54822485,n00000159,Extremal and Enumerative Combinatorics in Graphs and Numbers,1,0.909124,0,0,0
10704,Computer science,154,87,0,381.53371721,381.53371721,n00000129,Foundational Programming and Computer Systems Principles,1,0.998677,0,0,0
10710,Computer science,131,74,0,380.23197493,380.23197493,n00000241,Numerical Ordering and Estimation Techniques,1,0.278632,0,0,0
10715,Computer science,126,71,0,384.18839601,384.18839601,n00000129,Foundational Programming and Computer Systems Principles,1,0.375898,0,1,0
10717,Computer science,115,64,0,380.04619079,380.04619079,n00000154,Finite Group and Ring Theory Properties,1,0.513107,0,0,0
10722,Computer science,115,65,0,383.75100016,383.75100016,n00000154,Finite Group and Ring Theory Properties,1,0.952226,0,0,0
10723,Computer science,154,87,0,381.61797195,381.61797195,n00000129,Foundational Programming and Computer Systems Principles,1,0.843374,0,0,0
10725,Computer science,134,75,0,384.15175205,384.15175205,n00000130,Information Theory and Digital Encoding Fundamentals,1,0.986289,0,0,0
10729,Computer science,136,77,0,389.17063882,389.17063882,n00000245,Statistical Inference and Probability Theory,1,0.771028,0,1,1
10731,Computer science,147,83,0,396.38325713,396.38325713,n00000196,Evaluative Statement Veracity Assessment,1,0.997899,0,0,0
10735,Computer science,140,79,0,381.04736298,381.04736298,n00000129,Foundational Programming and Computer Systems Principles,1,0.613096,0,0,0
10740,Computer science,94,53,0,378.86634246,378.86634246,n00000193,Transmission Line and Wave Propagation Analysis,1,0.520765,0,0,0
10748,Computer science,147,83,0,385.30409248,385.30409248,n00000129,Foundational Programming and Computer Systems Principles,1,0.990789,0,0,0
10751,Computer science,132,75,0,380.02177532,380.02177532,n00000154,Finite Group and Ring Theory Properties,1,0.533086,0,0,0
10754,Computer science,100,56,0,381.17007390,381.17007390,n00000129,Foundational Programming and Computer Systems Principles,1,0.999824,0,0,0
10759,Computer science,108,61,0,414.63027489,414.63027489,n00000196,Evaluative Statement Veracity Assessment,1,0.999878,0,0,0
10763,Computer science,131,74,0,372.58147835,372.58147835,n00000129,Foundational Programming and Computer Systems Principles,1,0.998740,0,0,0
10765,Computer science,136,77,0,380.49352175,380.49352175,n00000130,Information Theory and Digital Encoding Fundamentals,1,0.914453,0,0,0
10773,Computer science,147,83,0,378.33690687,378.33690687,n00000129,Foundational Programming and Computer Systems Principles,1,0.999910,0,0,0
-1007468,Economics,115,65,0,412.11609052,412.11609052,n00000196,Evaluative Statement Veracity Assessment,1,0.990171,0,0,0
-1007393,Economics,97,55,0,398.75615514,398.75615514,n00000077,Foundational Microeconomic Principles and Models,1,0.998209,0,0,0
-1007257,Economics,129,73,0,409.91744493,409.91744493,n00000196,Evaluative Statement Veracity Assessment,1,0.998527,0,0,0
6826,Economics,98,55,0,392.27748976,392.27748976,n00000318,Macroeconomic Aggregates and Income Accounting,1,0.998611,0,1,1
6832,Economics,74,42,0,403.16483551,403.16483551,n00000317,Fiscal Policy Mechanisms and Stabilization,1,0.991730,0,0,0
6834,Economics,140,79,0,397.55250715,397.55250715,n00000265,Microeconomic Production and Cost Optimization,1,0.999139,0,0,0
6839,Economics,30,16,0,383.49294785,383.49294785,n00000266,Market Equilibrium and Price Mechanism Analysis,1,0.930808,0,0,0
6841,Economics,140,79,0,385.45494205,385.45494205,n00000222,Cognitive and Perceptual Learning Mechanisms,1,0.616985,0,1,1
6842,Economics,95,54,0,380.17705279,380.17705279,n00000181,Comparative Economic Systems and Critiques,1,0.706139,0,0,0
6844,Economics,140,79,0,388.86433227,388.86433227,n00000246,Time Series Econometrics and Diagnostic Testing,1,0.547486,0,0,0
6850,Economics,40,22,0,392.11895249,392.11895249,n00000077,Foundational Microeconomic Principles and Models,1,0.996967,0,0,0
6855,Economics,76,43,0,405.34876917,405.34876917,n00000077,Foundational Microeconomic Principles and Models,1,0.999642,0,0,0
6857,Economics,77,43,0,396.85565524,396.85565524,n00000181,Comparative Economic Systems and Critiques,1,0.941375,0,0,0
6861,Economics,30,16,0,396.08493324,396.08493324,n00000202,Monetary Policy Mechanisms and Money Supply Dynamics,1,0.998281,0,0,0
6862,Economics,107,60,0,392.59948350,392.59948350,n00000077,Foundational Microeconomic Principles and Models,1,0.981530,0,0,0
6864,Economics,47,26,0,393.93268812,393.93268812,n00000202,Monetary Policy Mechanisms and Money Supply Dynamics,1,0.999795,0,0,0
6865,Economics,95,54,0,390.33831184,390.33831184,n00000077,Foundational Microeconomic Principles and Models,1,0.875996,0,0,0
6866,Economics,30,16,0,387.61387592,387.61387592,n00000317,Fiscal Policy Mechanisms and Stabilization,1,0.880094,0,0,0
6867,Economics,100,56,0,389.56094075,389.56094075,n00000265,Microeconomic Production and Cost Optimization,1,0.946541,0,0,0
6868,Economics,87,49,0,382.42507241,382.42507241,n00000317,Fiscal Policy Mechanisms and Stabilization,1,0.656188,0,1,0
6876,Economics,79,44,0,388.79130183,388.79130183,n00000265,Microeconomic Production and Cost Optimization,1,0.999761,0,0,0
6877,Economics,104,59,0,400.57699351,400.57699351,n00000077,Foundational Microeconomic Principles and Models,1,0.998339,0,0,0
6878,Economics,84,48,0,398.15226799,398.15226799,n00000077,Foundational Microeconomic Principles and Models,1,0.912145,0,0,0
6879,Economics,108,61,0,401.55051126,401.55051126,n00000077,Foundational Microeconomic Principles and Models,1,0.983802,0,0,0
6881,Economics,30,16,0,395.94039368,395.94039368,n00000317,Fiscal Policy Mechanisms and Stabilization,1,0.999840,0,0,0
6882,Economics,107,60,0,394.63277858,394.63277858,n00000077,Foundational Microeconomic Principles and Models,1,0.999624,0,0,0
6883,Economics,82,45,0,411.29148642,411.29148642,n00000151,Consumer Loan Interest Calculation,1,0.920806,0,0,0
6888,Economics,77,44,0,391.48643024,391.48643024,n00000265,Microeconomic Production and Cost Optimization,1,0.958482,0,0,0
6889,Economics,30,16,0,402.00825455,402.00825455,n00000202,Monetary Policy Mechanisms and Money Supply Dynamics,1,0.995369,0,0,0
6892,Economics,108,61,0,398.49780261,398.49780261,n00000318,Macroeconomic Aggregates and Income Accounting,1,0.999979,0,1,1
6894,Economics,77,43,0,387.10404484,387.10404484,n00000318,Macroeconomic Aggregates and Income Accounting,1,0.999569,0,1,1
6895,Economics,143,81,0,394.51959058,394.51959058,n00000318,Macroeconomic Aggregates and Income Accounting,1,0.994805,0,1,1
6896,Economics,115,65,0,388.94625180,388.94625180,n00000202,Monetary Policy Mechanisms and Money Supply Dynamics,1,0.692849,0,0,0
6897,Economics,72,41,0,391.17541438,391.17541438,n00000265,Microeconomic Production and Cost Optimization,1,0.533297,0,0,0
6898,Economics,51,28,0,398.62649281,398.62649281,n00000202,Monetary Policy Mechanisms and Money Supply Dynamics,1,0.999914,0,0,0
6900,Economics,126,71,0,397.34440772,397.34440772,n00000265,Microeconomic Production and Cost Optimization,1,0.589056,0,0,0
6904,Economics,90,51,0,374.11660802,374.11660802,n00000184,Exclusion-Based Fact Verification Tasks,1,0.812939,0,0,0
6906,Economics,140,79,0,377.57198867,377.57198867,n00000266,Market Equilibrium and Price Mechanism Analysis,1,0.985880,0,0,0
6907,Economics,95,54,0,395.02416604,395.02416604,n00000265,Microeconomic Production and Cost Optimization,1,0.993360,0,0,0
6909,Economics,147,83,0,382.95402821,382.95402821,n00000245,Statistical Inference and Probability Theory,1,0.959374,0,1,1
6912,Economics,114,64,0,391.48096351,391.48096351,n00000265,Microeconomic Production and Cost Optimization,1,0.810453,0,0,0
6917,Economics,147,83,0,385.78101084,385.78101084,n00000246,Time Series Econometrics and Diagnostic Testing,1,0.996072,0,0,0
6918,Economics,76,43,0,409.65787853,409.65787853,n00000077,Foundational Microeconomic Principles and Models,1,0.999815,0,0,0
6923,Economics,110,61,0,394.45974182,394.45974182,n00000265,Microeconomic Production and Cost Optimization,1,0.996151,0,0,0
6925,Economics,43,24,0,386.95875284,386.95875284,n00000317,Fiscal Policy Mechanisms and Stabilization,1,0.679955,0,0,0
6928,Economics,95,54,0,383.38196402,383.38196402,n00000077,Foundational Microeconomic Principles and Models,1,0.823956,0,0,0
6935,Economics,79,45,0,383.50818402,383.50818402,n00000317,Fiscal Policy Mechanisms and Stabilization,1,0.864376,0,0,0
6937,Economics,87,49,0,398.56424801,398.56424801,n00000077,Foundational Microeconomic Principles and Models,1,0.999586,0,0,0
6938,Economics,133,75,0,380.38398384,380.38398384,n00000318,Macroeconomic Aggregates and Income Accounting,1,0.559993,0,1,1
6940,Economics,100,56,0,410.11052314,410.11052314,n00000151,Consumer Loan Interest Calculation,1,0.995497,0,0,0
6947,Economics,55,31,0,375.11167291,375.11167291,n00000317,Fiscal Policy Mechanisms and Stabilization,1,0.927852,0,0,0
6948,Economics,125,70,0,392.90780514,392.90780514,n00000266,Market Equilibrium and Price Mechanism Analysis,1,0.596997,0,0,0
6950,Economics,115,65,0,380.05511127,380.05511127,n00000078,Corporate Governance and Regulatory Compliance Principles,1,0.445280,0,0,0
6953,Economics,46,25,0,404.20645707,404.20645707,n00000077,Foundational Microeconomic Principles and Models,1,0.878427,0,0,0
6955,Economics,87,49,0,386.70113457,386.70113457,n00000318,Macroeconomic Aggregates and Income Accounting,1,0.992428,0,1,1
6956,Economics,30,16,0,394.97617393,394.97617393,n00000202,Monetary Policy Mechanisms and Money Supply Dynamics,1,0.997127,0,0,0
6959,Economics,30,16,0,393.83032070,393.83032070,n00000317,Fiscal Policy Mechanisms and Stabilization,1,0.995196,0,0,0
6960,Economics,33,18,0,388.82944887,388.82944887,n00000317,Fiscal Policy Mechanisms and Stabilization,1,0.999944,0,0,0
6961,Economics,154,87,0,371.64772689,371.64772689,n00000185,Cultural and Historical Trivia Identification,1,0.381758,0,1,0
6962,Economics,110,62,0,389.73984903,389.73984903,n00000233,Quantitative Business Profit and Inventory Optimization,1,0.496419,0,0,0
6964,Economics,17,9,0,403.64385908,403.64385908,n00000202,Monetary Policy Mechanisms and Money Supply Dynamics,1,0.999087,0,0,0
6967,Economics,30,16,0,398.36282924,398.36282924,n00000202,Monetary Policy Mechanisms and Money Supply Dynamics,1,0.999826,0,0,0
6971,Economics,83,46,0,395.15512649,395.15512649,n00000318,Macroeconomic Aggregates and Income Accounting,1,0.992812,0,1,1
6979,Economics,136,77,0,386.90630447,386.90630447,n00000265,Microeconomic Production and Cost Optimization,1,0.994863,0,0,0
6981,Economics,98,55,0,397.09162167,397.09162167,n00000232,Applied Business Percentage Calculations,1,0.976742,0,0,0
6984,Economics,71,40,0,399.71703015,399.71703015,n00000077,Foundational Microeconomic Principles and Models,1,0.966425,0,0,0
6985,Economics,147,83,0,403.34705918,403.34705918,n00000184,Exclusion-Based Fact Verification Tasks,1,0.532807,0,0,0
6987,Economics,140,79,0,392.69010671,392.69010671,n00000265,Microeconomic Production and Cost Optimization,1,0.999871,0,0,0
6988,Economics,147,83,0,382.81076611,382.81076611,n00000246,Time Series Econometrics and Diagnostic Testing,1,0.999354,0,0,0
6989,Economics,104,59,0,390.50859234,390.50859234,n00000077,Foundational Microeconomic Principles and Models,1,0.959808,0,0,0
6990,Economics,133,75,0,383.57371346,383.57371346,n00000246,Time Series Econometrics and Diagnostic Testing,1,0.999375,0,0,0
7000,Economics,71,39,0,396.78601958,396.78601958,n00000318,Macroeconomic Aggregates and Income Accounting,1,0.742598,0,1,1
7002,Economics,118,67,0,378.99697904,378.99697904,n00000318,Macroeconomic Aggregates and Income Accounting,1,0.736440,0,1,1
7005,Economics,114,64,0,393.89016745,393.89016745,n00000077,Foundational Microeconomic Principles and Models,1,0.997435,0,0,0
7008,Economics,84,48,0,380.70211514,380.70211514,n00000184,Exclusion-Based Fact Verification Tasks,1,0.482332,0,0,0
7011,Economics,76,43,0,397.88777763,397.88777763,n00000077,Foundational Microeconomic Principles and Models,1,0.999004,0,0,0
7016,Economics,97,55,0,387.71643231,387.71643231,n00000265,Microeconomic Production and Cost Optimization,1,0.997326,0,0,0
7017,Economics,42,23,0,385.35456967,385.35456967,n00000202,Monetary Policy Mechanisms and Money Supply Dynamics,1,0.997177,0,0,0
7030,Economics,45,25,0,390.58781135,390.58781135,n00000317,Fiscal Policy Mechanisms and Stabilization,1,0.872288,0,0,0
7036,Economics,84,48,0,388.37087425,388.37087425,n00000318,Macroeconomic Aggregates and Income Accounting,1,0.896981,0,1,1
7037,Economics,78,43,0,425.95977477,425.95977477,n00000151,Consumer Loan Interest Calculation,1,0.996527,0,0,0
7038,Economics,46,25,0,386.00209829,386.00209829,n00000318,Macroeconomic Aggregates and Income Accounting,1,0.533768,0,1,1
7042,Economics,147,83,0,392.69519421,392.69519421,n00000265,Microeconomic Production and Cost Optimization,1,0.999753,0,0,0
7043,Economics,115,65,0,397.09766068,397.09766068,n00000077,Foundational Microeconomic Principles and Models,1,0.929998,0,0,0
7045,Economics,129,73,0,393.77462097,393.77462097,n00000077,Foundational Microeconomic Principles and Models,1,0.769745,0,0,0
7054,Economics,88,50,0,382.92235311,382.92235311,n00000266,Market Equilibrium and Price Mechanism Analysis,1,0.857027,0,0,0
7055,Economics,108,61,0,388.63306985,388.63306985,n00000266,Market Equilibrium and Price Mechanism Analysis,1,0.994037,0,0,0
7060,Economics,126,71,0,399.24385114,399.24385114,n00000196,Evaluative Statement Veracity Assessment,1,0.602236,0,0,0
7065,Economics,104,59,0,384.01205264,384.01205264,n00000077,Foundational Microeconomic Principles and Models,1,0.803891,0,0,0
7068,Economics,125,70,0,386.06399458,386.06399458,n00000246,Time Series Econometrics and Diagnostic Testing,1,0.988165,0,0,0
7073,Economics,44,24,0,397.10772423,397.10772423,n00000318,Macroeconomic Aggregates and Income Accounting,1,0.995602,0,1,1
7076,Economics,115,65,0,403.39437278,403.39437278,n00000077,Foundational Microeconomic Principles and Models,1,0.885540,0,0,0
7080,Economics,78,43,0,395.23010995,395.23010995,n00000202,Monetary Policy Mechanisms and Money Supply Dynamics,1,0.998850,0,0,0
7082,Economics,115,65,0,395.57083871,395.57083871,n00000077,Foundational Microeconomic Principles and Models,1,0.987784,0,0,0
7084,Economics,92,51,0,406.44665397,406.44665397,n00000318,Macroeconomic Aggregates and Income Accounting,1,0.715851,0,1,1
7087,Economics,76,43,0,402.81812639,402.81812639,n00000077,Foundational Microeconomic Principles and Models,1,0.591286,0,0,0
7092,Economics,135,76,0,399.92986865,399.92986865,n00000077,Foundational Microeconomic Principles and Models,1,0.346479,0,1,0
7094,Economics,84,48,0,393.18361565,393.18361565,n00000077,Foundational Microeconomic Principles and Models,1,0.982733,0,0,0
7100,Economics,125,71,0,392.94262426,392.94262426,n00000077,Foundational Microeconomic Principles and Models,1,0.977620,0,0,0
7106,Economics,50,28,0,393.73640804,393.73640804,n00000317,Fiscal Policy Mechanisms and Stabilization,1,0.967770,0,0,0
7110,Economics,89,50,0,387.04565835,387.04565835,n00000266,Market Equilibrium and Price Mechanism Analysis,1,0.991706,0,0,0
7112,Economics,104,59,0,388.63453386,388.63453386,n00000265,Microeconomic Production and Cost Optimization,1,0.976395,0,0,0
7113,Economics,66,38,0,393.78324287,393.78324287,n00000266,Market Equilibrium and Price Mechanism Analysis,1,0.950456,0,0,0
7119,Economics,78,44,0,390.18949587,390.18949587,n00000266,Market Equilibrium and Price Mechanism Analysis,1,0.992904,0,0,0
7127,Economics,95,54,0,392.27376362,392.27376362,n00000077,Foundational Microeconomic Principles and Models,1,0.999879,0,0,0
7129,Economics,108,61,0,388.58402061,388.58402061,n00000077,Foundational Microeconomic Principles and Models,1,0.936823,0,0,0
7138,Economics,65,37,0,392.42531203,392.42531203,n00000077,Foundational Microeconomic Principles and Models,1,0.859979,0,0,0
7139,Economics,95,54,0,390.04318953,390.04318953,n00000077,Foundational Microeconomic Principles and Models,1,0.999240,0,0,0
7148,Economics,66,37,0,406.44375387,406.44375387,n00000317,Fiscal Policy Mechanisms and Stabilization,1,0.549025,0,0,0
7153,Economics,25,13,0,398.78893624,398.78893624,n00000202,Monetary Policy Mechanisms and Money Supply Dynamics,1,0.999810,0,0,0
7157,Economics,41,22,0,391.19682751,391.19682751,n00000318,Macroeconomic Aggregates and Income Accounting,1,0.999963,0,1,1
7160,Economics,104,58,0,390.31815047,390.31815047,n00000242,Elementary Algebraic and Arithmetic Operations,1,0.875702,0,0,0
7164,Economics,30,16,0,394.67868700,394.67868700,n00000202,Monetary Policy Mechanisms and Money Supply Dynamics,1,0.995772,0,0,0
7165,Economics,56,32,0,390.32155526,390.32155526,n00000317,Fiscal Policy Mechanisms and Stabilization,1,0.952579,0,0,0
7170,Economics,17,9,0,384.26089824,384.26089824,n00000266,Market Equilibrium and Price Mechanism Analysis,1,0.993849,0,0,0
7171,Economics,115,65,0,385.68222444,385.68222444,n00000181,Comparative Economic Systems and Critiques,1,0.880970,0,0,0
7173,Economics,77,44,0,403.03912970,403.03912970,n00000265,Microeconomic Production and Cost Optimization,1,0.992186,0,0,0
7179,Economics,122,69,0,388.96460810,388.96460810,n00000246,Time Series Econometrics and Diagnostic Testing,1,0.993137,0,0,0
7180,Economics,136,77,0,385.98572034,385.98572034,n00000318,Macroeconomic Aggregates and Income Accounting,1,0.809301,0,1,1
7181,Economics,133,75,0,394.64413385,394.64413385,n00000246,Time Series Econometrics and Diagnostic Testing,1,0.984712,0,0,0
7185,Economics,122,69,0,390.69572836,390.69572836,n00000246,Time Series Econometrics and Diagnostic Testing,1,0.996427,0,0,0
7190,Economics,111,62,0,402.72035723,402.72035723,n00000202,Monetary Policy Mechanisms and Money Supply Dynamics,1,0.733848,0,0,0
7194,Economics,105,59,0,398.35931751,398.35931751,n00000318,Macroeconomic Aggregates and Income Accounting,1,0.994885,0,1,1
7205,Economics,95,54,0,399.51776417,399.51776417,n00000077,Foundational Microeconomic Principles and Models,1,0.679848,0,0,0
7208,Economics,115,65,0,391.24147954,391.24147954,n00000202,Monetary Policy Mechanisms and Money Supply Dynamics,1,0.998519,0,0,0
7210,Economics,81,45,0,388.13492265,388.13492265,n00000318,Macroeconomic Aggregates and Income Accounting,1,0.978792,0,1,1
7211,Economics,82,46,0,409.21568216,409.21568216,n00000151,Consumer Loan Interest Calculation,1,0.583111,0,1,0
7212,Economics,45,25,0,396.33752703,396.33752703,n00000077,Foundational Microeconomic Principles and Models,1,0.903032,0,0,0
7218,Economics,98,55,0,393.11287882,393.11287882,n00000318,Macroeconomic Aggregates and Income Accounting,1,0.995565,0,1,1
7219,Economics,95,54,0,376.95823547,376.95823547,n00000183,Demographic Behavior and Public Opinion Metrics,1,0.922938,0,0,0
7231,Economics,90,51,0,378.12526410,378.12526410,n00000218,Developmental and Social Psychological Mechanisms,1,0.915145,0,0,0
7234,Economics,50,27,0,403.41311426,403.41311426,n00000202,Monetary Policy Mechanisms and Money Supply Dynamics,1,0.997601,0,0,0
7239,Economics,40,22,0,390.36498323,390.36498323,n00000266,Market Equilibrium and Price Mechanism Analysis,1,0.990297,0,0,0
7246,Economics,143,81,0,387.61634306,387.61634306,n00000265,Microeconomic Production and Cost Optimization,1,0.502955,0,0,0
7250,Economics,98,55,0,376.42716539,376.42716539,n00000077,Foundational Microeconomic Principles and Models,1,0.928170,0,0,0
7253,Economics,46,25,0,417.62410199,417.62410199,n00000151,Consumer Loan Interest Calculation,1,0.805725,0,0,0
7256,Economics,68,37,0,412.61076578,412.61076578,n00000202,Monetary Policy Mechanisms and Money Supply Dynamics,1,0.583280,0,0,0
7257,Economics,76,43,0,403.80287919,403.80287919,n00000077,Foundational Microeconomic Principles and Models,1,0.999992,0,0,0
7260,Economics,90,51,0,387.55888462,387.55888462,n00000266,Market Equilibrium and Price Mechanism Analysis,1,0.998602,0,0,0
7261,Economics,131,74,0,389.15842264,389.15842264,n00000233,Quantitative Business Profit and Inventory Optimization,1,0.998451,0,0,0
7263,Economics,25,13,0,394.13283091,394.13283091,n00000202,Monetary Policy Mechanisms and Money Supply Dynamics,1,0.820203,0,0,0
7278,Economics,126,71,0,402.51255501,402.51255501,n00000077,Foundational Microeconomic Principles and Models,1,0.957481,0,0,0
7279,Economics,51,28,0,407.23116267,407.23116267,n00000077,Foundational Microeconomic Principles and Models,1,0.997116,0,0,0
7280,Economics,64,36,0,407.12012171,407.12012171,n00000077,Foundational Microeconomic Principles and Models,1,0.999886,0,0,0
7283,Economics,108,61,0,391.16352280,391.16352280,n00000265,Microeconomic Production and Cost Optimization,1,0.986680,0,0,0
7286,Economics,133,75,0,405.64955602,405.64955602,n00000202,Monetary Policy Mechanisms and Money Supply Dynamics,1,0.965975,0,0,0
7287,Economics,136,77,0,391.40980716,391.40980716,n00000318,Macroeconomic Aggregates and Income Accounting,1,0.982466,0,1,1
7288,Economics,143,81,0,382.30254050,382.30254050,n00000182,Global Socioeconomic and Health Indicators,1,0.558971,0,0,0
7290,Economics,25,13,0,396.53888919,396.53888919,n00000317,Fiscal Policy Mechanisms and Stabilization,1,0.635798,0,0,0
7296,Economics,25,13,0,398.60702024,398.60702024,n00000202,Monetary Policy Mechanisms and Money Supply Dynamics,1,0.999883,0,0,0
7318,Economics,108,61,0,388.92447768,388.92447768,n00000265,Microeconomic Production and Cost Optimization,1,0.895186,0,0,0
7319,Economics,154,87,0,385.88263951,385.88263951,n00000246,Time Series Econometrics and Diagnostic Testing,1,0.999511,0,0,0
7321,Economics,77,43,0,393.80510282,393.80510282,n00000077,Foundational Microeconomic Principles and Models,1,0.996527,0,0,0
7324,Economics,88,50,0,388.15548598,388.15548598,n00000266,Market Equilibrium and Price Mechanism Analysis,1,0.999277,0,0,0
7330,Economics,122,69,0,388.45127404,388.45127404,n00000077,Foundational Microeconomic Principles and Models,1,0.729605,0,0,0
7335,Economics,95,54,0,379.49167004,379.49167004,n00000183,Demographic Behavior and Public Opinion Metrics,1,0.926667,0,0,0
7338,Economics,30,16,0,390.35593101,390.35593101,n00000317,Fiscal Policy Mechanisms and Stabilization,1,0.681400,0,1,0
7339,Economics,61,33,0,406.07935158,406.07935158,n00000202,Monetary Policy Mechanisms and Money Supply Dynamics,1,0.684919,0,0,0
7340,Economics,30,16,0,391.75059348,391.75059348,n00000318,Macroeconomic Aggregates and Income Accounting,1,0.995712,0,1,1
7345,Economics,30,16,0,404.34875208,404.34875208,n00000202,Monetary Policy Mechanisms and Money Supply Dynamics,1,0.999933,0,0,0
7347,Economics,25,13,0,391.81235879,391.81235879,n00000317,Fiscal Policy Mechanisms and Stabilization,1,0.997083,0,0,0
7350,Economics,67,38,0,394.26483950,394.26483950,n00000202,Monetary Policy Mechanisms and Money Supply Dynamics,1,0.524522,0,0,0
7356,Economics,62,35,0,388.70603882,388.70603882,n00000318,Macroeconomic Aggregates and Income Accounting,1,0.996711,0,1,1
7359,Economics,17,9,0,387.42330312,387.42330312,n00000202,Monetary Policy Mechanisms and Money Supply Dynamics,1,0.705850,0,0,0
7365,Economics,84,48,0,382.14017920,382.14017920,n00000077,Foundational Microeconomic Principles and Models,1,0.526812,0,0,0
7367,Economics,108,61,0,398.97619143,398.97619143,n00000233,Quantitative Business Profit and Inventory Optimization,1,0.989013,0,0,0
7376,Economics,147,83,0,383.90180867,383.90180867,n00000245,Statistical Inference and Probability Theory,1,0.995553,0,1,1
7380,Economics,140,79,0,383.03778134,383.03778134,n00000078,Corporate Governance and Regulatory Compliance Principles,1,0.724584,0,0,0
7382,Economics,122,69,0,387.31067284,387.31067284,n00000077,Foundational Microeconomic Principles and Models,1,0.986090,0,0,0
7383,Economics,30,16,0,392.09843465,392.09843465,n00000318,Macroeconomic Aggregates and Income Accounting,1,0.998651,0,1,1
7387,Economics,43,24,0,390.03745991,390.03745991,n00000317,Fiscal Policy Mechanisms and Stabilization,1,0.835349,0,0,0
7388,Economics,43,24,0,390.33142728,390.33142728,n00000317,Fiscal Policy Mechanisms and Stabilization,1,0.996844,0,0,0
7392,Economics,154,87,0,382.37523651,382.37523651,n00000077,Foundational Microeconomic Principles and Models,1,0.989479,0,0,0
7393,Economics,108,61,0,405.47636670,405.47636670,n00000151,Consumer Loan Interest Calculation,1,0.960837,0,0,0
7405,Economics,88,50,0,394.82181361,394.82181361,n00000202,Monetary Policy Mechanisms and Money Supply Dynamics,1,0.992521,0,0,0
7409,Economics,51,28,0,385.99369013,385.99369013,n00000266,Market Equilibrium and Price Mechanism Analysis,1,0.988081,0,0,0
7411,Economics,71,40,0,393.62853119,393.62853119,n00000077,Foundational Microeconomic Principles and Models,1,0.999842,0,0,0
7417,Economics,66,37,0,390.20243599,390.20243599,n00000317,Fiscal Policy Mechanisms and Stabilization,1,0.947820,0,0,0
7423,Economics,59,33,0,389.07375787,389.07375787,n00000317,Fiscal Policy Mechanisms and Stabilization,1,0.899864,0,0,0
7424,Economics,59,33,0,391.24044169,391.24044169,n00000318,Macroeconomic Aggregates and Income Accounting,1,0.988946,0,1,1
7427,Economics,30,16,0,392.67900781,392.67900781,n00000317,Fiscal Policy Mechanisms and Stabilization,1,0.747404,0,1,0
7432,Economics,77,44,0,392.62329952,392.62329952,n00000202,Monetary Policy Mechanisms and Money Supply Dynamics,1,0.999926,0,0,0
7433,Economics,92,51,0,392.39325967,392.39325967,n00000265,Microeconomic Production and Cost Optimization,1,0.936217,0,0,0
7438,Economics,92,52,0,390.03207186,390.03207186,n00000266,Market Equilibrium and Price Mechanism Analysis,1,0.996293,0,0,0
7439,Economics,108,61,0,387.84631785,387.84631785,n00000265,Microeconomic Production and Cost Optimization,1,0.583512,0,0,0
7449,Economics,147,83,0,380.28931328,380.28931328,n00000246,Time Series Econometrics and Diagnostic Testing,1,0.999697,0,0,0
7454,Economics,99,55,0,393.05523106,393.05523106,n00000318,Macroeconomic Aggregates and Income Accounting,1,0.992683,0,1,1
7461,Economics,115,65,0,387.60158324,387.60158324,n00000181,Comparative Economic Systems and Critiques,1,0.547711,0,0,0
7462,Economics,118,66,0,407.33639421,407.33639421,n00000151,Consumer Loan Interest Calculation,1,0.998263,0,0,0
7463,Economics,30,16,0,399.44799108,399.44799108,n00000317,Fiscal Policy Mechanisms and Stabilization,1,0.742456,0,0,0
7467,Economics,69,38,0,394.52779796,394.52779796,n00000077,Foundational Microeconomic Principles and Models,1,0.999779,0,0,0
7473,Economics,61,33,0,408.24165120,408.24165120,n00000151,Consumer Loan Interest Calculation,1,0.999967,0,0,0
7478,Economics,136,77,0,378.60382126,378.60382126,n00000317,Fiscal Policy Mechanisms and Stabilization,1,0.977028,0,0,0
7484,Economics,38,21,0,388.42122772,388.42122772,n00000202,Monetary Policy Mechanisms and Money Supply Dynamics,1,0.951810,0,0,0
7486,Economics,90,51,0,393.32665374,393.32665374,n00000077,Foundational Microeconomic Principles and Models,1,0.974499,0,0,0
7493,Economics,58,33,0,389.47852646,389.47852646,n00000317,Fiscal Policy Mechanisms and Stabilization,1,0.952746,0,0,0
7501,Economics,126,71,0,397.63609860,397.63609860,n00000265,Microeconomic Production and Cost Optimization,1,0.999757,0,0,0
7508,Economics,147,83,0,390.95668465,390.95668465,n00000265,Microeconomic Production and Cost Optimization,1,0.927346,0,0,0
7511,Economics,110,62,0,378.18528135,378.18528135,n00000157,Applied Differential Equations and Numerical Methods,1,0.951237,0,0,0
7512,Economics,142,80,0,381.42495476,381.42495476,n00000157,Applied Differential Equations and Numerical Methods,1,0.779424,0,0,0
7513,Economics,87,49,0,379.67973208,379.67973208,n00000077,Foundational Microeconomic Principles and Models,1,0.809195,0,0,0
7519,Economics,48,26,0,392.56436844,392.56436844,n00000077,Foundational Microeconomic Principles and Models,1,0.758327,0,0,0
7520,Economics,147,83,0,387.02488158,387.02488158,n00000266,Market Equilibrium and Price Mechanism Analysis,1,0.959080,0,0,0
7528,Economics,154,87,0,380.74943408,380.74943408,n00000266,Market Equilibrium and Price Mechanism Analysis,1,0.962962,0,0,0
7533,Economics,100,56,0,395.74180416,395.74180416,n00000077,Foundational Microeconomic Principles and Models,1,0.981497,0,0,0
7534,Economics,30,16,0,407.67739819,407.67739819,n00000202,Monetary Policy Mechanisms and Money Supply Dynamics,1,0.999967,0,0,0
7535,Economics,82,46,0,389.29524641,389.29524641,n00000077,Foundational Microeconomic Principles and Models,1,0.931036,0,0,0
7542,Economics,84,46,0,392.22132789,392.22132789,n00000233,Quantitative Business Profit and Inventory Optimization,1,0.968243,0,0,0
7543,Economics,86,48,0,409.66817000,409.66817000,n00000318,Macroeconomic Aggregates and Income Accounting,1,0.625992,0,1,1
7544,Economics,48,26,0,420.41458255,420.41458255,n00000151,Consumer Loan Interest Calculation,1,1.000000,0,0,0
7546,Economics,79,44,0,400.72513908,400.72513908,n00000202,Monetary Policy Mechanisms and Money Supply Dynamics,1,0.933703,0,0,0
7549,Economics,51,28,0,398.67510326,398.67510326,n00000265,Microeconomic Production and Cost Optimization,1,0.945700,0,0,0
7558,Economics,59,33,0,393.89227171,393.89227171,n00000202,Monetary Policy Mechanisms and Money Supply Dynamics,1,0.999732,0,0,0
7563,Economics,44,24,0,396.94864208,396.94864208,n00000202,Monetary Policy Mechanisms and Money Supply Dynamics,1,0.960340,0,0,0
7565,Economics,30,16,0,396.40989016,396.40989016,n00000317,Fiscal Policy Mechanisms and Stabilization,1,0.768415,0,0,0
7567,Economics,136,77,0,393.84627481,393.84627481,n00000233,Quantitative Business Profit and Inventory Optimization,1,0.652703,0,0,0
7570,Economics,140,79,0,387.21475070,387.21475070,n00000181,Comparative Economic Systems and Critiques,1,0.579213,0,0,0
7576,Economics,64,36,0,390.27826642,390.27826642,n00000266,Market Equilibrium and Price Mechanism Analysis,1,0.998389,0,0,0
7577,Economics,56,31,0,387.29797256,387.29797256,n00000266,Market Equilibrium and Price Mechanism Analysis,1,0.990236,0,0,0
7578,Economics,97,55,0,402.02037402,402.02037402,n00000077,Foundational Microeconomic Principles and Models,1,0.956174,0,0,0
7580,Economics,89,50,0,387.78045725,387.78045725,n00000265,Microeconomic Production and Cost Optimization,1,0.997071,0,0,0
7587,Economics,65,37,0,399.83775104,399.83775104,n00000077,Foundational Microeconomic Principles and Models,1,0.999628,0,0,0
7589,Economics,69,39,0,388.16511935,388.16511935,n00000317,Fiscal Policy Mechanisms and Stabilization,1,0.860350,0,0,0
7593,Economics,147,83,0,393.67328325,393.67328325,n00000265,Microeconomic Production and Cost Optimization,1,0.954392,0,0,0
7599,Economics,115,65,0,376.03545574,376.03545574,n00000219,Organizational Behavior and Work Motivation Theories,1,0.835646,0,0,0
7603,Economics,72,41,0,392.82583522,392.82583522,n00000202,Monetary Policy Mechanisms and Money Supply Dynamics,1,0.995079,0,0,0
7605,Economics,71,39,0,394.82738409,394.82738409,n00000318,Macroeconomic Aggregates and Income Accounting,1,0.999898,0,1,1
7606,Economics,47,26,0,374.20262732,374.20262732,n00000107,Post-War Geopolitical Doctrine and Rhetoric,1,0.693081,0,1,1
7609,Economics,87,49,0,392.64993270,392.64993270,n00000143,Classical Philosophical and Legal Doctrines,1,0.603436,0,1,1
7612,Economics,110,61,0,403.64981476,403.64981476,n00000202,Monetary Policy Mechanisms and Money Supply Dynamics,1,0.870441,0,0,0
7615,Economics,76,43,0,406.80162896,406.80162896,n00000077,Foundational Microeconomic Principles and Models,1,0.994518,0,0,0
7617,Economics,80,45,0,399.99018347,399.99018347,n00000077,Foundational Microeconomic Principles and Models,1,0.999120,0,0,0
7620,Economics,154,87,0,394.78494007,394.78494007,n00000077,Foundational Microeconomic Principles and Models,1,0.974856,0,0,0
7621,Economics,48,27,0,388.57541655,388.57541655,n00000077,Foundational Microeconomic Principles and Models,1,0.802246,0,0,0
7622,Economics,41,22,0,391.76127346,391.76127346,n00000317,Fiscal Policy Mechanisms and Stabilization,1,0.560677,0,0,0
7633,Economics,69,39,0,392.15657876,392.15657876,n00000318,Macroeconomic Aggregates and Income Accounting,1,0.997634,0,1,1
7637,Economics,136,77,0,391.83695587,391.83695587,n00000318,Macroeconomic Aggregates and Income Accounting,1,0.880608,0,1,1
7639,Economics,48,27,0,389.88328876,389.88328876,n00000202,Monetary Policy Mechanisms and Money Supply Dynamics,1,0.997210,0,0,0
7641,Economics,30,16,0,404.36591563,404.36591563,n00000202,Monetary Policy Mechanisms and Money Supply Dynamics,1,0.905350,0,0,0
7643,Economics,71,40,0,388.83208377,388.83208377,n00000202,Monetary Policy Mechanisms and Money Supply Dynamics,1,0.995240,0,0,0
7644,Economics,30,16,0,399.73209147,399.73209147,n00000318,Macroeconomic Aggregates and Income Accounting,1,0.947776,0,1,1
7651,Economics,140,79,0,391.00427016,391.00427016,n00000265,Microeconomic Production and Cost Optimization,1,0.999755,0,0,0
7655,Economics,97,55,0,383.91290587,383.91290587,n00000196,Evaluative Statement Veracity Assessment,1,0.989689,0,0,0
7659,Economics,147,83,0,377.03990986,377.03990986,n00000246,Time Series Econometrics and Diagnostic Testing,1,0.701700,0,1,0
7660,Economics,43,24,0,396.54942237,396.54942237,n00000317,Fiscal Policy Mechanisms and Stabilization,1,0.817352,0,0,0
7662,Economics,147,83,0,388.27720902,388.27720902,n00000265,Microeconomic Production and Cost Optimization,1,0.907131,0,0,0
7667,Economics,109,62,0,382.08944650,382.08944650,n00000107,Post-War Geopolitical Doctrine and Rhetoric,1,0.771417,0,1,1
7668,Economics,147,83,0,395.77940765,395.77940765,n00000233,Quantitative Business Profit and Inventory Optimization,1,0.618094,0,0,0
7671,Economics,76,43,0,402.47643221,402.47643221,n00000077,Foundational Microeconomic Principles and Models,1,0.999905,0,0,0
7673,Economics,133,75,0,394.99112751,394.99112751,n00000077,Foundational Microeconomic Principles and Models,1,0.559923,0,0,0
7674,Economics,115,65,0,385.47443125,385.47443125,n00000317,Fiscal Policy Mechanisms and Stabilization,1,0.918075,0,0,0
7677,Economics,41,22,0,393.31000894,393.31000894,n00000318,Macroeconomic Aggregates and Income Accounting,1,0.525880,0,1,1
7682,Economics,30,16,0,404.27613225,404.27613225,n00000202,Monetary Policy Mechanisms and Money Supply Dynamics,1,1.000000,0,0,0
-1011469,Engineering,71,39,0,382.94513544,382.94513544,n00000304,Simple Harmonic and Rotational Dynamics Analysis,1,0.696786,0,0,0
-1011467,Engineering,105,59,0,399.24444711,399.24444711,n00000037,Thermodynamic and Heat Transfer Analysis,1,0.875187,0,1,1
-1011433,Engineering,153,86,0,388.17172831,388.17172831,n00000193,Transmission Line and Wave Propagation Analysis,1,0.816390,0,0,0
-1011160,Engineering,64,35,0,411.80112702,411.80112702,n00000121,Electrical Machine Performance Calculation,1,0.999991,0,0,0
-1011107,Engineering,76,42,0,392.24780113,392.24780113,n00000155,Applied Algebraic and Analytic Computations,1,0.999546,0,0,0
-1011105,Engineering,89,50,0,387.64246312,387.64246312,n00000172,Wave Propagation and Electromagnetic Dynamics,1,0.861169,0,0,0
-1011103,Engineering,81,45,0,400.24652828,400.24652828,n00000064,Electrostatic Field and Charge Interaction Analysis,1,0.542240,0,0,0
-1011098,Engineering,70,38,0,408.29988673,408.29988673,n00000121,Electrical Machine Performance Calculation,1,1.000000,0,0,0
-1011094,Engineering,89,50,0,385.48172528,385.48172528,n00000170,Optical Interference and Diffraction Metrology,1,0.852046,0,0,0
-1011091,Engineering,70,38,0,406.81774163,406.81774163,n00000121,Electrical Machine Performance Calculation,1,0.999999,0,0,0
-1011090,Engineering,70,38,0,411.65749776,411.65749776,n00000121,Electrical Machine Performance Calculation,1,0.942389,0,0,0
-1011079,Engineering,118,66,0,396.07246675,396.07246675,n00000037,Thermodynamic and Heat Transfer Analysis,1,0.928637,0,1,1
-1011077,Engineering,35,19,0,421.70306015,421.70306015,n00000037,Thermodynamic and Heat Transfer Analysis,1,1.000000,0,1,1
-1011075,Engineering,136,77,0,390.64815544,390.64815544,n00000191,Molecular Statistical Thermodynamics and Spectroscopy,1,0.991774,0,0,0
11290,Engineering,73,41,0,421.26420544,421.26420544,n00000037,Thermodynamic and Heat Transfer Analysis,1,0.999998,0,1,1
11291,Engineering,35,19,0,420.47069824,420.47069824,n00000037,Thermodynamic and Heat Transfer Analysis,1,0.999997,0,1,1
11316,Engineering,89,50,0,394.47831666,394.47831666,n00000172,Wave Propagation and Electromagnetic Dynamics,1,0.876514,0,0,0
11329,Engineering,55,30,0,429.07030555,429.07030555,n00000037,Thermodynamic and Heat Transfer Analysis,1,1.000000,0,1,1
11331,Engineering,35,19,0,432.61669296,432.61669296,n00000037,Thermodynamic and Heat Transfer Analysis,1,1.000000,0,1,1
11332,Engineering,40,22,0,411.10001663,411.10001663,n00000037,Thermodynamic and Heat Transfer Analysis,1,0.834789,0,1,1
11338,Engineering,120,68,0,381.66116663,381.66116663,n00000193,Transmission Line and Wave Propagation Analysis,1,0.937789,0,0,0
11340,Engineering,87,48,0,414.10345553,414.10345553,n00000037,Thermodynamic and Heat Transfer Analysis,1,0.958608,0,1,1
11343,Engineering,136,77,0,379.31200762,379.31200762,n00000193,Transmission Line and Wave Propagation Analysis,1,0.941940,0,0,0
11345,Engineering,40,22,0,411.33235423,411.33235423,n00000037,Thermodynamic and Heat Transfer Analysis,1,1.000000,0,1,1
11350,Engineering,55,30,0,433.25734770,433.25734770,n00000037,Thermodynamic and Heat Transfer Analysis,1,1.000000,0,1,1
11351,Engineering,120,68,0,381.70945067,381.70945067,n00000172,Wave Propagation and Electromagnetic Dynamics,1,0.982046,0,0,0
11353,Engineering,147,83,0,373.74584042,373.74584042,n00000161,Normal and Sampling Distribution Applications,1,0.941376,0,0,0
11354,Engineering,142,80,0,380.17006495,380.17006495,n00000193,Transmission Line and Wave Propagation Analysis,1,0.936262,0,0,0
11359,Engineering,153,86,0,384.91699591,384.91699591,n00000121,Electrical Machine Performance Calculation,1,0.894876,0,0,0
11360,Engineering,71,39,0,389.14373933,389.14373933,n00000173,Thermodynamic and Kinetic Gas Properties in Astrophysical and Terrestrial Systems,1,0.915390,0,0,0
11362,Engineering,35,19,0,426.79007676,426.79007676,n00000037,Thermodynamic and Heat Transfer Analysis,1,1.000000,0,1,1
11367,Engineering,105,59,0,415.77898395,415.77898395,n00000030,Thermodynamic and Gas State Calculations,1,0.999996,0,0,0
11375,Engineering,118,66,0,419.72109496,419.72109496,n00000030,Thermodynamic and Gas State Calculations,1,0.999664,0,0,0
11377,Engineering,78,44,0,420.84063849,420.84063849,n00000030,Thermodynamic and Gas State Calculations,1,0.980523,0,0,0
11379,Engineering,55,30,0,429.00662667,429.00662667,n00000037,Thermodynamic and Heat Transfer Analysis,1,1.000000,0,1,1
11385,Engineering,70,38,0,402.89148359,402.89148359,n00000121,Electrical Machine Performance Calculation,1,0.999999,0,0,0
11393,Engineering,80,44,0,403.95804492,403.95804492,n00000121,Electrical Machine Performance Calculation,1,0.999953,0,0,0
11394,Engineering,118,66,0,390.57275343,390.57275343,n00000192,Transient Circuit Energy Dynamics,1,0.992148,0,0,0
11399,Engineering,154,87,0,400.80025832,400.80025832,n00000064,Electrostatic Field and Charge Interaction Analysis,1,0.871258,0,0,0
11401,Engineering,120,68,0,386.21371343,386.21371343,n00000172,Wave Propagation and Electromagnetic Dynamics,1,0.501805,0,0,0
11402,Engineering,35,19,0,414.66212078,414.66212078,n00000037,Thermodynamic and Heat Transfer Analysis,1,1.000000,0,1,1
11403,Engineering,35,19,0,430.25795894,430.25795894,n00000037,Thermodynamic and Heat Transfer Analysis,1,1.000000,0,1,1
11407,Engineering,65,36,0,411.90288255,411.90288255,n00000037,Thermodynamic and Heat Transfer Analysis,1,0.996204,0,1,1
11408,Engineering,107,60,0,390.18885090,390.18885090,n00000238,Advanced Transform and Series Analysis,1,0.978355,0,0,0
11410,Engineering,147,83,0,380.44869829,380.44869829,n00000121,Electrical Machine Performance Calculation,1,0.871100,0,0,0
11411,Engineering,143,81,0,387.49541948,387.49541948,n00000241,Numerical Ordering and Estimation Techniques,1,0.284402,0,0,0
11414,Engineering,71,39,0,409.81651518,409.81651518,n00000037,Thermodynamic and Heat Transfer Analysis,1,0.990511,0,1,1
11417,Engineering,35,19,0,425.58828872,425.58828872,n00000037,Thermodynamic and Heat Transfer Analysis,1,1.000000,0,1,1
11425,Engineering,35,19,0,435.80887047,435.80887047,n00000037,Thermodynamic and Heat Transfer Analysis,1,1.000000,0,1,1
11427,Engineering,86,48,0,389.27811053,389.27811053,n00000238,Advanced Transform and Series Analysis,1,0.993013,0,0,0
11428,Engineering,136,77,0,392.19406282,392.19406282,n00000161,Normal and Sampling Distribution Applications,1,0.627525,0,1,0
11429,Engineering,94,53,0,412.33260440,412.33260440,n00000037,Thermodynamic and Heat Transfer Analysis,1,0.888085,0,1,1
11433,Engineering,107,61,0,383.50639679,383.50639679,n00000193,Transmission Line and Wave Propagation Analysis,1,0.941323,0,0,0
11443,Engineering,22,12,0,432.59207515,432.59207515,n00000030,Thermodynamic and Gas State Calculations,1,0.999999,0,0,0
11448,Engineering,40,22,0,444.93304510,444.93304510,n00000030,Thermodynamic and Gas State Calculations,1,0.999993,0,0,0
11449,Engineering,60,33,0,412.93842816,412.93842816,n00000030,Thermodynamic and Gas State Calculations,1,0.983059,0,0,0
11461,Engineering,40,22,0,407.06306089,407.06306089,n00000121,Electrical Machine Performance Calculation,1,1.000000,0,0,0
11463,Engineering,80,44,0,406.01634391,406.01634391,n00000121,Electrical Machine Performance Calculation,1,1.000000,0,0,0
11467,Engineering,94,53,0,383.19518697,383.19518697,n00000193,Transmission Line and Wave Propagation Analysis,1,0.995259,0,0,0
11472,Engineering,35,19,0,414.21279984,414.21279984,n00000037,Thermodynamic and Heat Transfer Analysis,1,1.000000,0,1,1
11481,Engineering,131,74,0,376.81850257,376.81850257,n00000193,Transmission Line and Wave Propagation Analysis,1,0.607087,0,0,0
11487,Engineering,35,19,0,418.04087321,418.04087321,n00000037,Thermodynamic and Heat Transfer Analysis,1,1.000000,0,1,1
11488,Engineering,71,39,0,420.64112055,420.64112055,n00000037,Thermodynamic and Heat Transfer Analysis,1,0.999872,0,1,1
11490,Engineering,35,19,0,435.26347497,435.26347497,n00000037,Thermodynamic and Heat Transfer Analysis,1,1.000000,0,1,1
11491,Engineering,60,33,0,422.09813456,422.09813456,n00000037,Thermodynamic and Heat Transfer Analysis,1,0.999996,0,1,1
11494,Engineering,105,59,0,412.08757704,412.08757704,n00000037,Thermodynamic and Heat Transfer Analysis,1,0.983987,0,1,1
11495,Engineering,35,19,0,422.71008132,422.71008132,n00000037,Thermodynamic and Heat Transfer Analysis,1,1.000000,0,1,1
11496,Engineering,146,82,0,380.12115277,380.12115277,n00000130,Information Theory and Digital Encoding Fundamentals,1,0.980153,0,0,0
11497,Engineering,40,22,0,411.05843234,411.05843234,n00000037,Thermodynamic and Heat Transfer Analysis,1,0.999991,0,1,1
11498,Engineering,112,63,0,386.49088120,386.49088120,n00000130,Information Theory and Digital Encoding Fundamentals,1,0.998954,0,0,0
11505,Engineering,147,83,0,378.85074603,378.85074603,n00000193,Transmission Line and Wave Propagation Analysis,1,0.952425,0,0,0
11506,Engineering,35,19,0,426.73897719,426.73897719,n00000037,Thermodynamic and Heat Transfer Analysis,1,0.999986,0,1,1
11509,Engineering,89,50,0,416.02499517,416.02499517,n00000037,Thermodynamic and Heat Transfer Analysis,1,0.999690,0,1,1
11510,Engineering,142,80,0,414.02794760,414.02794760,n00000037,Thermodynamic and Heat Transfer Analysis,1,0.999999,0,1,1
11512,Engineering,60,33,0,422.19300665,422.19300665,n00000037,Thermodynamic and Heat Transfer Analysis,1,0.999999,0,1,1
11514,Engineering,48,27,0,416.63774993,416.63774993,n00000030,Thermodynamic and Gas State Calculations,1,0.999168,0,0,0
11518,Engineering,81,45,0,399.49927249,399.49927249,n00000037,Thermodynamic and Heat Transfer Analysis,1,0.999391,0,1,1
11520,Engineering,45,25,0,393.45897254,393.45897254,n00000037,Thermodynamic and Heat Transfer Analysis,1,0.998807,0,1,1
11521,Engineering,84,47,0,397.17046527,397.17046527,n00000121,Electrical Machine Performance Calculation,1,0.999143,0,0,0
11522,Engineering,59,32,0,415.20526555,415.20526555,n00000121,Electrical Machine Performance Calculation,1,1.000000,0,0,0
11523,Engineering,65,36,0,400.47249988,400.47249988,n00000192,Transient Circuit Energy Dynamics,1,0.672859,0,0,0
11527,Engineering,70,38,0,406.24523206,406.24523206,n00000121,Electrical Machine Performance Calculation,1,0.999963,0,0,0
11529,Engineering,146,82,0,390.05614362,390.05614362,n00000192,Transient Circuit Energy Dynamics,1,0.974844,0,0,0
11535,Engineering,76,42,0,416.20241766,416.20241766,n00000037,Thermodynamic and Heat Transfer Analysis,1,1.000000,0,1,1
11539,Engineering,35,19,0,432.80132632,432.80132632,n00000037,Thermodynamic and Heat Transfer Analysis,1,1.000000,0,1,1
11541,Engineering,84,47,0,392.88322603,392.88322603,n00000121,Electrical Machine Performance Calculation,1,0.999820,0,0,0
11545,Engineering,60,33,0,404.89495986,404.89495986,n00000121,Electrical Machine Performance Calculation,1,0.996876,0,0,0
11546,Engineering,84,47,0,402.58329163,402.58329163,n00000121,Electrical Machine Performance Calculation,1,0.999927,0,0,0
11554,Engineering,53,30,0,413.07843206,413.07843206,n00000037,Thermodynamic and Heat Transfer Analysis,1,1.000000,0,1,1
11558,Engineering,40,22,0,406.77132508,406.77132508,n00000037,Thermodynamic and Heat Transfer Analysis,1,1.000000,0,1,1
11563,Engineering,40,22,0,426.78291075,426.78291075,n00000037,Thermodynamic and Heat Transfer Analysis,1,1.000000,0,1,1
11565,Engineering,66,36,0,404.14766103,404.14766103,n00000037,Thermodynamic and Heat Transfer Analysis,1,0.999898,0,1,1
11572,Engineering,117,66,0,381.52565411,381.52565411,n00000193,Transmission Line and Wave Propagation Analysis,1,0.995074,0,0,0
11586,Engineering,40,22,0,425.14397100,425.14397100,n00000030,Thermodynamic and Gas State Calculations,1,0.993958,0,0,0
11588,Engineering,60,33,0,429.97488693,429.97488693,n00000030,Thermodynamic and Gas State Calculations,1,0.999939,0,0,0
11590,Engineering,71,39,0,446.59451572,446.59451572,n00000030,Thermodynamic and Gas State Calculations,1,0.999274,0,0,0
11601,Engineering,64,35,0,405.15225340,405.15225340,n00000121,Electrical Machine Performance Calculation,1,0.999997,0,0,0
11602,Engineering,39,21,0,405.63924620,405.63924620,n00000121,Electrical Machine Performance Calculation,1,0.999991,0,0,0
11603,Engineering,75,41,0,406.17540396,406.17540396,n00000121,Electrical Machine Performance Calculation,1,0.999990,0,0,0
11617,Engineering,107,60,0,392.86810638,392.86810638,n00000238,Advanced Transform and Series Analysis,1,0.999309,0,0,0
11618,Engineering,35,19,0,420.94529253,420.94529253,n00000037,Thermodynamic and Heat Transfer Analysis,1,1.000000,0,1,1
11620,Engineering,35,19,0,427.20925034,427.20925034,n00000037,Thermodynamic and Heat Transfer Analysis,1,1.000000,0,1,1
11626,Engineering,60,33,0,402.20922935,402.20922935,n00000121,Electrical Machine Performance Calculation,1,0.999970,0,0,0
11630,Engineering,86,48,0,412.46190765,412.46190765,n00000030,Thermodynamic and Gas State Calculations,1,0.454708,0,0,0
11636,Engineering,94,53,0,379.49083365,379.49083365,n00000193,Transmission Line and Wave Propagation Analysis,1,0.989730,0,0,0
11638,Engineering,94,53,0,409.17814060,409.17814060,n00000037,Thermodynamic and Heat Transfer Analysis,1,0.999967,0,1,1
11644,Engineering,94,53,0,414.24862257,414.24862257,n00000037,Thermodynamic and Heat Transfer Analysis,1,0.972235,0,1,1
11649,Engineering,60,33,0,418.54536836,418.54536836,n00000037,Thermodynamic and Heat Transfer Analysis,1,0.999054,0,1,1
11650,Engineering,116,65,0,390.88930322,390.88930322,n00000238,Advanced Transform and Series Analysis,1,0.999772,0,0,0
11660,Engineering,147,83,0,383.83562815,383.83562815,n00000193,Transmission Line and Wave Propagation Analysis,1,0.967692,0,0,0
11664,Engineering,40,22,0,424.02212088,424.02212088,n00000037,Thermodynamic and Heat Transfer Analysis,1,0.999780,0,1,1
11666,Engineering,76,42,0,427.69026074,427.69026074,n00000030,Thermodynamic and Gas State Calculations,1,0.980195,0,0,0
11668,Engineering,60,33,0,419.82329141,419.82329141,n00000030,Thermodynamic and Gas State Calculations,1,0.999999,0,0,0
11669,Engineering,40,22,0,423.40194042,423.40194042,n00000037,Thermodynamic and Heat Transfer Analysis,1,0.999970,0,1,1
11674,Engineering,40,22,0,400.71191309,400.71191309,n00000037,Thermodynamic and Heat Transfer Analysis,1,0.998504,0,1,1
11677,Engineering,60,33,0,418.50065591,418.50065591,n00000037,Thermodynamic and Heat Transfer Analysis,1,1.000000,0,1,1
11678,Engineering,70,38,0,405.44065860,405.44065860,n00000121,Electrical Machine Performance Calculation,1,1.000000,0,0,0
11680,Engineering,88,49,0,398.22124855,398.22124855,n00000121,Electrical Machine Performance Calculation,1,0.999996,0,0,0
11682,Engineering,86,48,0,400.75150372,400.75150372,n00000064,Electrostatic Field and Charge Interaction Analysis,1,0.826256,0,0,0
11685,Engineering,86,48,0,404.62285754,404.62285754,n00000064,Electrostatic Field and Charge Interaction Analysis,1,0.999942,0,0,0
11687,Engineering,115,65,0,402.82552119,402.82552119,n00000064,Electrostatic Field and Charge Interaction Analysis,1,0.999997,0,0,0
11689,Engineering,71,39,0,402.05354820,402.05354820,n00000064,Electrostatic Field and Charge Interaction Analysis,1,0.999977,0,0,0
11700,Engineering,131,74,0,386.24898636,386.24898636,n00000192,Transient Circuit Energy Dynamics,1,0.980234,0,0,0
11704,Engineering,40,22,0,422.07396804,422.07396804,n00000037,Thermodynamic and Heat Transfer Analysis,1,1.000000,0,1,1
11708,Engineering,60,33,0,415.48355482,415.48355482,n00000037,Thermodynamic and Heat Transfer Analysis,1,0.999998,0,1,1
11719,Engineering,45,25,0,423.91280008,423.91280008,n00000037,Thermodynamic and Heat Transfer Analysis,1,1.000000,0,1,1
11723,Engineering,35,19,0,436.33521367,436.33521367,n00000037,Thermodynamic and Heat Transfer Analysis,1,1.000000,0,1,1
11724,Engineering,71,39,0,409.27916534,409.27916534,n00000037,Thermodynamic and Heat Transfer Analysis,1,1.000000,0,1,1
11730,Engineering,35,19,0,427.09710544,427.09710544,n00000037,Thermodynamic and Heat Transfer Analysis,1,1.000000,0,1,1
11733,Engineering,147,83,0,381.46621835,381.46621835,n00000193,Transmission Line and Wave Propagation Analysis,1,0.439314,0,0,0
11734,Engineering,154,87,0,378.02953264,378.02953264,n00000193,Transmission Line and Wave Propagation Analysis,1,0.930842,0,0,0
11741,Engineering,130,73,0,400.48831515,400.48831515,n00000121,Electrical Machine Performance Calculation,1,0.998757,0,0,0
11744,Engineering,40,22,0,407.47606083,407.47606083,n00000037,Thermodynamic and Heat Transfer Analysis,1,1.000000,0,1,1
11746,Engineering,22,12,0,425.21411224,425.21411224,n00000030,Thermodynamic and Gas State Calculations,1,1.000000,0,0,0
11747,Engineering,71,39,0,437.37133237,437.37133237,n00000030,Thermodynamic and Gas State Calculations,1,0.999801,0,0,0
11750,Engineering,61,33,0,438.80556356,438.80556356,n00000030,Thermodynamic and Gas State Calculations,1,0.780591,0,0,0
11755,Engineering,116,65,0,404.95010761,404.95010761,n00000037,Thermodynamic and Heat Transfer Analysis,1,0.999360,0,1,1
11759,Engineering,83,46,0,405.47349389,405.47349389,n00000121,Electrical Machine Performance Calculation,1,0.999961,0,0,0
11760,Engineering,71,39,0,405.60769429,405.60769429,n00000121,Electrical Machine Performance Calculation,1,0.999953,0,0,0
11762,Engineering,59,32,0,404.03326114,404.03326114,n00000121,Electrical Machine Performance Calculation,1,0.999978,0,0,0
11775,Engineering,143,81,0,394.22250970,394.22250970,n00000064,Electrostatic Field and Charge Interaction Analysis,1,0.998600,0,0,0
11776,Engineering,88,49,0,388.42628734,388.42628734,n00000193,Transmission Line and Wave Propagation Analysis,1,0.993743,0,0,0
11789,Engineering,35,19,0,427.96619099,427.96619099,n00000037,Thermodynamic and Heat Transfer Analysis,1,1.000000,0,1,1
11800,Engineering,76,42,0,407.97399102,407.97399102,n00000037,Thermodynamic and Heat Transfer Analysis,1,0.999884,0,1,1
11806,Engineering,66,36,0,430.77815807,430.77815807,n00000037,Thermodynamic and Heat Transfer Analysis,1,0.996699,0,1,1
11808,Engineering,125,71,0,390.51180960,390.51180960,n00000245,Statistical Inference and Probability Theory,1,0.992975,0,1,1
11809,Engineering,102,58,0,381.99426652,381.99426652,n00000193,Transmission Line and Wave Propagation Analysis,1,0.678709,0,0,0
11810,Engineering,94,53,0,414.95323017,414.95323017,n00000037,Thermodynamic and Heat Transfer Analysis,1,0.993719,0,1,1
11818,Engineering,35,19,0,426.47907667,426.47907667,n00000037,Thermodynamic and Heat Transfer Analysis,1,1.000000,0,1,1
11821,Engineering,60,33,0,421.02814648,421.02814648,n00000037,Thermodynamic and Heat Transfer Analysis,1,1.000000,0,1,1
11826,Engineering,35,19,0,421.25631769,421.25631769,n00000037,Thermodynamic and Heat Transfer Analysis,1,0.996666,0,1,1
11828,Engineering,76,42,0,409.24536102,409.24536102,n00000037,Thermodynamic and Heat Transfer Analysis,1,0.998834,0,1,1
11830,Engineering,75,41,0,405.10169853,405.10169853,n00000121,Electrical Machine Performance Calculation,1,0.999997,0,0,0
11833,Engineering,86,47,0,396.48010885,396.48010885,n00000121,Electrical Machine Performance Calculation,1,0.999809,0,0,0
11836,Engineering,104,58,0,389.49671495,389.49671495,n00000192,Transient Circuit Energy Dynamics,1,0.982658,0,0,0
11837,Engineering,70,38,0,408.07065199,408.07065199,n00000121,Electrical Machine Performance Calculation,1,1.000000,0,0,0
11846,Engineering,110,61,0,388.50566118,388.50566118,n00000155,Applied Algebraic and Analytic Computations,1,0.999867,0,0,0
11847,Engineering,71,39,0,390.95045393,390.95045393,n00000172,Wave Propagation and Electromagnetic Dynamics,1,0.787777,0,0,0
11849,Engineering,70,38,0,394.06630061,394.06630061,n00000172,Wave Propagation and Electromagnetic Dynamics,1,0.829305,0,0,0
11852,Engineering,118,66,0,388.02038067,388.02038067,n00000238,Advanced Transform and Series Analysis,1,0.999454,0,0,0
11854,Engineering,131,74,0,399.75544014,399.75544014,n00000064,Electrostatic Field and Charge Interaction Analysis,1,0.754793,0,0,0
11857,Engineering,71,39,0,404.71049529,404.71049529,n00000121,Electrical Machine Performance Calculation,1,0.999992,0,0,0
11859,Engineering,60,33,0,404.99709079,404.99709079,n00000121,Electrical Machine Performance Calculation,1,0.999985,0,0,0
11860,Engineering,105,59,0,392.35870818,392.35870818,n00000121,Electrical Machine Performance Calculation,1,0.999862,0,0,0
11862,Engineering,94,53,0,393.23270952,393.23270952,n00000037,Thermodynamic and Heat Transfer Analysis,1,0.995140,0,1,1
11866,Engineering,125,71,0,385.64633605,385.64633605,n00000245,Statistical Inference and Probability Theory,1,0.935315,0,1,1
11869,Engineering,76,42,0,394.30570367,394.30570367,n00000189,Molecular and Atomic Mass Calculations,1,0.758359,0,0,0
11870,Engineering,40,22,0,420.32979486,420.32979486,n00000037,Thermodynamic and Heat Transfer Analysis,1,1.000000,0,1,1
11878,Engineering,78,44,0,413.12524568,413.12524568,n00000267,Colligative Property and Solution Concentration Calculations,1,0.629549,0,0,0
11879,Engineering,60,33,0,410.58412270,410.58412270,n00000037,Thermodynamic and Heat Transfer Analysis,1,0.999999,0,1,1
11884,Engineering,76,42,0,413.55685218,413.55685218,n00000037,Thermodynamic and Heat Transfer Analysis,1,0.965304,0,1,1
11885,Engineering,60,33,0,406.71305438,406.71305438,n00000030,Thermodynamic and Gas State Calculations,1,0.938968,0,0,0
11890,Engineering,147,83,0,389.92630025,389.92630025,n00000189,Molecular and Atomic Mass Calculations,1,0.689952,0,0,0
11891,Engineering,131,74,0,394.78699481,394.78699481,n00000064,Electrostatic Field and Charge Interaction Analysis,1,0.706992,0,0,0
11893,Engineering,143,81,0,374.58152863,374.58152863,n00000241,Numerical Ordering and Estimation Techniques,1,0.428006,0,0,0
11896,Engineering,35,19,0,432.61812727,432.61812727,n00000037,Thermodynamic and Heat Transfer Analysis,1,1.000000,0,1,1
11898,Engineering,40,22,0,436.22636154,436.22636154,n00000030,Thermodynamic and Gas State Calculations,1,0.999870,0,0,0
11900,Engineering,71,39,0,413.74831208,413.74831208,n00000037,Thermodynamic and Heat Transfer Analysis,1,0.854206,0,1,1
11903,Engineering,60,33,0,425.43322127,425.43322127,n00000030,Thermodynamic and Gas State Calculations,1,0.838125,0,0,0
11904,Engineering,89,50,0,436.38908525,436.38908525,n00000030,Thermodynamic and Gas State Calculations,1,0.999977,0,0,0
11907,Engineering,35,19,0,429.79345623,429.79345623,n00000037,Thermodynamic and Heat Transfer Analysis,1,0.995738,0,1,1
11909,Engineering,28,15,0,429.02582769,429.02582769,n00000037,Thermodynamic and Heat Transfer Analysis,1,1.000000,0,1,1
11911,Engineering,94,53,0,411.84328311,411.84328311,n00000030,Thermodynamic and Gas State Calculations,1,0.998097,0,0,0
11912,Engineering,35,19,0,427.72048082,427.72048082,n00000037,Thermodynamic and Heat Transfer Analysis,1,1.000000,0,1,1
11913,Engineering,40,22,0,412.96445027,412.96445027,n00000037,Thermodynamic and Heat Transfer Analysis,1,1.000000,0,1,1
11914,Engineering,76,42,0,411.70360838,411.70360838,n00000303,Kinematics and Relativistic Motion Analysis,1,0.756202,0,0,0
11920,Engineering,59,32,0,413.94931388,413.94931388,n00000121,Electrical Machine Performance Calculation,1,1.000000,0,0,0
11921,Engineering,93,52,0,406.42195554,406.42195554,n00000121,Electrical Machine Performance Calculation,1,0.999999,0,0,0
11926,Engineering,59,32,0,407.48526277,407.48526277,n00000121,Electrical Machine Performance Calculation,1,1.000000,0,0,0
11927,Engineering,86,47,0,408.63282431,408.63282431,n00000121,Electrical Machine Performance Calculation,1,0.999994,0,0,0
11928,Engineering,104,58,0,408.58361222,408.58361222,n00000121,Electrical Machine Performance Calculation,1,0.999807,0,0,0
11930,Engineering,81,45,0,387.72730965,387.72730965,n00000193,Transmission Line and Wave Propagation Analysis,1,0.516225,0,0,0
11931,Engineering,94,53,0,394.77447347,394.77447347,n00000121,Electrical Machine Performance Calculation,1,0.984178,0,0,0
11934,Engineering,100,55,0,388.93030480,388.93030480,n00000238,Advanced Transform and Series Analysis,1,0.995251,0,0,0
11937,Engineering,84,47,0,388.71801918,388.71801918,n00000303,Kinematics and Relativistic Motion Analysis,1,0.687549,0,0,0
11945,Engineering,147,83,0,390.52045290,390.52045290,n00000121,Electrical Machine Performance Calculation,1,0.988066,0,0,0
11946,Engineering,40,22,0,418.86469863,418.86469863,n00000037,Thermodynamic and Heat Transfer Analysis,1,0.999984,0,1,1
11949,Engineering,89,50,0,378.66108350,378.66108350,n00000171,Quantum Photon Particle Duality Calculations,1,0.516051,0,0,0
11958,Engineering,147,83,0,388.40291840,388.40291840,n00000158,Discrete Probability and Combinatorial Counting,1,0.995344,0,0,0
11959,Engineering,35,19,0,429.71846968,429.71846968,n00000037,Thermodynamic and Heat Transfer Analysis,1,1.000000,0,1,1
11960,Engineering,65,36,0,421.14701123,421.14701123,n00000037,Thermodynamic and Heat Transfer Analysis,1,1.000000,0,1,1
11962,Engineering,102,58,0,379.88009385,379.88009385,n00000193,Transmission Line and Wave Propagation Analysis,1,0.998638,0,0,0
11964,Engineering,89,50,0,391.81281399,391.81281399,n00000064,Electrostatic Field and Charge Interaction Analysis,1,0.909845,0,0,0
11966,Engineering,154,87,0,386.34351796,386.34351796,n00000129,Foundational Programming and Computer Systems Principles,1,0.997970,0,0,0
11970,Engineering,59,33,0,400.05280485,400.05280485,n00000037,Thermodynamic and Heat Transfer Analysis,1,1.000000,0,1,1
11972,Engineering,60,33,0,438.94859378,438.94859378,n00000030,Thermodynamic and Gas State Calculations,1,0.966735,0,0,0
11977,Engineering,22,12,0,440.47478827,440.47478827,n00000030,Thermodynamic and Gas State Calculations,1,1.000000,0,0,0
11983,Engineering,55,30,0,426.67008235,426.67008235,n00000030,Thermodynamic and Gas State Calculations,1,0.999993,0,0,0
11987,Engineering,84,47,0,400.25693203,400.25693203,n00000037,Thermodynamic and Heat Transfer Analysis,1,0.989083,0,1,1
11992,Engineering,97,54,0,378.39810396,378.39810396,n00000037,Thermodynamic and Heat Transfer Analysis,1,0.658406,0,1,1
11993,Engineering,76,42,0,406.61346886,406.61346886,n00000037,Thermodynamic and Heat Transfer Analysis,1,0.999876,0,1,1
11996,Engineering,86,47,0,401.02756604,401.02756604,n00000121,Electrical Machine Performance Calculation,1,1.000000,0,0,0
11998,Engineering,117,65,0,389.55287367,389.55287367,n00000192,Transient Circuit Energy Dynamics,1,0.999891,0,0,0
12000,Engineering,45,25,0,396.80351326,396.80351326,n00000121,Electrical Machine Performance Calculation,1,0.994969,0,0,0
12001,Engineering,70,38,0,406.95821030,406.95821030,n00000121,Electrical Machine Performance Calculation,1,1.000000,0,0,0
12003,Engineering,45,25,0,415.16216713,415.16216713,n00000037,Thermodynamic and Heat Transfer Analysis,1,0.999991,0,1,1
12008,Engineering,76,42,0,392.26140230,392.26140230,n00000157,Applied Differential Equations and Numerical Methods,1,0.999525,0,0,0
12011,Engineering,81,45,0,391.39247262,391.39247262,n00000172,Wave Propagation and Electromagnetic Dynamics,1,0.971667,0,0,0
12018,Engineering,60,33,0,418.45336832,418.45336832,n00000037,Thermodynamic and Heat Transfer Analysis,1,1.000000,0,1,1
12020,Engineering,35,19,0,427.41423203,427.41423203,n00000037,Thermodynamic and Heat Transfer Analysis,1,1.000000,0,1,1
12021,Engineering,65,36,0,396.37401255,396.37401255,n00000121,Electrical Machine Performance Calculation,1,0.992801,0,0,0
12022,Engineering,71,39,0,398.40623434,398.40623434,n00000121,Electrical Machine Performance Calculation,1,0.903192,0,0,0
12028,Engineering,76,42,0,389.21685183,389.21685183,n00000238,Advanced Transform and Series Analysis,1,0.998392,0,0,0
12029,Engineering,40,22,0,425.31189280,425.31189280,n00000037,Thermodynamic and Heat Transfer Analysis,1,1.000000,0,1,1
12030,Engineering,34,18,0,429.42987043,429.42987043,n00000037,Thermodynamic and Heat Transfer Analysis,1,1.000000,0,1,1
12032,Engineering,136,77,0,394.64647982,394.64647982,n00000173,Thermodynamic and Kinetic Gas Properties in Astrophysical and Terrestrial Systems,1,0.480899,0,0,0
12043,Engineering,71,39,0,419.91309525,419.91309525,n00000037,Thermodynamic and Heat Transfer Analysis,1,0.986545,0,1,1
12053,Engineering,35,19,0,411.42641974,411.42641974,n00000037,Thermodynamic and Heat Transfer Analysis,1,0.999999,0,1,1
12059,Engineering,40,22,0,420.55850336,420.55850336,n00000037,Thermodynamic and Heat Transfer Analysis,1,0.999998,0,1,1
12062,Engineering,119,66,0,426.82150266,426.82150266,n00000030,Thermodynamic and Gas State Calculations,1,0.559887,0,1,0
12070,Engineering,108,60,0,394.23795295,394.23795295,n00000121,Electrical Machine Performance Calculation,1,0.999981,0,0,0
12073,Engineering,80,44,0,399.14757272,399.14757272,n00000121,Electrical Machine Performance Calculation,1,0.999965,0,0,0
12074,Engineering,96,53,0,394.16167130,394.16167130,n00000192,Transient Circuit Energy Dynamics,1,0.998500,0,0,0
12078,Engineering,59,32,0,403.11915122,403.11915122,n00000121,Electrical Machine Performance Calculation,1,1.000000,0,0,0
12083,Engineering,104,58,0,395.12710934,395.12710934,n00000192,Transient Circuit Energy Dynamics,1,0.997968,0,0,0
12084,Engineering,80,44,0,399.90274133,399.90274133,n00000121,Electrical Machine Performance Calculation,1,0.999966,0,0,0
12088,Engineering,71,39,0,398.69756742,398.69756742,n00000064,Electrostatic Field and Charge Interaction Analysis,1,0.976633,0,0,0
12094,Engineering,35,19,0,418.73517926,418.73517926,n00000037,Thermodynamic and Heat Transfer Analysis,1,0.999971,0,1,1
12096,Engineering,86,48,0,394.52016714,394.52016714,n00000238,Advanced Transform and Series Analysis,1,0.999803,0,0,0
12098,Engineering,35,19,0,426.91793976,426.91793976,n00000037,Thermodynamic and Heat Transfer Analysis,1,1.000000,0,1,1
12100,Engineering,136,77,0,389.04657137,389.04657137,n00000121,Electrical Machine Performance Calculation,1,0.982007,0,0,0
12104,Engineering,118,66,0,391.08754439,391.08754439,n00000121,Electrical Machine Performance Calculation,1,0.994901,0,0,0
12105,Engineering,40,22,0,394.36610175,394.36610175,n00000037,Thermodynamic and Heat Transfer Analysis,1,0.999999,0,1,1
12106,Engineering,147,83,0,388.07666394,388.07666394,n00000239,Advanced Integral Calculus and Applications,1,0.785141,0,0,0
12107,Engineering,89,50,0,410.52382737,410.52382737,n00000037,Thermodynamic and Heat Transfer Analysis,1,0.999059,0,1,1
12109,Engineering,71,39,0,404.66556773,404.66556773,n00000037,Thermodynamic and Heat Transfer Analysis,1,0.998242,0,1,1
12111,Engineering,40,22,0,422.02054059,422.02054059,n00000037,Thermodynamic and Heat Transfer Analysis,1,1.000000,0,1,1
12113,Engineering,94,53,0,406.10381996,406.10381996,n00000030,Thermodynamic and Gas State Calculations,1,0.418126,0,0,0
12115,Engineering,71,39,0,404.52652623,404.52652623,n00000030,Thermodynamic and Gas State Calculations,1,0.999738,0,0,0
12116,Engineering,86,48,0,392.09731235,392.09731235,n00000238,Advanced Transform and Series Analysis,1,0.997825,0,0,0
12130,Engineering,140,79,0,377.56799639,377.56799639,n00000130,Information Theory and Digital Encoding Fundamentals,1,0.974228,0,0,0
12132,Engineering,55,30,0,420.49778680,420.49778680,n00000030,Thermodynamic and Gas State Calculations,1,0.995209,0,0,0
12139,Engineering,97,54,0,428.61505303,428.61505303,n00000030,Thermodynamic and Gas State Calculations,1,0.999993,0,0,0
12141,Engineering,80,44,0,395.26779234,395.26779234,n00000170,Optical Interference and Diffraction Metrology,1,0.975964,0,0,0
12150,Engineering,39,21,0,406.48025991,406.48025991,n00000121,Electrical Machine Performance Calculation,1,1.000000,0,0,0
12153,Engineering,120,68,0,390.17988487,390.17988487,n00000172,Wave Propagation and Electromagnetic Dynamics,1,0.997152,0,0,0
12156,Engineering,105,59,0,390.40228802,390.40228802,n00000192,Transient Circuit Energy Dynamics,1,0.954483,0,0,0
12161,Engineering,93,51,0,399.99415314,399.99415314,n00000121,Electrical Machine Performance Calculation,1,0.999962,0,0,0
12162,Engineering,108,60,0,393.93864605,393.93864605,n00000121,Electrical Machine Performance Calculation,1,0.999993,0,0,0
12164,Engineering,71,39,0,404.05953531,404.05953531,n00000064,Electrostatic Field and Charge Interaction Analysis,1,1.000000,0,0,0
12169,Engineering,104,58,0,393.79921404,393.79921404,n00000192,Transient Circuit Energy Dynamics,1,0.999742,0,0,0
12171,Engineering,71,39,0,408.42284938,408.42284938,n00000037,Thermodynamic and Heat Transfer Analysis,1,1.000000,0,1,1
12172,Engineering,71,39,0,400.88124024,400.88124024,n00000121,Electrical Machine Performance Calculation,1,0.999999,0,0,0
12175,Engineering,118,66,0,397.10438994,397.10438994,n00000121,Electrical Machine Performance Calculation,1,0.999823,0,0,0
12177,Engineering,94,53,0,411.31436391,411.31436391,n00000037,Thermodynamic and Heat Transfer Analysis,1,0.999856,0,1,1
12180,Engineering,86,48,0,432.45983284,432.45983284,n00000030,Thermodynamic and Gas State Calculations,1,0.999941,0,0,0
12182,Engineering,136,77,0,385.98508723,385.98508723,n00000245,Statistical Inference and Probability Theory,1,0.990645,0,1,1
12183,Engineering,125,71,0,387.01925504,387.01925504,n00000239,Advanced Integral Calculus and Applications,1,0.918070,0,0,0
12185,Engineering,40,22,0,409.25126523,409.25126523,n00000037,Thermodynamic and Heat Transfer Analysis,1,0.999998,0,1,1
12186,Engineering,71,39,0,408.93491715,408.93491715,n00000037,Thermodynamic and Heat Transfer Analysis,1,0.999998,0,1,1
12189,Engineering,99,56,0,381.58174486,381.58174486,n00000172,Wave Propagation and Electromagnetic Dynamics,1,0.580368,0,0,0
12192,Engineering,135,76,0,383.10785612,383.10785612,n00000193,Transmission Line and Wave Propagation Analysis,1,0.734252,0,0,0
12196,Engineering,76,42,0,413.48003104,413.48003104,n00000037,Thermodynamic and Heat Transfer Analysis,1,0.960318,0,1,1
12202,Engineering,35,19,0,422.26911283,422.26911283,n00000037,Thermodynamic and Heat Transfer Analysis,1,1.000000,0,1,1
12204,Engineering,86,48,0,401.75195348,401.75195348,n00000037,Thermodynamic and Heat Transfer Analysis,1,0.999966,0,1,1
12205,Engineering,147,83,0,386.31598087,386.31598087,n00000121,Electrical Machine Performance Calculation,1,0.643275,0,0,0
12210,Engineering,91,50,0,399.02446351,399.02446351,n00000121,Electrical Machine Performance Calculation,1,1.000000,0,0,0
12214,Engineering,60,33,0,413.93374585,413.93374585,n00000121,Electrical Machine Performance Calculation,1,1.000000,0,0,0
12218,Engineering,105,59,0,387.23513919,387.23513919,n00000192,Transient Circuit Energy Dynamics,1,0.996263,0,0,0
12219,Engineering,118,66,0,388.55562726,388.55562726,n00000157,Applied Differential Equations and Numerical Methods,1,0.991045,0,0,0
12224,Engineering,86,48,0,412.50824567,412.50824567,n00000064,Electrostatic Field and Charge Interaction Analysis,1,0.999849,0,0,0
-1006658,Health,100,57,0,388.08474782,388.08474782,n00000083,Metabolic Biochemistry and Nutrient Energetics,1,0.999806,0,0,0
-1006649,Health,99,56,0,375.14848144,375.14848144,n00000124,Molecular Biology and Genetic Engineering Mechanisms,1,0.700436,0,0,0
-1006644,Health,113,64,0,386.20522278,386.20522278,n00000083,Metabolic Biochemistry and Nutrient Energetics,1,0.999414,0,0,0
-1006641,Health,9,5,0,395.77434074,395.77434074,n00000027,Emergency and Acute Clinical Diagnostics,1,1.000000,0,0,0
-1006639,Health,57,32,0,397.05904920,397.05904920,n00000027,Emergency and Acute Clinical Diagnostics,1,0.999866,0,0,0
-1006632,Health,32,19,0,401.35045230,401.35045230,n00000027,Emergency and Acute Clinical Diagnostics,1,0.999989,0,0,0
-1006626,Health,51,29,0,398.84460207,398.84460207,n00000027,Emergency and Acute Clinical Diagnostics,1,1.000000,0,0,0
-1006599,Health,143,81,0,386.50149873,386.50149873,n00000194,Macronutrient Biochemistry and Physiological Functions,1,0.666226,0,0,0
-1006589,Health,19,11,0,399.84140842,399.84140842,n00000027,Emergency and Acute Clinical Diagnostics,1,0.971601,0,0,0
-1006587,Health,51,29,0,396.70240436,396.70240436,n00000027,Emergency and Acute Clinical Diagnostics,1,1.000000,0,0,0
-1006535,Health,108,61,0,378.60698195,378.60698195,n00000187,Age-Related Health Determinants and Epidemiology,1,0.968648,0,0,0
-1006524,Health,72,41,0,391.80132339,391.80132339,n00000027,Emergency and Acute Clinical Diagnostics,1,0.999978,0,0,0
-1006522,Health,22,13,0,395.30443590,395.30443590,n00000027,Emergency and Acute Clinical Diagnostics,1,0.999998,0,0,0
-1006459,Health,99,56,0,368.07375661,368.07375661,n00000184,Exclusion-Based Fact Verification Tasks,1,0.793500,0,0,0
-1006449,Health,67,38,0,394.78978797,394.78978797,n00000027,Emergency and Acute Clinical Diagnostics,1,0.999217,0,0,0
-1006416,Health,120,68,0,396.83040413,396.83040413,n00000189,Molecular and Atomic Mass Calculations,1,0.944680,0,0,0
-1006411,Health,104,59,0,365.70905662,365.70905662,n00000184,Exclusion-Based Fact Verification Tasks,1,0.965425,0,0,0
-1006407,Health,97,55,0,394.08163673,394.08163673,n00000187,Age-Related Health Determinants and Epidemiology,1,0.921907,0,0,0
-1006387,Health,93,52,0,393.97807932,393.97807932,n00000027,Emergency and Acute Clinical Diagnostics,1,1.000000,0,0,0
-1006385,Health,118,67,0,391.10083912,391.10083912,n00000027,Emergency and Acute Clinical Diagnostics,1,0.999990,0,0,0
-1006345,Health,147,83,0,387.18891635,387.18891635,n00000200,Contract Formation and Enforceability Disputes,1,0.762769,0,0,0
-1006282,Health,83,47,0,389.22355185,389.22355185,n00000027,Emergency and Acute Clinical Diagnostics,1,0.999999,0,0,0
-1006273,Health,131,74,0,392.83275378,392.83275378,n00000027,Emergency and Acute Clinical Diagnostics,1,0.999998,0,0,0
-1006209,Health,54,31,0,399.56474639,399.56474639,n00000027,Emergency and Acute Clinical Diagnostics,1,1.000000,0,0,0
-1006200,Health,91,52,0,396.65133346,396.65133346,n00000027,Emergency and Acute Clinical Diagnostics,1,1.000000,0,0,0
-1006198,Health,75,43,0,387.47896618,387.47896618,n00000027,Emergency and Acute Clinical Diagnostics,1,1.000000,0,0,0
-1006118,Health,115,65,0,412.11609052,412.11609052,n00000196,Evaluative Statement Veracity Assessment,1,0.990171,0,0,0
-1006106,Health,113,64,0,407.45525856,407.45525856,n00000030,Thermodynamic and Gas State Calculations,1,0.943113,0,0,0
-1006098,Health,147,83,0,389.87446870,389.87446870,n00000083,Metabolic Biochemistry and Nutrient Energetics,1,0.997147,0,0,0
-1006095,Health,74,42,0,400.84309250,400.84309250,n00000027,Emergency and Acute Clinical Diagnostics,1,0.999999,0,0,0
-1006080,Health,106,60,0,386.02176106,386.02176106,n00000027,Emergency and Acute Clinical Diagnostics,1,0.999903,0,0,0
-1006066,Health,107,61,0,393.44626582,393.44626582,n00000027,Emergency and Acute Clinical Diagnostics,1,0.999999,0,0,0
-1006021,Health,19,11,0,394.02185616,394.02185616,n00000027,Emergency and Acute Clinical Diagnostics,1,1.000000,0,0,0
-1006017,Health,32,19,0,399.94461811,399.94461811,n00000027,Emergency and Acute Clinical Diagnostics,1,0.999778,0,0,0
-1005963,Health,126,71,0,411.70878853,411.70878853,n00000196,Evaluative Statement Veracity Assessment,1,0.992087,0,0,0
-1005956,Health,129,73,0,394.88611393,394.88611393,n00000027,Emergency and Acute Clinical Diagnostics,1,0.999906,0,0,0
-1005945,Health,22,13,0,394.09287069,394.09287069,n00000027,Emergency and Acute Clinical Diagnostics,1,0.999998,0,0,0
-1005894,Health,90,51,0,380.90565297,380.90565297,n00000187,Age-Related Health Determinants and Epidemiology,1,0.997751,0,0,0
-1005878,Health,40,23,0,401.25764002,401.25764002,n00000027,Emergency and Acute Clinical Diagnostics,1,1.000000,0,0,0
6004,Health,143,81,0,378.76060403,378.76060403,n00000124,Molecular Biology and Genetic Engineering Mechanisms,1,0.814542,0,0,0
6006,Health,97,55,0,368.44854194,368.44854194,n00000104,Paleoanthropology and Human Evolutionary Timelines,1,0.947134,0,0,0
6008,Health,60,33,0,417.82696671,417.82696671,n00000030,Thermodynamic and Gas State Calculations,1,1.000000,0,0,0
6013,Health,50,29,0,395.00383563,395.00383563,n00000027,Emergency and Acute Clinical Diagnostics,1,0.968290,0,0,0
6015,Health,83,47,0,383.06122245,383.06122245,n00000217,Psychotherapy Ethics and Clinical Practice Standards,1,0.900576,0,0,0
6017,Health,68,39,0,386.84145935,386.84145935,n00000187,Age-Related Health Determinants and Epidemiology,1,0.639939,0,0,0
6018,Health,115,65,0,375.96252572,375.96252572,n00000183,Demographic Behavior and Public Opinion Metrics,1,0.688085,0,0,0
6019,Health,115,65,0,382.15545152,382.15545152,n00000218,Developmental and Social Psychological Mechanisms,1,0.500061,0,0,0
6020,Health,90,51,0,386.61106639,386.61106639,n00000040,Comparative Functional Organismal Biology,1,0.895101,0,0,0
6023,Health,111,63,0,386.36299083,386.36299083,n00000221,Psychometric Test Theory and Validation,1,0.487085,0,1,0
6024,Health,61,35,0,389.37472414,389.37472414,n00000082,Anatomical and Genetic Health Mechanisms,1,0.988884,0,0,0
6030,Health,154,87,0,384.65107261,384.65107261,n00000082,Anatomical and Genetic Health Mechanisms,1,0.997650,0,0,0
6031,Health,154,87,0,382.37804768,382.37804768,n00000082,Anatomical and Genetic Health Mechanisms,1,0.994303,0,0,0
6033,Health,57,33,0,399.79932490,399.79932490,n00000027,Emergency and Acute Clinical Diagnostics,1,1.000000,0,0,0
6048,Health,64,37,0,399.06186282,399.06186282,n00000027,Emergency and Acute Clinical Diagnostics,1,0.999137,0,0,0
6053,Health,90,51,0,380.90565297,380.90565297,n00000187,Age-Related Health Determinants and Epidemiology,1,0.997751,0,0,0
6055,Health,133,75,0,380.36814842,380.36814842,n00000187,Age-Related Health Determinants and Epidemiology,1,0.729165,0,0,0
6057,Health,113,64,0,383.54448779,383.54448779,n00000187,Age-Related Health Determinants and Epidemiology,1,0.676567,0,0,0
6060,Health,154,87,0,379.92459300,379.92459300,n00000195,Cellular and Systemic Physiological Regulation Mechanisms,1,0.996111,0,0,0
6063,Health,147,83,0,378.17078215,378.17078215,n00000083,Metabolic Biochemistry and Nutrient Energetics,1,0.917185,0,0,0
6066,Health,74,41,0,385.82710497,385.82710497,n00000186,Pathogen-Specific Clinical Intervention Mechanisms,1,0.786933,0,0,0
6071,Health,110,62,0,385.82184733,385.82184733,n00000186,Pathogen-Specific Clinical Intervention Mechanisms,1,0.726378,0,0,0
6072,Health,120,68,0,398.43830765,398.43830765,n00000204,Aqueous Acid Base Equilibrium Calculations,1,0.999996,0,0,0
6081,Health,154,87,0,378.90421863,378.90421863,n00000187,Age-Related Health Determinants and Epidemiology,1,0.869519,0,0,0
6083,Health,72,41,0,385.84442450,385.84442450,n00000027,Emergency and Acute Clinical Diagnostics,1,0.556146,0,0,0
6087,Health,86,49,0,398.18072992,398.18072992,n00000027,Emergency and Acute Clinical Diagnostics,1,0.996748,0,0,0
6089,Health,99,56,0,392.01681256,392.01681256,n00000082,Anatomical and Genetic Health Mechanisms,1,0.995125,0,0,0
6090,Health,82,46,0,389.02271503,389.02271503,n00000143,Classical Philosophical and Legal Doctrines,1,0.469634,0,1,1
6094,Health,115,65,0,385.53012976,385.53012976,n00000183,Demographic Behavior and Public Opinion Metrics,1,0.994427,0,0,0
6096,Health,61,35,0,392.39740200,392.39740200,n00000082,Anatomical and Genetic Health Mechanisms,1,0.969568,0,0,0
6097,Health,147,83,0,391.45876892,391.45876892,n00000125,Polygenic and Mendelian Inheritance Analysis,1,0.973928,0,0,0
6110,Health,147,83,0,389.88441360,389.88441360,n00000027,Emergency and Acute Clinical Diagnostics,1,0.954216,0,0,0
6111,Health,147,83,0,385.04355236,385.04355236,n00000187,Age-Related Health Determinants and Epidemiology,1,0.457845,0,0,0
6112,Health,43,25,0,393.60578206,393.60578206,n00000027,Emergency and Acute Clinical Diagnostics,1,1.000000,0,0,0
6113,Health,50,28,0,400.50167369,400.50167369,n00000027,Emergency and Acute Clinical Diagnostics,1,0.999976,0,0,0
6115,Health,129,73,0,392.21914097,392.21914097,n00000027,Emergency and Acute Clinical Diagnostics,1,0.999681,0,0,0
6121,Health,146,82,0,371.83780689,371.83780689,n00000182,Global Socioeconomic and Health Indicators,1,0.418482,0,0,0
6129,Health,131,74,0,387.07300739,387.07300739,n00000083,Metabolic Biochemistry and Nutrient Energetics,1,0.999997,0,0,0
6130,Health,124,70,0,375.01731420,375.01731420,n00000187,Age-Related Health Determinants and Epidemiology,1,0.954588,0,0,0
6131,Health,111,63,0,377.21533692,377.21533692,n00000221,Psychometric Test Theory and Validation,1,0.864153,0,0,0
6137,Health,142,80,0,389.19714809,389.19714809,n00000083,Metabolic Biochemistry and Nutrient Energetics,1,0.804024,0,0,0
6138,Health,61,35,0,387.69813470,387.69813470,n00000083,Metabolic Biochemistry and Nutrient Energetics,1,0.935057,0,0,0
6140,Health,136,77,0,390.26162206,390.26162206,n00000083,Metabolic Biochemistry and Nutrient Energetics,1,0.999886,0,0,0
6143,Health,131,74,0,387.66246206,387.66246206,n00000186,Pathogen-Specific Clinical Intervention Mechanisms,1,0.849455,0,0,0
6153,Health,154,87,0,374.94771288,374.94771288,n00000185,Cultural and Historical Trivia Identification,1,0.502479,0,0,0
6154,Health,115,65,0,380.59175907,380.59175907,n00000187,Age-Related Health Determinants and Epidemiology,1,0.934309,0,0,0
6159,Health,135,76,0,391.41878778,391.41878778,n00000125,Polygenic and Mendelian Inheritance Analysis,1,0.994618,0,0,0
6161,Health,124,70,0,385.72082253,385.72082253,n00000187,Age-Related Health Determinants and Epidemiology,1,0.387728,0,0,0
6162,Health,131,74,0,387.67228931,387.67228931,n00000125,Polygenic and Mendelian Inheritance Analysis,1,0.998779,0,0,0
6167,Health,88,50,0,391.91195730,391.91195730,n00000027,Emergency and Acute Clinical Diagnostics,1,0.999959,0,0,0
6172,Health,126,71,0,387.37946270,387.37946270,n00000082,Anatomical and Genetic Health Mechanisms,1,0.996084,0,0,0
6174,Health,22,13,0,389.33371814,389.33371814,n00000027,Emergency and Acute Clinical Diagnostics,1,1.000000,0,0,0
6176,Health,32,19,0,399.50299640,399.50299640,n00000027,Emergency and Acute Clinical Diagnostics,1,0.999920,0,0,0
6181,Health,19,11,0,394.02185616,394.02185616,n00000027,Emergency and Acute Clinical Diagnostics,1,1.000000,0,0,0
6193,Health,136,77,0,382.80024061,382.80024061,n00000187,Age-Related Health Determinants and Epidemiology,1,0.773023,0,0,0
6198,Health,129,73,0,384.26407365,384.26407365,n00000194,Macronutrient Biochemistry and Physiological Functions,1,0.957177,0,0,0
6206,Health,102,57,0,379.44620477,379.44620477,n00000195,Cellular and Systemic Physiological Regulation Mechanisms,1,0.951168,0,0,0
6207,Health,131,74,0,391.29950226,391.29950226,n00000027,Emergency and Acute Clinical Diagnostics,1,0.927968,0,0,0
6213,Health,79,45,0,393.15974221,393.15974221,n00000040,Comparative Functional Organismal Biology,1,0.997030,0,0,0
6214,Health,90,51,0,374.74006383,374.74006383,n00000183,Demographic Behavior and Public Opinion Metrics,1,0.965985,0,0,0
6216,Health,133,75,0,384.10908087,384.10908087,n00000222,Cognitive and Perceptual Learning Mechanisms,1,0.600367,0,1,1
6218,Health,67,38,0,382.64952072,382.64952072,n00000083,Metabolic Biochemistry and Nutrient Energetics,1,0.745034,0,0,0
6222,Health,92,52,0,392.78741875,392.78741875,n00000082,Anatomical and Genetic Health Mechanisms,1,0.998438,0,0,0
6223,Health,120,68,0,387.55170485,387.55170485,n00000082,Anatomical and Genetic Health Mechanisms,1,0.972615,0,0,0
6224,Health,131,74,0,383.34003634,383.34003634,n00000082,Anatomical and Genetic Health Mechanisms,1,0.882015,0,0,0
6226,Health,107,61,0,392.68831504,392.68831504,n00000027,Emergency and Acute Clinical Diagnostics,1,0.999998,0,0,0
6230,Health,43,24,0,393.49354312,393.49354312,n00000027,Emergency and Acute Clinical Diagnostics,1,0.987609,0,0,0
6236,Health,19,11,0,396.61936375,396.61936375,n00000027,Emergency and Acute Clinical Diagnostics,1,0.999561,0,0,0
6240,Health,97,55,0,385.19960498,385.19960498,n00000027,Emergency and Acute Clinical Diagnostics,1,0.999711,0,0,0
6242,Health,129,73,0,386.86777521,386.86777521,n00000027,Emergency and Acute Clinical Diagnostics,1,0.979971,0,0,0
6252,Health,30,17,0,399.77014538,399.77014538,n00000027,Emergency and Acute Clinical Diagnostics,1,1.000000,0,0,0
6259,Health,147,83,0,389.87446870,389.87446870,n00000083,Metabolic Biochemistry and Nutrient Energetics,1,0.997147,0,0,0
6263,Health,154,87,0,367.43808175,367.43808175,n00000184,Exclusion-Based Fact Verification Tasks,1,0.479401,0,0,0
6264,Health,117,66,0,386.59507780,386.59507780,n00000083,Metabolic Biochemistry and Nutrient Energetics,1,0.998662,0,0,0
6277,Health,117,66,0,377.56747431,377.56747431,n00000040,Comparative Functional Organismal Biology,1,0.729241,0,0,0
6280,Health,147,83,0,384.99423421,384.99423421,n00000083,Metabolic Biochemistry and Nutrient Energetics,1,0.935483,0,0,0
6281,Health,154,87,0,386.84644306,386.84644306,n00000082,Anatomical and Genetic Health Mechanisms,1,0.964822,0,0,0
6287,Health,113,64,0,380.90433450,380.90433450,n00000215,Developmental and Personality Theories in Psychology,1,0.508643,0,0,0
6289,Health,88,50,0,389.49407773,389.49407773,n00000221,Psychometric Test Theory and Validation,1,0.882693,0,0,0
6291,Health,104,59,0,392.82097977,392.82097977,n00000221,Psychometric Test Theory and Validation,1,0.802993,0,0,0
6293,Health,115,65,0,381.07362768,381.07362768,n00000183,Demographic Behavior and Public Opinion Metrics,1,0.878729,0,0,0
6295,Health,154,87,0,379.57437654,379.57437654,n00000187,Age-Related Health Determinants and Epidemiology,1,0.919400,0,0,0
6298,Health,136,77,0,377.26650463,377.26650463,n00000187,Age-Related Health Determinants and Epidemiology,1,0.983993,0,0,0
6311,Health,141,79,0,388.32185933,388.32185933,n00000187,Age-Related Health Determinants and Epidemiology,1,0.549584,0,0,0
6321,Health,126,71,0,374.29908132,374.29908132,n00000194,Macronutrient Biochemistry and Physiological Functions,1,0.962480,0,0,0
6330,Health,82,47,0,388.90285025,388.90285025,n00000083,Metabolic Biochemistry and Nutrient Energetics,1,0.999722,0,0,0
6332,Health,131,74,0,394.14378621,394.14378621,n00000267,Colligative Property and Solution Concentration Calculations,1,0.993956,0,0,0
6333,Health,142,80,0,375.15656850,375.15656850,n00000082,Anatomical and Genetic Health Mechanisms,1,0.648350,0,0,0
6337,Health,126,71,0,388.03538173,388.03538173,n00000221,Psychometric Test Theory and Validation,1,0.925198,0,0,0
6338,Health,72,41,0,387.05729845,387.05729845,n00000218,Developmental and Social Psychological Mechanisms,1,0.805457,0,0,0
6345,Health,77,44,0,381.80270012,381.80270012,n00000083,Metabolic Biochemistry and Nutrient Energetics,1,0.707457,0,0,0
6346,Health,90,51,0,398.81906677,398.81906677,n00000187,Age-Related Health Determinants and Epidemiology,1,0.730522,0,0,0
6347,Health,72,41,0,385.97984974,385.97984974,n00000126,Genetic and Chromosomal Sex Determination Mechanisms,1,0.856018,0,0,0
6348,Health,92,52,0,389.01735506,389.01735506,n00000082,Anatomical and Genetic Health Mechanisms,1,0.984564,0,0,0
6354,Health,120,68,0,399.20599133,399.20599133,n00000027,Emergency and Acute Clinical Diagnostics,1,0.908768,0,0,0
6355,Health,103,58,0,388.89255313,388.89255313,n00000082,Anatomical and Genetic Health Mechanisms,1,0.947678,0,0,0
6368,Health,77,44,0,389.61814645,389.61814645,n00000027,Emergency and Acute Clinical Diagnostics,1,0.800692,0,0,0
6373,Health,9,5,0,409.43272431,409.43272431,n00000027,Emergency and Acute Clinical Diagnostics,1,1.000000,0,0,0
6385,Health,147,83,0,388.56893702,388.56893702,n00000194,Macronutrient Biochemistry and Physiological Functions,1,0.966537,0,0,0
6391,Health,154,87,0,377.66948400,377.66948400,n00000083,Metabolic Biochemistry and Nutrient Energetics,1,0.808579,0,0,0
6393,Health,108,61,0,386.22931686,386.22931686,n00000186,Pathogen-Specific Clinical Intervention Mechanisms,1,0.991989,0,0,0
6395,Health,124,70,0,381.39481039,381.39481039,n00000187,Age-Related Health Determinants and Epidemiology,1,0.819038,0,0,0
6400,Health,88,50,0,387.64117724,387.64117724,n00000215,Developmental and Personality Theories in Psychology,1,0.760853,0,0,0
6401,Health,147,83,0,386.94820626,386.94820626,n00000187,Age-Related Health Determinants and Epidemiology,1,0.918239,0,0,0
6403,Health,120,68,0,381.87011426,381.87011426,n00000195,Cellular and Systemic Physiological Regulation Mechanisms,1,0.693305,0,0,0
6411,Health,79,45,0,386.06290436,386.06290436,n00000222,Cognitive and Perceptual Learning Mechanisms,1,0.533461,0,1,1
6413,Health,90,51,0,383.76233893,383.76233893,n00000215,Developmental and Personality Theories in Psychology,1,0.868899,0,0,0
6414,Health,90,51,0,385.18538694,385.18538694,n00000221,Psychometric Test Theory and Validation,1,0.569213,0,1,0
6419,Health,50,29,0,395.84937237,395.84937237,n00000027,Emergency and Acute Clinical Diagnostics,1,0.996725,0,0,0
6422,Health,135,76,0,381.70838342,381.70838342,n00000082,Anatomical and Genetic Health Mechanisms,1,0.934184,0,0,0
6424,Health,147,83,0,384.01921207,384.01921207,n00000027,Emergency and Acute Clinical Diagnostics,1,0.978085,0,0,0
6425,Health,120,68,0,393.87884789,393.87884789,n00000027,Emergency and Acute Clinical Diagnostics,1,0.991809,0,0,0
6428,Health,147,83,0,385.07943102,385.07943102,n00000083,Metabolic Biochemistry and Nutrient Energetics,1,0.965948,0,0,0
6437,Health,51,28,0,401.60311844,401.60311844,n00000027,Emergency and Acute Clinical Diagnostics,1,1.000000,0,0,0
6439,Health,83,47,0,388.04449265,388.04449265,n00000027,Emergency and Acute Clinical Diagnostics,1,0.999998,0,0,0
6443,Health,19,11,0,398.37936991,398.37936991,n00000027,Emergency and Acute Clinical Diagnostics,1,0.999351,0,0,0
6446,Health,19,11,0,402.56477708,402.56477708,n00000027,Emergency and Acute Clinical Diagnostics,1,1.000000,0,0,0
6452,Health,81,46,0,371.25416189,371.25416189,n00000186,Pathogen-Specific Clinical Intervention Mechanisms,1,0.890420,0,0,0
6459,Health,68,38,0,387.17699586,387.17699586,n00000215,Developmental and Personality Theories in Psychology,1,0.767784,0,0,0
6461,Health,131,74,0,383.22104872,383.22104872,n00000083,Metabolic Biochemistry and Nutrient Energetics,1,0.991986,0,0,0
6466,Health,154,87,0,381.86220418,381.86220418,n00000040,Comparative Functional Organismal Biology,1,0.951358,0,0,0
6468,Health,115,65,0,375.02321498,375.02321498,n00000187,Age-Related Health Determinants and Epidemiology,1,0.888338,0,0,0
6469,Health,103,58,0,389.74584908,389.74584908,n00000221,Psychometric Test Theory and Validation,1,0.818091,0,0,0
6471,Health,154,87,0,384.61632752,384.61632752,n00000183,Demographic Behavior and Public Opinion Metrics,1,0.701223,0,0,0
6472,Health,122,69,0,374.68980063,374.68980063,n00000181,Comparative Economic Systems and Critiques,1,0.913202,0,0,0
6479,Health,138,78,0,386.99575490,386.99575490,n00000082,Anatomical and Genetic Health Mechanisms,1,0.872264,0,0,0
6482,Health,81,46,0,390.48802503,390.48802503,n00000082,Anatomical and Genetic Health Mechanisms,1,0.999393,0,0,0
6484,Health,142,80,0,380.77348434,380.77348434,n00000082,Anatomical and Genetic Health Mechanisms,1,0.996200,0,0,0
6485,Health,149,84,0,375.18642025,375.18642025,n00000082,Anatomical and Genetic Health Mechanisms,1,0.957455,0,0,0
6486,Health,149,84,0,383.25263412,383.25263412,n00000082,Anatomical and Genetic Health Mechanisms,1,0.825342,0,0,0
6490,Health,92,52,0,398.97396200,398.97396200,n00000027,Emergency and Acute Clinical Diagnostics,1,1.000000,0,0,0
6505,Health,46,27,0,392.90797414,392.90797414,n00000027,Emergency and Acute Clinical Diagnostics,1,1.000000,0,0,0
6512,Health,154,87,0,376.89948494,376.89948494,n00000266,Market Equilibrium and Price Mechanism Analysis,1,0.464768,0,0,0
6516,Health,81,46,0,379.42874762,379.42874762,n00000187,Age-Related Health Determinants and Epidemiology,1,0.997023,0,0,0
6518,Health,124,70,0,380.88476879,380.88476879,n00000124,Molecular Biology and Genetic Engineering Mechanisms,1,0.988390,0,0,0
6526,Health,120,68,0,385.70496435,385.70496435,n00000187,Age-Related Health Determinants and Epidemiology,1,0.537761,0,0,0
6530,Health,154,87,0,370.77344345,370.77344345,n00000183,Demographic Behavior and Public Opinion Metrics,1,0.795596,0,0,0
6531,Health,133,75,0,391.48021789,391.48021789,n00000221,Psychometric Test Theory and Validation,1,0.536104,0,0,0
6534,Health,154,87,0,391.92596854,391.92596854,n00000082,Anatomical and Genetic Health Mechanisms,1,0.436389,0,0,0
6535,Health,97,55,0,392.94698646,392.94698646,n00000082,Anatomical and Genetic Health Mechanisms,1,0.915246,0,0,0
6541,Health,32,18,0,400.44934883,400.44934883,n00000027,Emergency and Acute Clinical Diagnostics,1,1.000000,0,0,0
6546,Health,57,33,0,397.25787757,397.25787757,n00000027,Emergency and Acute Clinical Diagnostics,1,0.999343,0,0,0
6550,Health,80,45,0,392.49770062,392.49770062,n00000027,Emergency and Acute Clinical Diagnostics,1,1.000000,0,0,0
6552,Health,33,19,0,390.88740290,390.88740290,n00000027,Emergency and Acute Clinical Diagnostics,1,0.999917,0,0,0
6565,Health,122,69,0,381.12200563,381.12200563,n00000187,Age-Related Health Determinants and Epidemiology,1,0.984723,0,0,0
6567,Health,98,55,0,383.06609619,383.06609619,n00000194,Macronutrient Biochemistry and Physiological Functions,1,0.980047,0,0,0
6571,Health,97,55,0,394.08163673,394.08163673,n00000187,Age-Related Health Determinants and Epidemiology,1,0.921907,0,0,0
6581,Health,119,67,0,395.34305106,395.34305106,n00000083,Metabolic Biochemistry and Nutrient Energetics,1,0.999518,0,0,0
6582,Health,136,77,0,366.49569095,366.49569095,n00000182,Global Socioeconomic and Health Indicators,1,0.585467,0,0,0
6586,Health,112,63,0,384.62639701,384.62639701,n00000040,Comparative Functional Organismal Biology,1,0.902228,0,0,0
6588,Health,154,87,0,378.92021289,378.92021289,n00000124,Molecular Biology and Genetic Engineering Mechanisms,1,0.404058,0,0,0
6592,Health,76,43,0,397.05034201,397.05034201,n00000027,Emergency and Acute Clinical Diagnostics,1,0.987320,0,0,0
6594,Health,76,43,0,392.12365669,392.12365669,n00000027,Emergency and Acute Clinical Diagnostics,1,0.972038,0,0,0
6596,Health,116,66,0,396.09794824,396.09794824,n00000027,Emergency and Acute Clinical Diagnostics,1,0.998255,0,0,0
6601,Health,76,43,0,398.61282470,398.61282470,n00000027,Emergency and Acute Clinical Diagnostics,1,0.984061,0,0,0
6606,Health,117,66,0,388.26691234,388.26691234,n00000082,Anatomical and Genetic Health Mechanisms,1,0.999374,0,0,0
6612,Health,67,38,0,393.23686504,393.23686504,n00000027,Emergency and Acute Clinical Diagnostics,1,0.999538,0,0,0
6616,Health,61,35,0,390.43553302,390.43553302,n00000027,Emergency and Acute Clinical Diagnostics,1,0.999911,0,0,0
6623,Health,99,56,0,368.07375661,368.07375661,n00000184,Exclusion-Based Fact Verification Tasks,1,0.793500,0,0,0
6628,Health,142,80,0,381.67176465,381.67176465,n00000083,Metabolic Biochemistry and Nutrient Energetics,1,0.985657,0,0,0
6630,Health,146,82,0,378.73868440,378.73868440,n00000187,Age-Related Health Determinants and Epidemiology,1,0.993545,0,0,0
6633,Health,136,77,0,381.54958911,381.54958911,n00000083,Metabolic Biochemistry and Nutrient Energetics,1,0.934137,0,0,0
6637,Health,136,77,0,386.11307707,386.11307707,n00000194,Macronutrient Biochemistry and Physiological Functions,1,0.617241,0,0,0
6652,Health,133,75,0,374.99179689,374.99179689,n00000215,Developmental and Personality Theories in Psychology,1,0.442979,0,0,0
6653,Health,133,75,0,369.66496354,369.66496354,n00000124,Molecular Biology and Genetic Engineering Mechanisms,1,0.982876,0,0,0
6658,Health,154,87,0,384.60304672,384.60304672,n00000125,Polygenic and Mendelian Inheritance Analysis,1,0.600210,0,0,0
6660,Health,56,32,0,392.88121410,392.88121410,n00000082,Anatomical and Genetic Health Mechanisms,1,0.899200,0,0,0
6661,Health,86,49,0,395.64001431,395.64001431,n00000027,Emergency and Acute Clinical Diagnostics,1,0.976576,0,0,0
6662,Health,142,80,0,380.93851064,380.93851064,n00000082,Anatomical and Genetic Health Mechanisms,1,0.952097,0,0,0
6666,Health,101,57,0,396.60996828,396.60996828,n00000027,Emergency and Acute Clinical Diagnostics,1,0.999999,0,0,0
6668,Health,81,46,0,388.02968427,388.02968427,n00000083,Metabolic Biochemistry and Nutrient Energetics,1,0.999780,0,0,0
6671,Health,56,32,0,394.06298618,394.06298618,n00000027,Emergency and Acute Clinical Diagnostics,1,0.999670,0,0,0
6681,Health,107,61,0,395.37695975,395.37695975,n00000027,Emergency and Acute Clinical Diagnostics,1,1.000000,0,0,0
6688,Health,72,41,0,391.80132339,391.80132339,n00000027,Emergency and Acute Clinical Diagnostics,1,0.999978,0,0,0
6690,Health,87,49,0,391.17369842,391.17369842,n00000027,Emergency and Acute Clinical Diagnostics,1,0.999951,0,0,0
6699,Health,103,58,0,379.54155127,379.54155127,n00000187,Age-Related Health Determinants and Epidemiology,1,0.955337,0,0,0
6716,Health,108,61,0,380.58406889,380.58406889,n00000186,Pathogen-Specific Clinical Intervention Mechanisms,1,0.970447,0,0,0
6718,Health,118,67,0,374.07456283,374.07456283,n00000186,Pathogen-Specific Clinical Intervention Mechanisms,1,0.710322,0,0,0
6719,Health,128,72,0,381.17769640,381.17769640,n00000194,Macronutrient Biochemistry and Physiological Functions,1,0.785115,0,0,0
6724,Health,83,47,0,388.53711967,388.53711967,n00000027,Emergency and Acute Clinical Diagnostics,1,0.670836,0,0,0
6726,Health,108,61,0,378.35051523,378.35051523,n00000217,Psychotherapy Ethics and Clinical Practice Standards,1,0.627327,0,0,0
6728,Health,131,74,0,397.27399243,397.27399243,n00000027,Emergency and Acute Clinical Diagnostics,1,0.791175,0,0,0
6739,Health,154,87,0,371.90281054,371.90281054,n00000181,Comparative Economic Systems and Critiques,1,0.874771,0,0,0
6741,Health,120,68,0,382.72930991,382.72930991,n00000082,Anatomical and Genetic Health Mechanisms,1,0.998244,0,0,0
6742,Health,77,44,0,386.61222066,386.61222066,n00000027,Emergency and Acute Clinical Diagnostics,1,0.994932,0,0,0
6743,Health,81,46,0,391.29849293,391.29849293,n00000082,Anatomical and Genetic Health Mechanisms,1,0.996378,0,0,0
6748,Health,19,11,0,397.65293657,397.65293657,n00000027,Emergency and Acute Clinical Diagnostics,1,0.999998,0,0,0
6750,Health,68,39,0,397.58345888,397.58345888,n00000027,Emergency and Acute Clinical Diagnostics,1,1.000000,0,0,0
6753,Health,97,55,0,394.65221127,394.65221127,n00000027,Emergency and Acute Clinical Diagnostics,1,0.999802,0,0,0
6754,Health,19,11,0,399.84140842,399.84140842,n00000027,Emergency and Acute Clinical Diagnostics,1,0.971601,0,0,0
6764,Health,143,81,0,386.50149873,386.50149873,n00000194,Macronutrient Biochemistry and Physiological Functions,1,0.666226,0,0,0
6768,Health,154,87,0,379.81080833,379.81080833,n00000083,Metabolic Biochemistry and Nutrient Energetics,1,0.847389,0,0,0
6772,Health,140,79,0,378.05788358,378.05788358,n00000186,Pathogen-Specific Clinical Intervention Mechanisms,1,0.857718,0,0,0
6773,Health,138,78,0,382.45571491,382.45571491,n00000126,Genetic and Chromosomal Sex Determination Mechanisms,1,0.559757,0,0,0
6774,Health,154,87,0,379.42976834,379.42976834,n00000124,Molecular Biology and Genetic Engineering Mechanisms,1,0.911001,0,0,0
6776,Health,131,74,0,383.36257946,383.36257946,n00000083,Metabolic Biochemistry and Nutrient Energetics,1,0.751889,0,0,0
6779,Health,136,77,0,382.98898444,382.98898444,n00000126,Genetic and Chromosomal Sex Determination Mechanisms,1,0.975478,0,0,0
6781,Health,77,43,0,378.37873289,378.37873289,n00000142,Normative Ethical Theory Applications,1,0.996622,0,0,0
6792,Health,147,83,0,389.65915348,389.65915348,n00000245,Statistical Inference and Probability Theory,1,0.819379,0,1,1
6793,Health,22,13,0,399.25413172,399.25413172,n00000027,Emergency and Acute Clinical Diagnostics,1,1.000000,0,0,0
6795,Health,106,60,0,391.18706065,391.18706065,n00000027,Emergency and Acute Clinical Diagnostics,1,0.985521,0,0,0
6798,Health,19,11,0,399.24893887,399.24893887,n00000027,Emergency and Acute Clinical Diagnostics,1,1.000000,0,0,0
6813,Health,117,66,0,374.83287442,374.83287442,n00000124,Molecular Biology and Genetic Engineering Mechanisms,1,0.743490,0,0,0
6815,Health,147,83,0,392.09633567,392.09633567,n00000083,Metabolic Biochemistry and Nutrient Energetics,1,0.995112,0,0,0
6818,Health,135,76,0,386.37989784,386.37989784,n00000083,Metabolic Biochemistry and Nutrient Energetics,1,0.996347,0,0,0
6820,Health,104,59,0,379.21886887,379.21886887,n00000182,Global Socioeconomic and Health Indicators,1,0.997862,0,0,0
4674,History,117,66,0,376.29455482,376.29455482,n00000104,Paleoanthropology and Human Evolutionary Timelines,1,0.904846,0,0,0
4675,History,120,68,0,385.51110969,385.51110969,n00000040,Comparative Functional Organismal Biology,1,0.997370,0,0,0
4676,History,68,39,0,375.88152315,375.88152315,n00000104,Paleoanthropology and Human Evolutionary Timelines,1,0.996953,0,0,0
4678,History,50,28,0,367.03392341,367.03392341,n00000107,Post-War Geopolitical Doctrine and Rhetoric,1,0.693726,0,1,1
4690,History,125,70,0,376.20396194,376.20396194,n00000143,Classical Philosophical and Legal Doctrines,1,0.884504,0,1,1
4692,History,39,22,0,376.10829715,376.10829715,n00000106,Colonial Justification and Imperial Ideology,1,0.998206,0,0,0
4694,History,132,74,0,370.08062031,370.08062031,n00000106,Colonial Justification and Imperial Ideology,1,0.999139,0,0,0
4695,History,141,79,0,378.02961082,378.02961082,n00000107,Post-War Geopolitical Doctrine and Rhetoric,1,0.999874,0,1,1
4699,History,8,4,0,371.77124792,371.77124792,n00000107,Post-War Geopolitical Doctrine and Rhetoric,1,0.903727,0,1,1
4701,History,34,19,0,381.91209918,381.91209918,n00000105,Archaeological Foundations of Early Civilizations,1,0.997523,0,0,0
4704,History,60,34,0,372.81492831,372.81492831,n00000105,Archaeological Foundations of Early Civilizations,1,0.996285,0,0,0
4705,History,154,87,0,385.40985715,385.40985715,n00000196,Evaluative Statement Veracity Assessment,1,0.694729,0,0,0
4712,History,31,17,0,379.79675851,379.79675851,n00000105,Archaeological Foundations of Early Civilizations,1,0.999804,0,0,0
4717,History,49,27,0,381.73732331,381.73732331,n00000107,Post-War Geopolitical Doctrine and Rhetoric,1,0.999974,0,1,1
4719,History,77,43,0,372.36033394,372.36033394,n00000106,Colonial Justification and Imperial Ideology,1,0.826292,0,0,0
4727,History,21,11,0,375.28605991,375.28605991,n00000106,Colonial Justification and Imperial Ideology,1,0.999883,0,0,0
4729,History,75,43,0,371.51424416,371.51424416,n00000106,Colonial Justification and Imperial Ideology,1,0.955868,0,0,0
4732,History,144,81,0,372.72548983,372.72548983,n00000104,Paleoanthropology and Human Evolutionary Timelines,1,0.861453,0,0,0
4736,History,128,72,0,375.13328526,375.13328526,n00000105,Archaeological Foundations of Early Civilizations,1,0.999576,0,0,0
4740,History,90,51,0,373.47618055,373.47618055,n00000107,Post-War Geopolitical Doctrine and Rhetoric,1,0.998591,0,1,1
4742,History,58,32,0,386.12068419,386.12068419,n00000199,First Amendment Limits on State Regulation,1,0.469838,0,1,1
4746,History,63,35,0,378.11122772,378.11122772,n00000107,Post-War Geopolitical Doctrine and Rhetoric,1,0.936989,0,1,1
4751,History,66,36,0,381.57037513,381.57037513,n00000106,Colonial Justification and Imperial Ideology,1,0.999916,0,0,0
4754,History,114,64,0,376.95547730,376.95547730,n00000104,Paleoanthropology and Human Evolutionary Timelines,1,0.973148,0,0,0
4756,History,140,79,0,373.96695618,373.96695618,n00000040,Comparative Functional Organismal Biology,1,0.363082,0,0,0
4758,History,79,45,0,393.45881523,393.45881523,n00000040,Comparative Functional Organismal Biology,1,0.999953,0,0,0
4761,History,139,78,0,376.20004198,376.20004198,n00000126,Genetic and Chromosomal Sex Determination Mechanisms,1,0.966160,0,0,0
4767,History,63,35,0,374.18392680,374.18392680,n00000107,Post-War Geopolitical Doctrine and Rhetoric,1,0.926555,0,1,1
4775,History,50,28,0,375.90857982,375.90857982,n00000106,Colonial Justification and Imperial Ideology,1,0.922508,0,0,0
4777,History,8,4,0,366.41390252,366.41390252,n00000105,Archaeological Foundations of Early Civilizations,1,0.824542,0,0,0
4778,History,18,10,0,368.79999652,368.79999652,n00000105,Archaeological Foundations of Early Civilizations,1,0.963777,0,0,0
4781,History,49,28,0,373.97518229,373.97518229,n00000104,Paleoanthropology and Human Evolutionary Timelines,1,0.994298,0,0,0
4787,History,78,44,0,375.03460241,375.03460241,n00000105,Archaeological Foundations of Early Civilizations,1,0.917196,0,0,0
4791,History,58,32,0,375.70175624,375.70175624,n00000106,Colonial Justification and Imperial Ideology,1,0.718603,0,1,0
4797,History,66,37,0,370.93125736,370.93125736,n00000106,Colonial Justification and Imperial Ideology,1,0.675769,0,1,0
4800,History,68,37,0,371.90206395,371.90206395,n00000107,Post-War Geopolitical Doctrine and Rhetoric,1,0.981941,0,1,1
4804,History,58,32,0,370.07074513,370.07074513,n00000106,Colonial Justification and Imperial Ideology,1,0.999814,0,0,0
4812,History,32,17,0,378.18846853,378.18846853,n00000106,Colonial Justification and Imperial Ideology,1,0.996494,0,0,0
4813,History,31,17,0,371.34798397,371.34798397,n00000105,Archaeological Foundations of Early Civilizations,1,0.937368,0,0,0
4816,History,52,29,0,375.74483921,375.74483921,n00000105,Archaeological Foundations of Early Civilizations,1,0.967970,0,0,0
4817,History,144,81,0,372.79296948,372.79296948,n00000105,Archaeological Foundations of Early Civilizations,1,0.748486,0,0,0
4819,History,117,66,0,380.93966030,380.93966030,n00000104,Paleoanthropology and Human Evolutionary Timelines,1,0.994757,0,0,0
4822,History,135,76,0,368.09484723,368.09484723,n00000105,Archaeological Foundations of Early Civilizations,1,0.929837,0,0,0
4827,History,21,11,0,379.56077103,379.56077103,n00000106,Colonial Justification and Imperial Ideology,1,0.999865,0,0,0
4833,History,8,4,0,374.66383405,374.66383405,n00000107,Post-War Geopolitical Doctrine and Rhetoric,1,0.501573,0,1,1
4836,History,95,54,0,374.68921947,374.68921947,n00000106,Colonial Justification and Imperial Ideology,1,0.992313,0,0,0
4840,History,31,17,0,381.07213949,381.07213949,n00000105,Archaeological Foundations of Early Civilizations,1,0.999839,0,0,0
4843,History,18,9,0,378.60939727,378.60939727,n00000105,Archaeological Foundations of Early Civilizations,1,0.997605,0,0,0
4847,History,47,26,0,376.03609858,376.03609858,n00000106,Colonial Justification and Imperial Ideology,1,0.999946,0,0,0
4848,History,36,20,0,376.94150557,376.94150557,n00000107,Post-War Geopolitical Doctrine and Rhetoric,1,0.999988,0,1,1
4852,History,39,22,0,380.43263017,380.43263017,n00000106,Colonial Justification and Imperial Ideology,1,0.996834,0,0,0
4857,History,42,23,0,363.08536353,363.08536353,n00000106,Colonial Justification and Imperial Ideology,1,0.541405,0,0,0
4858,History,32,17,0,376.13253458,376.13253458,n00000105,Archaeological Foundations of Early Civilizations,1,0.996719,0,0,0
4859,History,8,4,0,369.79055845,369.79055845,n00000107,Post-War Geopolitical Doctrine and Rhetoric,1,0.627922,0,1,1
4862,History,67,38,0,370.74968521,370.74968521,n00000105,Archaeological Foundations of Early Civilizations,1,0.725971,0,0,0
4864,History,128,72,0,383.12529769,383.12529769,n00000040,Comparative Functional Organismal Biology,1,0.937640,0,0,0
4865,History,117,66,0,371.91410309,371.91410309,n00000105,Archaeological Foundations of Early Civilizations,1,0.868481,0,0,0
4869,History,103,58,0,369.66762848,369.66762848,n00000105,Archaeological Foundations of Early Civilizations,1,0.963769,0,0,0
4873,History,113,64,0,374.28309936,374.28309936,n00000105,Archaeological Foundations of Early Civilizations,1,0.997027,0,0,0
4887,History,18,9,0,375.47644034,375.47644034,n00000107,Post-War Geopolitical Doctrine and Rhetoric,1,0.587822,0,1,1
4889,History,61,34,0,379.46029986,379.46029986,n00000106,Colonial Justification and Imperial Ideology,1,0.994049,0,0,0
4891,History,117,65,0,379.13691016,379.13691016,n00000143,Classical Philosophical and Legal Doctrines,1,0.881486,0,1,1
4895,History,8,4,0,371.14578499,371.14578499,n00000107,Post-War Geopolitical Doctrine and Rhetoric,1,0.579444,0,1,1
4900,History,34,18,0,376.91438924,376.91438924,n00000107,Post-War Geopolitical Doctrine and Rhetoric,1,0.920145,0,1,1
4901,History,37,20,0,378.42106143,378.42106143,n00000106,Colonial Justification and Imperial Ideology,1,0.996869,0,0,0
4902,History,36,20,0,385.17988396,385.17988396,n00000040,Comparative Functional Organismal Biology,1,0.999600,0,0,0
4904,History,154,87,0,376.88791317,376.88791317,n00000124,Molecular Biology and Genetic Engineering Mechanisms,1,0.824044,0,0,0
4905,History,140,79,0,372.06622967,372.06622967,n00000105,Archaeological Foundations of Early Civilizations,1,0.997228,0,0,0
4906,History,68,39,0,367.26332382,367.26332382,n00000105,Archaeological Foundations of Early Civilizations,1,0.999321,0,0,0
4908,History,124,70,0,378.85444793,378.85444793,n00000105,Archaeological Foundations of Early Civilizations,1,0.999961,0,0,0
4913,History,22,11,0,381.46232506,381.46232506,n00000107,Post-War Geopolitical Doctrine and Rhetoric,1,0.995145,0,1,1
4914,History,74,41,0,380.71018067,380.71018067,n00000106,Colonial Justification and Imperial Ideology,1,0.975547,0,0,0
4916,History,61,34,0,371.93365598,371.93365598,n00000107,Post-War Geopolitical Doctrine and Rhetoric,1,0.897988,0,1,1
4919,History,26,14,0,376.68022769,376.68022769,n00000106,Colonial Justification and Imperial Ideology,1,0.782833,0,0,0
4925,History,63,35,0,375.59993512,375.59993512,n00000106,Colonial Justification and Imperial Ideology,1,0.995692,0,0,0
4935,History,68,39,0,370.33801008,370.33801008,n00000105,Archaeological Foundations of Early Civilizations,1,0.779288,0,0,0
4937,History,103,58,0,372.94007905,372.94007905,n00000105,Archaeological Foundations of Early Civilizations,1,0.998754,0,0,0
4941,History,104,58,0,381.18524790,381.18524790,n00000106,Colonial Justification and Imperial Ideology,1,0.589315,0,0,0
4942,History,47,26,0,379.72521706,379.72521706,n00000106,Colonial Justification and Imperial Ideology,1,0.999993,0,0,0
4943,History,151,85,0,390.13513650,390.13513650,n00000198,State Regulation and Dormant Commerce Clause Challenges,1,0.883101,0,0,0
4944,History,87,49,0,373.01084991,373.01084991,n00000106,Colonial Justification and Imperial Ideology,1,0.966711,0,0,0
4953,History,58,32,0,381.22215512,381.22215512,n00000106,Colonial Justification and Imperial Ideology,1,0.999939,0,0,0
4958,History,8,4,0,375.88057543,375.88057543,n00000106,Colonial Justification and Imperial Ideology,1,0.705399,0,1,0
4959,History,21,11,0,375.28625277,375.28625277,n00000106,Colonial Justification and Imperial Ideology,1,0.999920,0,0,0
4961,History,23,12,0,374.04654202,374.04654202,n00000107,Post-War Geopolitical Doctrine and Rhetoric,1,0.893437,0,1,1
4962,History,57,32,0,372.50187097,372.50187097,n00000107,Post-War Geopolitical Doctrine and Rhetoric,1,0.999698,0,1,1
4965,History,147,83,0,370.70099966,370.70099966,n00000104,Paleoanthropology and Human Evolutionary Timelines,1,0.989860,0,0,0
4966,History,149,84,0,368.97531916,368.97531916,n00000105,Archaeological Foundations of Early Civilizations,1,0.991582,0,0,0
4967,History,131,74,0,377.83420886,377.83420886,n00000126,Genetic and Chromosomal Sex Determination Mechanisms,1,0.647093,0,0,0
4973,History,68,38,0,376.62410817,376.62410817,n00000106,Colonial Justification and Imperial Ideology,1,0.994818,0,0,0
4979,History,23,12,0,384.32642455,384.32642455,n00000106,Colonial Justification and Imperial Ideology,1,0.988428,0,0,0
4980,History,87,49,0,375.39673550,375.39673550,n00000106,Colonial Justification and Imperial Ideology,1,0.902960,0,0,0
4983,History,48,27,0,380.77325747,380.77325747,n00000106,Colonial Justification and Imperial Ideology,1,0.999997,0,0,0
4988,History,36,20,0,381.56458128,381.56458128,n00000106,Colonial Justification and Imperial Ideology,1,0.990777,0,0,0
4989,History,123,69,0,364.87007768,364.87007768,n00000106,Colonial Justification and Imperial Ideology,1,0.962987,0,0,0
4992,History,154,87,0,371.40919508,371.40919508,n00000107,Post-War Geopolitical Doctrine and Rhetoric,1,0.999842,0,1,1
4996,History,39,22,0,375.17886829,375.17886829,n00000105,Archaeological Foundations of Early Civilizations,1,0.998113,0,0,0
4999,History,60,34,0,374.36514174,374.36514174,n00000104,Paleoanthropology and Human Evolutionary Timelines,1,0.992103,0,0,0
5004,History,140,79,0,379.44960317,379.44960317,n00000040,Comparative Functional Organismal Biology,1,0.507748,0,0,0
5005,History,125,70,0,375.50724696,375.50724696,n00000105,Archaeological Foundations of Early Civilizations,1,0.999297,0,0,0
5006,History,49,28,0,379.97384852,379.97384852,n00000104,Paleoanthropology and Human Evolutionary Timelines,1,0.979631,0,0,0
5007,History,68,39,0,382.29692424,382.29692424,n00000105,Archaeological Foundations of Early Civilizations,1,0.846477,0,0,0
5011,History,106,59,0,375.13382758,375.13382758,n00000104,Paleoanthropology and Human Evolutionary Timelines,1,0.967237,0,0,0
5020,History,63,35,0,373.56686285,373.56686285,n00000107,Post-War Geopolitical Doctrine and Rhetoric,1,0.900897,0,1,1
5024,History,47,26,0,391.33731431,391.33731431,n00000143,Classical Philosophical and Legal Doctrines,1,0.973108,0,1,1
5026,History,8,4,0,376.88408207,376.88408207,n00000106,Colonial Justification and Imperial Ideology,1,0.955769,0,0,0
5027,History,32,17,0,372.48573160,372.48573160,n00000106,Colonial Justification and Imperial Ideology,1,0.915514,0,0,0
5033,History,110,62,0,371.01254917,371.01254917,n00000105,Archaeological Foundations of Early Civilizations,1,0.742959,0,0,0
5038,History,52,30,0,371.31453405,371.31453405,n00000104,Paleoanthropology and Human Evolutionary Timelines,1,0.840982,0,0,0
5039,History,117,66,0,377.47937325,377.47937325,n00000183,Demographic Behavior and Public Opinion Metrics,1,0.662599,0,0,0
5047,History,115,65,0,382.03485733,382.03485733,n00000183,Demographic Behavior and Public Opinion Metrics,1,0.344861,0,0,0
5049,History,60,34,0,383.57790434,383.57790434,n00000143,Classical Philosophical and Legal Doctrines,1,0.974290,0,1,1
5051,History,60,34,0,386.53953352,386.53953352,n00000143,Classical Philosophical and Legal Doctrines,1,0.968874,0,1,1
5052,History,111,62,0,372.92480367,372.92480367,n00000106,Colonial Justification and Imperial Ideology,1,0.999954,0,0,0
-1001849,Law,12,6,0,416.41641749,416.41641749,n00000234,Criminal Liability and Mens Rea Analysis,1,1.000000,0,0,0
-1001841,Law,78,44,0,417.13338748,417.13338748,n00000200,Contract Formation and Enforceability Disputes,1,1.000000,0,0,0
-1001776,Law,30,17,0,410.48562679,410.48562679,n00000234,Criminal Liability and Mens Rea Analysis,1,0.999846,0,0,0
-1001775,Law,12,6,0,414.84338774,414.84338774,n00000235,Evidence Admissibility in Negligence Litigation,1,1.000000,0,0,0
-1001771,Law,31,18,0,413.15183699,413.15183699,n00000234,Criminal Liability and Mens Rea Analysis,1,0.993227,0,0,0
-1001758,Law,107,60,0,382.74539176,382.74539176,n00000198,State Regulation and Dormant Commerce Clause Challenges,1,0.999079,0,0,0
-1001690,Law,23,13,0,411.33488102,411.33488102,n00000234,Criminal Liability and Mens Rea Analysis,1,0.999995,0,0,0
-1001686,Law,98,55,0,409.55820084,409.55820084,n00000200,Contract Formation and Enforceability Disputes,1,0.997558,0,0,0
-1001685,Law,115,65,0,384.69340455,384.69340455,n00000198,State Regulation and Dormant Commerce Clause Challenges,1,0.985553,0,0,0
-1001680,Law,78,44,0,412.39649353,412.39649353,n00000200,Contract Formation and Enforceability Disputes,1,0.999999,0,0,0
-1001677,Law,41,22,0,400.48372875,400.48372875,n00000199,First Amendment Limits on State Regulation,1,0.655938,0,1,1
-1001606,Law,98,55,0,402.49197160,402.49197160,n00000200,Contract Formation and Enforceability Disputes,1,0.999972,0,0,0
-1001599,Law,12,6,0,418.70243894,418.70243894,n00000234,Criminal Liability and Mens Rea Analysis,1,0.999976,0,0,0
-1001597,Law,43,24,0,389.95877656,389.95877656,n00000199,First Amendment Limits on State Regulation,1,0.987420,0,1,1
-1001590,Law,27,14,0,419.75573343,419.75573343,n00000200,Contract Formation and Enforceability Disputes,1,0.999575,0,0,0
-1001588,Law,43,24,0,394.83975330,394.83975330,n00000201,Real Property Title Disputes and Estates,1,0.828682,0,0,0
-1001584,Law,92,51,0,393.36302516,393.36302516,n00000198,State Regulation and Dormant Commerce Clause Challenges,1,0.998943,0,0,0
-1001509,Law,78,44,0,395.08041070,395.08041070,n00000198,State Regulation and Dormant Commerce Clause Challenges,1,0.999449,0,0,0
-1001503,Law,31,18,0,405.31203761,405.31203761,n00000235,Evidence Admissibility in Negligence Litigation,1,0.969894,0,0,0
-1001500,Law,89,49,0,416.86812784,416.86812784,n00000200,Contract Formation and Enforceability Disputes,1,0.999998,0,0,0
-1001496,Law,79,45,0,382.06112613,382.06112613,n00000199,First Amendment Limits on State Regulation,1,0.676646,0,1,1
-1001395,Law,50,28,0,401.47846976,401.47846976,n00000142,Normative Ethical Theory Applications,1,0.659604,0,1,0
-1001332,Law,12,6,0,406.80984012,406.80984012,n00000234,Criminal Liability and Mens Rea Analysis,1,0.999919,0,0,0
-1001325,Law,115,65,0,382.03841075,382.03841075,n00000078,Corporate Governance and Regulatory Compliance Principles,1,0.959688,0,0,0
-1001322,Law,43,24,0,388.67056214,388.67056214,n00000199,First Amendment Limits on State Regulation,1,0.661504,0,1,1
-1001320,Law,43,24,0,404.39859048,404.39859048,n00000235,Evidence Admissibility in Negligence Litigation,1,0.996379,0,0,0
-1001318,Law,78,44,0,402.99783318,402.99783318,n00000200,Contract Formation and Enforceability Disputes,1,0.998132,0,0,0
-1001304,Law,22,11,0,409.64096091,409.64096091,n00000201,Real Property Title Disputes and Estates,1,0.957079,0,0,0
-1001296,Law,90,51,0,398.60351913,398.60351913,n00000199,First Amendment Limits on State Regulation,1,0.931209,0,1,1
-1001243,Law,30,16,0,384.61287965,384.61287965,n00000199,First Amendment Limits on State Regulation,1,0.965046,0,1,1
-1001223,Law,17,9,0,422.71174996,422.71174996,n00000234,Criminal Liability and Mens Rea Analysis,1,1.000000,0,0,0
-1001135,Law,17,9,0,402.90920511,402.90920511,n00000201,Real Property Title Disputes and Estates,1,0.999920,0,0,0
-1001134,Law,49,28,0,407.34804534,407.34804534,n00000235,Evidence Admissibility in Negligence Litigation,1,0.957507,0,0,0
-1001060,Law,17,9,0,397.00357546,397.00357546,n00000235,Evidence Admissibility in Negligence Litigation,1,0.999983,0,0,0
-1001048,Law,49,26,0,407.25614428,407.25614428,n00000201,Real Property Title Disputes and Estates,1,0.998537,0,0,0
-1001046,Law,154,87,0,381.07705187,381.07705187,n00000143,Classical Philosophical and Legal Doctrines,1,0.705412,0,1,1
-1001045,Law,115,65,0,387.31986754,387.31986754,n00000198,State Regulation and Dormant Commerce Clause Challenges,1,0.329764,0,0,0
-1000986,Law,30,17,0,415.82758681,415.82758681,n00000234,Criminal Liability and Mens Rea Analysis,1,0.999721,0,0,0
-1000916,Law,70,39,0,411.99012612,411.99012612,n00000201,Real Property Title Disputes and Estates,1,1.000000,0,0,0
-1000913,Law,114,64,0,411.64288580,411.64288580,n00000201,Real Property Title Disputes and Estates,1,1.000000,0,0,0
-1000836,Law,140,79,0,391.73058539,391.73058539,n00000198,State Regulation and Dormant Commerce Clause Challenges,1,0.999645,0,0,0
-1000827,Law,17,9,0,406.83588736,406.83588736,n00000201,Real Property Title Disputes and Estates,1,0.999991,0,0,0
-1000808,Law,77,43,0,382.93954706,382.93954706,n00000142,Normative Ethical Theory Applications,1,0.902901,0,0,0
866,Law,43,24,0,423.10227124,423.10227124,n00000234,Criminal Liability and Mens Rea Analysis,1,1.000000,0,0,0
869,Law,17,9,0,417.85060684,417.85060684,n00000234,Criminal Liability and Mens Rea Analysis,1,0.999820,0,0,0
871,Law,18,10,0,413.91234213,413.91234213,n00000234,Criminal Liability and Mens Rea Analysis,1,1.000000,0,0,0
875,Law,17,9,0,427.02880320,427.02880320,n00000234,Criminal Liability and Mens Rea Analysis,1,1.000000,0,0,0
878,Law,132,74,0,412.48289547,412.48289547,n00000201,Real Property Title Disputes and Estates,1,0.999985,0,0,0
881,Law,17,9,0,420.04627310,420.04627310,n00000234,Criminal Liability and Mens Rea Analysis,1,0.999889,0,0,0
882,Law,61,34,0,412.68241962,412.68241962,n00000234,Criminal Liability and Mens Rea Analysis,1,0.985526,0,0,0
893,Law,12,6,0,406.85134856,406.85134856,n00000234,Criminal Liability and Mens Rea Analysis,1,1.000000,0,0,0
897,Law,31,18,0,410.11157248,410.11157248,n00000234,Criminal Liability and Mens Rea Analysis,1,0.988197,0,0,0
898,Law,34,19,0,412.92798871,412.92798871,n00000234,Criminal Liability and Mens Rea Analysis,1,0.999997,0,0,0
899,Law,12,6,0,412.34052593,412.34052593,n00000234,Criminal Liability and Mens Rea Analysis,1,1.000000,0,0,0
902,Law,17,9,0,407.39878413,407.39878413,n00000201,Real Property Title Disputes and Estates,1,0.999987,0,0,0
914,Law,98,55,0,412.49175801,412.49175801,n00000200,Contract Formation and Enforceability Disputes,1,0.999997,0,0,0
921,Law,67,38,0,395.70607646,395.70607646,n00000200,Contract Formation and Enforceability Disputes,1,0.993878,0,0,0
923,Law,73,41,0,414.60678337,414.60678337,n00000201,Real Property Title Disputes and Estates,1,1.000000,0,0,0
924,Law,17,9,0,414.72783008,414.72783008,n00000200,Contract Formation and Enforceability Disputes,1,0.999986,0,0,0
927,Law,136,76,0,413.47465259,413.47465259,n00000200,Contract Formation and Enforceability Disputes,1,0.999985,0,0,0
928,Law,30,17,0,418.37654180,418.37654180,n00000235,Evidence Admissibility in Negligence Litigation,1,0.999999,0,0,0
934,Law,48,28,0,415.93119802,415.93119802,n00000235,Evidence Admissibility in Negligence Litigation,1,0.999995,0,0,0
945,Law,97,54,0,413.48052689,413.48052689,n00000234,Criminal Liability and Mens Rea Analysis,1,1.000000,0,0,0
947,Law,11,5,0,403.97051939,403.97051939,n00000201,Real Property Title Disputes and Estates,1,0.993405,0,0,0
948,Law,77,43,0,418.18821636,418.18821636,n00000200,Contract Formation and Enforceability Disputes,1,0.999981,0,0,0
950,Law,154,87,0,378.68932146,378.68932146,n00000180,International Security and Legal Theory Frameworks,1,0.587269,0,0,0
951,Law,5,2,0,397.71022864,397.71022864,n00000234,Criminal Liability and Mens Rea Analysis,1,0.999846,0,0,0
954,Law,43,24,0,402.40315107,402.40315107,n00000235,Evidence Admissibility in Negligence Litigation,1,0.941193,0,0,0
967,Law,70,39,0,389.19961541,389.19961541,n00000198,State Regulation and Dormant Commerce Clause Challenges,1,0.999298,0,0,0
971,Law,61,34,0,381.69045057,381.69045057,n00000143,Classical Philosophical and Legal Doctrines,1,0.987441,0,1,1
972,Law,73,41,0,399.87038563,399.87038563,n00000142,Normative Ethical Theory Applications,1,0.995582,0,0,0
973,Law,115,65,0,378.13254605,378.13254605,n00000143,Classical Philosophical and Legal Doctrines,1,0.967955,0,1,1
974,Law,149,84,0,375.22893128,375.22893128,n00000107,Post-War Geopolitical Doctrine and Rhetoric,1,0.987146,0,1,1
976,Law,90,51,0,382.31897188,382.31897188,n00000199,First Amendment Limits on State Regulation,1,0.989934,0,1,1
977,Law,78,44,0,407.59752968,407.59752968,n00000235,Evidence Admissibility in Negligence Litigation,1,0.999629,0,0,0
978,Law,12,6,0,411.61234753,411.61234753,n00000201,Real Property Title Disputes and Estates,1,1.000000,0,0,0
991,Law,12,6,0,408.22300360,408.22300360,n00000234,Criminal Liability and Mens Rea Analysis,1,0.999999,0,0,0
996,Law,51,28,0,384.93260760,384.93260760,n00000201,Real Property Title Disputes and Estates,1,0.862941,0,0,0
997,Law,72,41,0,393.29385733,393.29385733,n00000201,Real Property Title Disputes and Estates,1,0.997449,0,0,0
1006,Law,30,17,0,412.86157739,412.86157739,n00000234,Criminal Liability and Mens Rea Analysis,1,0.999967,0,0,0
1009,Law,62,35,0,413.32716213,413.32716213,n00000201,Real Property Title Disputes and Estates,1,1.000000,0,0,0
1019,Law,30,17,0,410.14319953,410.14319953,n00000235,Evidence Admissibility in Negligence Litigation,1,1.000000,0,0,0
1026,Law,25,14,0,396.68051376,396.68051376,n00000235,Evidence Admissibility in Negligence Litigation,1,0.871883,0,0,0
1029,Law,62,35,0,398.97653094,398.97653094,n00000199,First Amendment Limits on State Regulation,1,0.781798,0,1,1
1031,Law,62,35,0,404.64430536,404.64430536,n00000235,Evidence Admissibility in Negligence Litigation,1,0.999589,0,0,0
1032,Law,51,29,0,389.03842482,389.03842482,n00000199,First Amendment Limits on State Regulation,1,0.950248,0,1,1
1033,Law,99,55,0,405.86654570,405.86654570,n00000201,Real Property Title Disputes and Estates,1,1.000000,0,0,0
1035,Law,126,71,0,414.65828595,414.65828595,n00000200,Contract Formation and Enforceability Disputes,1,0.999989,0,0,0
1036,Law,88,50,0,390.12526504,390.12526504,n00000198,State Regulation and Dormant Commerce Clause Challenges,1,0.769068,0,0,0
1040,Law,58,33,0,414.51642559,414.51642559,n00000234,Criminal Liability and Mens Rea Analysis,1,0.999403,0,0,0
1046,Law,12,6,0,390.97355934,390.97355934,n00000235,Evidence Admissibility in Negligence Litigation,1,0.999997,0,0,0
1051,Law,115,65,0,380.57772797,380.57772797,n00000199,First Amendment Limits on State Regulation,1,0.958898,0,1,1
1052,Law,122,69,0,374.60172803,374.60172803,n00000180,International Security and Legal Theory Frameworks,1,0.900115,0,0,0
1056,Law,126,71,0,398.71639383,398.71639383,n00000234,Criminal Liability and Mens Rea Analysis,1,0.936065,0,0,0
1062,Law,11,5,0,416.73356028,416.73356028,n00000201,Real Property Title Disputes and Estates,1,1.000000,0,0,0
1066,Law,70,39,0,400.68380897,400.68380897,n00000200,Contract Formation and Enforceability Disputes,1,0.950515,0,0,0
1069,Law,136,76,0,415.68432559,415.68432559,n00000200,Contract Formation and Enforceability Disputes,1,0.992923,0,0,0
1070,Law,30,17,0,413.55749255,413.55749255,n00000234,Criminal Liability and Mens Rea Analysis,1,0.999981,0,0,0
1072,Law,50,28,0,391.78355514,391.78355514,n00000198,State Regulation and Dormant Commerce Clause Challenges,1,0.919549,0,0,0
1092,Law,77,43,0,404.87373583,404.87373583,n00000234,Criminal Liability and Mens Rea Analysis,1,0.999988,0,0,0
1097,Law,12,6,0,415.27589408,415.27589408,n00000234,Criminal Liability and Mens Rea Analysis,1,1.000000,0,0,0
1099,Law,129,73,0,385.06976150,385.06976150,n00000078,Corporate Governance and Regulatory Compliance Principles,1,0.748240,0,0,0
1100,Law,41,23,0,403.71749490,403.71749490,n00000235,Evidence Admissibility in Negligence Litigation,1,0.993054,0,0,0
1101,Law,54,30,0,397.08071512,397.08071512,n00000234,Criminal Liability and Mens Rea Analysis,1,0.501653,0,0,0
1102,Law,12,6,0,404.62689004,404.62689004,n00000234,Criminal Liability and Mens Rea Analysis,1,0.947075,0,0,0
1105,Law,30,17,0,415.53045319,415.53045319,n00000235,Evidence Admissibility in Negligence Litigation,1,0.999999,0,0,0
1106,Law,50,27,0,415.77618993,415.77618993,n00000201,Real Property Title Disputes and Estates,1,1.000000,0,0,0
1107,Law,25,13,0,388.16002787,388.16002787,n00000198,State Regulation and Dormant Commerce Clause Challenges,1,0.875067,0,0,0
1109,Law,20,11,0,395.07828793,395.07828793,n00000235,Evidence Admissibility in Negligence Litigation,1,0.999297,0,0,0
1111,Law,43,24,0,406.29643451,406.29643451,n00000235,Evidence Admissibility in Negligence Litigation,1,0.999792,0,0,0
1116,Law,20,11,0,400.99617040,400.99617040,n00000235,Evidence Admissibility in Negligence Litigation,1,1.000000,0,0,0
1118,Law,16,8,0,423.19655112,423.19655112,n00000200,Contract Formation and Enforceability Disputes,1,0.999997,0,0,0
1119,Law,25,13,0,406.30643772,406.30643772,n00000234,Criminal Liability and Mens Rea Analysis,1,0.999734,0,0,0
1121,Law,115,65,0,383.12022472,383.12022472,n00000143,Classical Philosophical and Legal Doctrines,1,0.510027,0,1,1
1130,Law,67,37,0,414.59325963,414.59325963,n00000201,Real Property Title Disputes and Estates,1,1.000000,0,0,0
1132,Law,78,44,0,381.55899230,381.55899230,n00000199,First Amendment Limits on State Regulation,1,0.983842,0,1,1
1140,Law,17,9,0,397.00357546,397.00357546,n00000235,Evidence Admissibility in Negligence Litigation,1,0.999983,0,0,0
1144,Law,62,35,0,418.39882296,418.39882296,n00000234,Criminal Liability and Mens Rea Analysis,1,0.996280,0,0,0
1160,Law,54,30,0,419.51657609,419.51657609,n00000234,Criminal Liability and Mens Rea Analysis,1,1.000000,0,0,0
1162,Law,133,75,0,389.84017839,389.84017839,n00000201,Real Property Title Disputes and Estates,1,0.970487,0,0,0
1164,Law,43,24,0,417.94485492,417.94485492,n00000234,Criminal Liability and Mens Rea Analysis,1,1.000000,0,0,0
1165,Law,62,35,0,414.59406747,414.59406747,n00000234,Criminal Liability and Mens Rea Analysis,1,0.906622,0,0,0
1166,Law,113,64,0,415.65697238,415.65697238,n00000234,Criminal Liability and Mens Rea Analysis,1,0.999994,0,0,0
1172,Law,54,30,0,402.74605201,402.74605201,n00000235,Evidence Admissibility in Negligence Litigation,1,0.548069,0,1,0
1174,Law,67,38,0,409.57433754,409.57433754,n00000200,Contract Formation and Enforceability Disputes,1,0.955049,0,0,0
1181,Law,12,6,0,410.66544735,410.66544735,n00000234,Criminal Liability and Mens Rea Analysis,1,1.000000,0,0,0
1183,Law,12,6,0,419.50760102,419.50760102,n00000234,Criminal Liability and Mens Rea Analysis,1,0.999990,0,0,0
1188,Law,12,6,0,407.44729454,407.44729454,n00000235,Evidence Admissibility in Negligence Litigation,1,1.000000,0,0,0
1189,Law,75,42,0,416.16144749,416.16144749,n00000201,Real Property Title Disputes and Estates,1,1.000000,0,0,0
1196,Law,88,50,0,396.02702083,396.02702083,n00000201,Real Property Title Disputes and Estates,1,0.968044,0,0,0
1199,Law,60,34,0,381.94997276,381.94997276,n00000143,Classical Philosophical and Legal Doctrines,1,0.996136,0,1,1
1200,Law,154,87,0,382.43055241,382.43055241,n00000198,State Regulation and Dormant Commerce Clause Challenges,1,0.693107,0,0,0
1205,Law,28,15,0,399.97209956,399.97209956,n00000201,Real Property Title Disputes and Estates,1,0.999983,0,0,0
1206,Law,137,77,0,391.60211465,391.60211465,n00000198,State Regulation and Dormant Commerce Clause Challenges,1,0.999953,0,0,0
1214,Law,69,38,0,400.84285013,400.84285013,n00000201,Real Property Title Disputes and Estates,1,0.999001,0,0,0
1220,Law,108,61,0,413.77453012,413.77453012,n00000200,Contract Formation and Enforceability Disputes,1,0.999357,0,0,0
1225,Law,54,30,0,392.35182622,392.35182622,n00000199,First Amendment Limits on State Regulation,1,0.994949,0,1,1
1231,Law,25,14,0,412.96440079,412.96440079,n00000200,Contract Formation and Enforceability Disputes,1,0.999849,0,0,0
1234,Law,100,56,0,403.65047829,403.65047829,n00000234,Criminal Liability and Mens Rea Analysis,1,0.999846,0,0,0
1235,Law,23,13,0,411.36618652,411.36618652,n00000235,Evidence Admissibility in Negligence Litigation,1,0.739126,0,0,0
1237,Law,60,33,0,396.28570870,396.28570870,n00000201,Real Property Title Disputes and Estates,1,0.999996,0,0,0
1238,Law,54,30,0,418.47018576,418.47018576,n00000234,Criminal Liability and Mens Rea Analysis,1,0.999976,0,0,0
1247,Law,12,6,0,401.57970849,401.57970849,n00000235,Evidence Admissibility in Negligence Litigation,1,0.999999,0,0,0
1254,Law,115,65,0,397.41040842,397.41040842,n00000201,Real Property Title Disputes and Estates,1,0.999999,0,0,0
1264,Law,55,31,0,402.20852414,402.20852414,n00000234,Criminal Liability and Mens Rea Analysis,1,1.000000,0,0,0
1266,Law,64,35,0,400.36020188,400.36020188,n00000201,Real Property Title Disputes and Estates,1,0.999729,0,0,0
1267,Law,80,45,0,401.21504200,401.21504200,n00000234,Criminal Liability and Mens Rea Analysis,1,0.999999,0,0,0
1272,Law,12,6,0,403.52553705,403.52553705,n00000201,Real Property Title Disputes and Estates,1,0.939840,0,0,0
1276,Law,12,6,0,403.58807477,403.58807477,n00000234,Criminal Liability and Mens Rea Analysis,1,0.999998,0,0,0
1280,Law,43,24,0,388.30166606,388.30166606,n00000199,First Amendment Limits on State Regulation,1,0.712763,0,1,1
1284,Law,59,33,0,405.48096983,405.48096983,n00000235,Evidence Admissibility in Negligence Litigation,1,0.987968,0,0,0
1288,Law,50,28,0,408.40666915,408.40666915,n00000142,Normative Ethical Theory Applications,1,0.992140,0,0,0
1292,Law,128,72,0,391.51230870,391.51230870,n00000143,Classical Philosophical and Legal Doctrines,1,0.957633,0,1,1
1295,Law,95,54,0,393.78531564,393.78531564,n00000219,Organizational Behavior and Work Motivation Theories,1,0.432308,0,0,0
1298,Law,87,49,0,405.52392930,405.52392930,n00000235,Evidence Admissibility in Negligence Litigation,1,0.664852,0,0,0
1299,Law,46,25,0,400.03053233,400.03053233,n00000201,Real Property Title Disputes and Estates,1,1.000000,0,0,0
1301,Law,98,55,0,414.13494952,414.13494952,n00000200,Contract Formation and Enforceability Disputes,1,0.999999,0,0,0
1302,Law,17,9,0,402.00266522,402.00266522,n00000235,Evidence Admissibility in Negligence Litigation,1,0.977403,0,0,0
1305,Law,30,16,0,397.20676381,397.20676381,n00000199,First Amendment Limits on State Regulation,1,0.989201,0,1,1
1310,Law,25,13,0,410.71460522,410.71460522,n00000200,Contract Formation and Enforceability Disputes,1,0.997460,0,0,0
1320,Law,89,49,0,419.68656961,419.68656961,n00000200,Contract Formation and Enforceability Disputes,1,1.000000,0,0,0
1328,Law,12,6,0,412.83004140,412.83004140,n00000234,Criminal Liability and Mens Rea Analysis,1,1.000000,0,0,0
1329,Law,12,6,0,420.77735388,420.77735388,n00000234,Criminal Liability and Mens Rea Analysis,1,0.999992,0,0,0
1330,Law,65,36,0,409.31023572,409.31023572,n00000200,Contract Formation and Enforceability Disputes,1,0.999998,0,0,0
1336,Law,30,17,0,427.30052683,427.30052683,n00000234,Criminal Liability and Mens Rea Analysis,1,0.999999,0,0,0
1338,Law,154,87,0,403.19660561,403.19660561,n00000201,Real Property Title Disputes and Estates,1,0.993865,0,0,0
1340,Law,54,30,0,419.58202719,419.58202719,n00000201,Real Property Title Disputes and Estates,1,1.000000,0,0,0
1345,Law,54,30,0,407.11646158,407.11646158,n00000199,First Amendment Limits on State Regulation,1,0.809467,0,1,1
1347,Law,78,44,0,390.37074980,390.37074980,n00000198,State Regulation and Dormant Commerce Clause Challenges,1,0.882226,0,0,0
1350,Law,66,37,0,393.45368723,393.45368723,n00000198,State Regulation and Dormant Commerce Clause Challenges,1,0.988135,0,0,0
1357,Law,41,23,0,419.44144333,419.44144333,n00000234,Criminal Liability and Mens Rea Analysis,1,1.000000,0,0,0
1358,Law,65,36,0,393.51975682,393.51975682,n00000198,State Regulation and Dormant Commerce Clause Challenges,1,0.921254,0,0,0
1360,Law,103,57,0,413.31921623,413.31921623,n00000201,Real Property Title Disputes and Estates,1,1.000000,0,0,0
1363,Law,17,9,0,423.89755416,423.89755416,n00000234,Criminal Liability and Mens Rea Analysis,1,0.999596,0,0,0
1364,Law,74,40,0,410.88818912,410.88818912,n00000201,Real Property Title Disputes and Estates,1,0.999998,0,0,0
1370,Law,70,39,0,404.55030923,404.55030923,n00000200,Contract Formation and Enforceability Disputes,1,0.996286,0,0,0
1375,Law,120,67,0,386.26274930,386.26274930,n00000199,First Amendment Limits on State Regulation,1,0.693408,0,1,1
1380,Law,110,62,0,378.38056250,378.38056250,n00000180,International Security and Legal Theory Frameworks,1,0.515301,0,1,0
1385,Law,74,41,0,409.83350935,409.83350935,n00000234,Criminal Liability and Mens Rea Analysis,1,0.999977,0,0,0
1387,Law,12,6,0,387.58225679,387.58225679,n00000199,First Amendment Limits on State Regulation,1,0.996762,0,1,1
1390,Law,22,11,0,409.64096091,409.64096091,n00000201,Real Property Title Disputes and Estates,1,0.957079,0,0,0
1392,Law,83,47,0,408.54012562,408.54012562,n00000234,Criminal Liability and Mens Rea Analysis,1,0.999803,0,0,0
1395,Law,17,9,0,406.67220505,406.67220505,n00000199,First Amendment Limits on State Regulation,1,0.980611,0,1,1
1401,Law,62,35,0,405.89961874,405.89961874,n00000235,Evidence Admissibility in Negligence Litigation,1,0.999894,0,0,0
1403,Law,89,49,0,413.35347416,413.35347416,n00000200,Contract Formation and Enforceability Disputes,1,1.000000,0,0,0
1407,Law,43,24,0,404.39859048,404.39859048,n00000235,Evidence Admissibility in Negligence Litigation,1,0.996379,0,0,0
1411,Law,115,65,0,383.37275188,383.37275188,n00000078,Corporate Governance and Regulatory Compliance Principles,1,0.977193,0,0,0
1413,Law,51,29,0,396.11166663,396.11166663,n00000235,Evidence Admissibility in Negligence Litigation,1,0.997544,0,0,0
1426,Law,47,26,0,410.29366800,410.29366800,n00000235,Evidence Admissibility in Negligence Litigation,1,0.999999,0,0,0
1434,Law,98,55,0,417.02166031,417.02166031,n00000200,Contract Formation and Enforceability Disputes,1,0.999998,0,0,0
1442,Law,23,12,0,415.36420396,415.36420396,n00000201,Real Property Title Disputes and Estates,1,1.000000,0,0,0
1443,Law,59,33,0,420.13907093,420.13907093,n00000200,Contract Formation and Enforceability Disputes,1,1.000000,0,0,0
1444,Law,70,39,0,405.39155337,405.39155337,n00000200,Contract Formation and Enforceability Disputes,1,0.999948,0,0,0
1449,Law,30,16,0,391.54577498,391.54577498,n00000199,First Amendment Limits on State Regulation,1,0.994198,0,1,1
1451,Law,79,44,0,408.26782472,408.26782472,n00000200,Contract Formation and Enforceability Disputes,1,0.999071,0,0,0
1452,Law,46,26,0,415.66604210,415.66604210,n00000200,Contract Formation and Enforceability Disputes,1,0.999840,0,0,0
1453,Law,51,29,0,414.48397879,414.48397879,n00000234,Criminal Liability and Mens Rea Analysis,1,0.999994,0,0,0
1456,Law,25,13,0,390.58375408,390.58375408,n00000199,First Amendment Limits on State Regulation,1,0.562305,0,1,1
1458,Law,65,36,0,408.48103672,408.48103672,n00000201,Real Property Title Disputes and Estates,1,1.000000,0,0,0
1463,Law,17,9,0,409.64996193,409.64996193,n00000235,Evidence Admissibility in Negligence Litigation,1,0.999999,0,0,0
1464,Law,114,64,0,410.05288975,410.05288975,n00000201,Real Property Title Disputes and Estates,1,0.999999,0,0,0
1472,Law,12,6,0,404.16029367,404.16029367,n00000234,Criminal Liability and Mens Rea Analysis,1,0.770713,0,0,0
1474,Law,87,49,0,387.45787855,387.45787855,n00000199,First Amendment Limits on State Regulation,1,0.986425,0,1,1
1476,Law,115,65,0,408.53770302,408.53770302,n00000200,Contract Formation and Enforceability Disputes,1,0.971353,0,0,0
1479,Law,17,9,0,413.35836705,413.35836705,n00000235,Evidence Admissibility in Negligence Litigation,1,0.999280,0,0,0
1487,Law,90,51,0,391.20108302,391.20108302,n00000180,International Security and Legal Theory Frameworks,1,0.660716,0,0,0
1489,Law,90,51,0,390.04558888,390.04558888,n00000143,Classical Philosophical and Legal Doctrines,1,0.946654,0,1,1
1494,Law,110,62,0,380.71906250,380.71906250,n00000180,International Security and Legal Theory Frameworks,1,0.997233,0,0,0
1500,Law,54,30,0,427.31862014,427.31862014,n00000234,Criminal Liability and Mens Rea Analysis,1,1.000000,0,0,0
1506,Law,61,34,0,407.94793784,407.94793784,n00000234,Criminal Liability and Mens Rea Analysis,1,0.999878,0,0,0
1509,Law,12,6,0,396.93918877,396.93918877,n00000199,First Amendment Limits on State Regulation,1,0.832768,0,1,1
1514,Law,115,65,0,386.17118304,386.17118304,n00000078,Corporate Governance and Regulatory Compliance Principles,1,0.390916,0,0,0
1524,Law,36,19,0,404.06301303,404.06301303,n00000234,Criminal Liability and Mens Rea Analysis,1,1.000000,0,0,0
1528,Law,77,44,0,397.96021011,397.96021011,n00000235,Evidence Admissibility in Negligence Litigation,1,0.999981,0,0,0
1529,Law,49,27,0,384.26562897,384.26562897,n00000199,First Amendment Limits on State Regulation,1,0.998721,0,1,1
1530,Law,70,39,0,387.36156215,387.36156215,n00000199,First Amendment Limits on State Regulation,1,0.996584,0,1,1
1537,Law,38,22,0,420.79310189,420.79310189,n00000234,Criminal Liability and Mens Rea Analysis,1,0.999625,0,0,0
1541,Law,140,79,0,384.30258297,384.30258297,n00000198,State Regulation and Dormant Commerce Clause Challenges,1,0.959693,0,0,0
1542,Law,62,35,0,404.06419699,404.06419699,n00000235,Evidence Admissibility in Negligence Litigation,1,0.999928,0,0,0
1555,Law,54,30,0,391.24371477,391.24371477,n00000199,First Amendment Limits on State Regulation,1,0.985688,0,1,1
1557,Law,17,9,0,394.79234478,394.79234478,n00000234,Criminal Liability and Mens Rea Analysis,1,0.991698,0,0,0
1565,Law,54,30,0,395.20487448,395.20487448,n00000198,State Regulation and Dormant Commerce Clause Challenges,1,0.681088,0,0,0
1566,Law,38,21,0,410.07712171,410.07712171,n00000201,Real Property Title Disputes and Estates,1,0.999900,0,0,0
1568,Law,115,65,0,396.43649282,396.43649282,n00000198,State Regulation and Dormant Commerce Clause Challenges,1,0.837444,0,0,0
1569,Law,58,32,0,411.34173070,411.34173070,n00000201,Real Property Title Disputes and Estates,1,1.000000,0,0,0
1572,Law,110,62,0,392.77685720,392.77685720,n00000142,Normative Ethical Theory Applications,1,0.908719,0,0,0
1574,Law,50,28,0,390.22425230,390.22425230,n00000143,Classical Philosophical and Legal Doctrines,1,0.999010,0,1,1
1579,Law,105,59,0,386.63090642,386.63090642,n00000199,First Amendment Limits on State Regulation,1,0.997408,0,1,1
1586,Law,95,54,0,406.89606278,406.89606278,n00000234,Criminal Liability and Mens Rea Analysis,1,0.999800,0,0,0
1587,Law,79,45,0,382.06112613,382.06112613,n00000199,First Amendment Limits on State Regulation,1,0.676646,0,1,1
1595,Law,49,27,0,401.80617985,401.80617985,n00000235,Evidence Admissibility in Negligence Litigation,1,0.992150,0,0,0
1598,Law,70,39,0,399.00502475,399.00502475,n00000198,State Regulation and Dormant Commerce Clause Challenges,1,0.999969,0,0,0
1602,Law,66,37,0,389.24207109,389.24207109,n00000198,State Regulation and Dormant Commerce Clause Challenges,1,0.703300,0,1,0
1606,Law,25,13,0,402.36895228,402.36895228,n00000234,Criminal Liability and Mens Rea Analysis,1,0.999562,0,0,0
1607,Law,115,65,0,384.38641799,384.38641799,n00000198,State Regulation and Dormant Commerce Clause Challenges,1,0.641983,0,0,0
1609,Law,79,44,0,423.96643173,423.96643173,n00000200,Contract Formation and Enforceability Disputes,1,1.000000,0,0,0
1614,Law,62,35,0,408.57155650,408.57155650,n00000235,Evidence Admissibility in Negligence Litigation,1,0.999767,0,0,0
1616,Law,70,39,0,408.03926976,408.03926976,n00000200,Contract Formation and Enforceability Disputes,1,0.999999,0,0,0
1619,Law,18,10,0,421.79032118,421.79032118,n00000234,Criminal Liability and Mens Rea Analysis,1,1.000000,0,0,0
1620,Law,62,35,0,400.62025641,400.62025641,n00000235,Evidence Admissibility in Negligence Litigation,1,0.999984,0,0,0
1621,Law,93,51,0,411.70494505,411.70494505,n00000201,Real Property Title Disputes and Estates,1,1.000000,0,0,0
1622,Law,50,28,0,407.91032847,407.91032847,n00000234,Criminal Liability and Mens Rea Analysis,1,1.000000,0,0,0
1624,Law,20,11,0,392.72634054,392.72634054,n00000235,Evidence Admissibility in Negligence Litigation,1,1.000000,0,0,0
1625,Law,56,32,0,409.64473324,409.64473324,n00000235,Evidence Admissibility in Negligence Litigation,1,1.000000,0,0,0
1629,Law,30,16,0,386.01567134,386.01567134,n00000199,First Amendment Limits on State Regulation,1,0.902277,0,1,1
1632,Law,25,13,0,394.15025053,394.15025053,n00000198,State Regulation and Dormant Commerce Clause Challenges,1,0.540147,0,1,0
1633,Law,126,71,0,397.43040252,397.43040252,n00000200,Contract Formation and Enforceability Disputes,1,0.994557,0,0,0
1634,Law,30,16,0,406.11641864,406.11641864,n00000201,Real Property Title Disputes and Estates,1,0.999799,0,0,0
1635,Law,70,39,0,420.79511360,420.79511360,n00000200,Contract Formation and Enforceability Disputes,1,1.000000,0,0,0
1642,Law,71,40,0,420.18567773,420.18567773,n00000201,Real Property Title Disputes and Estates,1,1.000000,0,0,0
1648,Law,78,44,0,391.99600708,391.99600708,n00000235,Evidence Admissibility in Negligence Litigation,1,0.934204,0,0,0
1649,Law,77,43,0,418.54816189,418.54816189,n00000200,Contract Formation and Enforceability Disputes,1,1.000000,0,0,0
1657,Law,12,6,0,405.87209525,405.87209525,n00000234,Criminal Liability and Mens Rea Analysis,1,0.980684,0,0,0
1658,Law,38,22,0,409.72073163,409.72073163,n00000235,Evidence Admissibility in Negligence Litigation,1,0.986245,0,0,0
1659,Law,69,39,0,387.36122913,387.36122913,n00000143,Classical Philosophical and Legal Doctrines,1,0.998124,0,1,1
1661,Law,154,87,0,379.01652679,379.01652679,n00000199,First Amendment Limits on State Regulation,1,0.904922,0,1,1
1679,Law,43,24,0,394.62921305,394.62921305,n00000201,Real Property Title Disputes and Estates,1,0.857647,0,0,0
1684,Law,80,44,0,410.14535234,410.14535234,n00000201,Real Property Title Disputes and Estates,1,1.000000,0,0,0
1694,Law,54,30,0,403.82047872,403.82047872,n00000235,Evidence Admissibility in Negligence Litigation,1,0.649005,0,0,0
1699,Law,30,17,0,409.13043833,409.13043833,n00000235,Evidence Admissibility in Negligence Litigation,1,1.000000,0,0,0
1703,Law,107,60,0,397.11054896,397.11054896,n00000198,State Regulation and Dormant Commerce Clause Challenges,1,0.999611,0,0,0
1708,Law,12,6,0,407.77160200,407.77160200,n00000235,Evidence Admissibility in Negligence Litigation,1,0.999676,0,0,0
1711,Law,62,35,0,398.82857695,398.82857695,n00000235,Evidence Admissibility in Negligence Litigation,1,0.999997,0,0,0
1717,Law,83,46,0,412.16182487,412.16182487,n00000201,Real Property Title Disputes and Estates,1,1.000000,0,0,0
1725,Law,74,41,0,391.42165500,391.42165500,n00000198,State Regulation and Dormant Commerce Clause Challenges,1,0.995321,0,0,0
1726,Law,28,15,0,400.96752173,400.96752173,n00000200,Contract Formation and Enforceability Disputes,1,0.983638,0,0,0
1733,Law,25,13,0,398.02943605,398.02943605,n00000198,State Regulation and Dormant Commerce Clause Challenges,1,0.459703,0,0,0
1736,Law,12,6,0,395.23509633,395.23509633,n00000201,Real Property Title Disputes and Estates,1,0.991855,0,0,0
1738,Law,11,5,0,405.72539001,405.72539001,n00000201,Real Property Title Disputes and Estates,1,1.000000,0,0,0
1741,Law,60,33,0,399.96940830,399.96940830,n00000201,Real Property Title Disputes and Estates,1,0.996414,0,0,0
1742,Law,54,30,0,416.98785440,416.98785440,n00000234,Criminal Liability and Mens Rea Analysis,1,0.994980,0,0,0
1747,Law,40,22,0,416.88211345,416.88211345,n00000200,Contract Formation and Enforceability Disputes,1,0.999999,0,0,0
1748,Law,90,50,0,413.12575718,413.12575718,n00000200,Contract Formation and Enforceability Disputes,1,1.000000,0,0,0
1750,Law,43,24,0,415.48210501,415.48210501,n00000234,Criminal Liability and Mens Rea Analysis,1,0.999875,0,0,0
1752,Law,62,35,0,398.74148690,398.74148690,n00000234,Criminal Liability and Mens Rea Analysis,1,0.789993,0,0,0
1765,Law,58,32,0,419.66920219,419.66920219,n00000200,Contract Formation and Enforceability Disputes,1,1.000000,0,0,0
1772,Law,11,5,0,413.99823802,413.99823802,n00000201,Real Property Title Disputes and Estates,1,1.000000,0,0,0
1782,Law,133,75,0,413.57238456,413.57238456,n00000201,Real Property Title Disputes and Estates,1,1.000000,0,0,0
1788,Law,54,30,0,404.88226098,404.88226098,n00000234,Criminal Liability and Mens Rea Analysis,1,0.999910,0,0,0
1793,Law,107,60,0,402.16064070,402.16064070,n00000198,State Regulation and Dormant Commerce Clause Challenges,1,0.563133,0,0,0
1794,Law,41,23,0,411.77475359,411.77475359,n00000235,Evidence Admissibility in Negligence Litigation,1,0.999146,0,0,0
1795,Law,38,22,0,408.74201243,408.74201243,n00000235,Evidence Admissibility in Negligence Litigation,1,1.000000,0,0,0
1798,Law,62,35,0,411.18383522,411.18383522,n00000234,Criminal Liability and Mens Rea Analysis,1,0.999899,0,0,0
1800,Law,58,32,0,417.41519555,417.41519555,n00000200,Contract Formation and Enforceability Disputes,1,0.999330,0,0,0
1803,Law,17,9,0,410.31611464,410.31611464,n00000235,Evidence Admissibility in Negligence Litigation,1,0.992222,0,0,0
1817,Law,30,17,0,411.60655311,411.60655311,n00000235,Evidence Admissibility in Negligence Litigation,1,0.999998,0,0,0
1820,Law,28,15,0,409.32535531,409.32535531,n00000234,Criminal Liability and Mens Rea Analysis,1,1.000000,0,0,0
1821,Law,73,41,0,398.86442598,398.86442598,n00000199,First Amendment Limits on State Regulation,1,0.983313,0,1,1
1825,Law,35,19,0,393.83335341,393.83335341,n00000235,Evidence Admissibility in Negligence Litigation,1,0.986757,0,0,0
1826,Law,12,6,0,408.54529236,408.54529236,n00000235,Evidence Admissibility in Negligence Litigation,1,0.954114,0,0,0
1838,Law,30,16,0,387.98561853,387.98561853,n00000199,First Amendment Limits on State Regulation,1,0.654598,0,1,1
1843,Law,17,9,0,409.83629768,409.83629768,n00000235,Evidence Admissibility in Negligence Litigation,1,1.000000,0,0,0
1844,Law,97,55,0,413.00503259,413.00503259,n00000201,Real Property Title Disputes and Estates,1,1.000000,0,0,0
1845,Law,49,27,0,393.54630356,393.54630356,n00000198,State Regulation and Dormant Commerce Clause Challenges,1,0.998757,0,0,0
1846,Law,12,6,0,414.11939457,414.11939457,n00000234,Criminal Liability and Mens Rea Analysis,1,1.000000,0,0,0
1853,Law,42,23,0,403.90004517,403.90004517,n00000198,State Regulation and Dormant Commerce Clause Challenges,1,0.803412,0,0,0
1854,Law,25,13,0,400.91457853,400.91457853,n00000234,Criminal Liability and Mens Rea Analysis,1,1.000000,0,0,0
1857,Law,78,44,0,400.01024256,400.01024256,n00000235,Evidence Admissibility in Negligence Litigation,1,0.931109,0,0,0
1865,Law,31,18,0,413.15183699,413.15183699,n00000234,Criminal Liability and Mens Rea Analysis,1,0.993227,0,0,0
1870,Law,30,17,0,410.48562679,410.48562679,n00000234,Criminal Liability and Mens Rea Analysis,1,0.999846,0,0,0
1876,Law,12,6,0,410.92645564,410.92645564,n00000200,Contract Formation and Enforceability Disputes,1,0.999861,0,0,0
1877,Law,67,38,0,397.48664950,397.48664950,n00000235,Evidence Admissibility in Negligence Litigation,1,0.967182,0,0,0
1878,Law,12,6,0,408.93477312,408.93477312,n00000234,Criminal Liability and Mens Rea Analysis,1,1.000000,0,0,0
1879,Law,23,13,0,410.24924226,410.24924226,n00000235,Evidence Admissibility in Negligence Litigation,1,0.947581,0,0,0
1886,Law,95,54,0,393.63947466,393.63947466,n00000198,State Regulation and Dormant Commerce Clause Challenges,1,0.720045,0,0,0
1887,Law,84,48,0,412.05239258,412.05239258,n00000234,Criminal Liability and Mens Rea Analysis,1,0.999999,0,0,0
1890,Law,54,30,0,404.26581692,404.26581692,n00000235,Evidence Admissibility in Negligence Litigation,1,0.888771,0,0,0
1892,Law,30,17,0,412.89499624,412.89499624,n00000200,Contract Formation and Enforceability Disputes,1,0.644535,0,0,0
1895,Law,12,6,0,411.21462140,411.21462140,n00000234,Criminal Liability and Mens Rea Analysis,1,1.000000,0,0,0
1903,Law,98,55,0,408.50288840,408.50288840,n00000200,Contract Formation and Enforceability Disputes,1,0.999876,0,0,0
1905,Law,73,41,0,394.30232919,394.30232919,n00000198,State Regulation and Dormant Commerce Clause Challenges,1,0.999718,0,0,0
1908,Law,38,22,0,413.09182313,413.09182313,n00000235,Evidence Admissibility in Negligence Litigation,1,0.999998,0,0,0
1909,Law,12,6,0,413.98607006,413.98607006,n00000234,Criminal Liability and Mens Rea Analysis,1,1.000000,0,0,0
1915,Law,28,15,0,417.13103792,417.13103792,n00000200,Contract Formation and Enforceability Disputes,1,1.000000,0,0,0
1921,Law,70,39,0,391.76348823,391.76348823,n00000198,State Regulation and Dormant Commerce Clause Challenges,1,0.979042,0,0,0
1925,Law,70,39,0,417.92404966,417.92404966,n00000200,Contract Formation and Enforceability Disputes,1,1.000000,0,0,0
1927,Law,43,24,0,381.96627102,381.96627102,n00000199,First Amendment Limits on State Regulation,1,0.995978,0,1,1
1931,Law,110,62,0,386.97471187,386.97471187,n00000180,International Security and Legal Theory Frameworks,1,0.942399,0,0,0
1935,Law,78,44,0,414.88450710,414.88450710,n00000200,Contract Formation and Enforceability Disputes,1,1.000000,0,0,0
1937,Law,43,24,0,389.45047731,389.45047731,n00000199,First Amendment Limits on State Regulation,1,0.995482,0,1,1
1939,Law,41,23,0,411.09650351,411.09650351,n00000235,Evidence Admissibility in Negligence Litigation,1,0.999996,0,0,0
1945,Law,36,20,0,416.08629364,416.08629364,n00000234,Criminal Liability and Mens Rea Analysis,1,1.000000,0,0,0
1957,Law,83,45,0,414.83661940,414.83661940,n00000201,Real Property Title Disputes and Estates,1,1.000000,0,0,0
1959,Law,27,14,0,422.06564548,422.06564548,n00000200,Contract Formation and Enforceability Disputes,1,1.000000,0,0,0
1964,Law,92,51,0,393.68341970,393.68341970,n00000198,State Regulation and Dormant Commerce Clause Challenges,1,0.999158,0,0,0
1976,Law,77,44,0,405.15110120,405.15110120,n00000235,Evidence Admissibility in Negligence Litigation,1,0.999398,0,0,0
1980,Law,30,17,0,413.19442377,413.19442377,n00000234,Criminal Liability and Mens Rea Analysis,1,0.999990,0,0,0
1981,Law,30,16,0,389.18043094,389.18043094,n00000199,First Amendment Limits on State Regulation,1,0.991482,0,1,1
1984,Law,30,17,0,408.51224947,408.51224947,n00000235,Evidence Admissibility in Negligence Litigation,1,0.999999,0,0,0
1985,Law,35,20,0,410.19747122,410.19747122,n00000201,Real Property Title Disputes and Estates,1,1.000000,0,0,0
-1008718,Math,123,69,0,393.47549061,393.47549061,n00000242,Elementary Algebraic and Arithmetic Operations,1,0.904736,0,0,0
-1008703,Math,123,69,0,406.60623291,406.60623291,n00000232,Applied Business Percentage Calculations,1,0.968186,0,0,0
-1008368,Math,126,71,0,410.75788406,410.75788406,n00000196,Evaluative Statement Veracity Assessment,1,0.992134,0,0,0
-1008305,Math,76,42,0,386.09294744,386.09294744,n00000155,Applied Algebraic and Analytic Computations,1,0.999850,0,0,0
-1008111,Math,89,49,0,384.58003878,384.58003878,n00000239,Advanced Integral Calculus and Applications,1,0.937645,0,0,0
-1008089,Math,86,48,0,392.89662728,392.89662728,n00000155,Applied Algebraic and Analytic Computations,1,0.988469,0,0,0
-1007895,Math,94,53,0,382.20077297,382.20077297,n00000304,Simple Harmonic and Rotational Dynamics Analysis,1,0.427151,0,0,0
-1007833,Math,136,77,0,422.04364112,422.04364112,n00000232,Applied Business Percentage Calculations,1,0.986340,0,0,0
-1007752,Math,136,77,0,422.04364112,422.04364112,n00000232,Applied Business Percentage Calculations,1,0.986340,0,0,0
-1007648,Math,115,65,0,412.11609052,412.11609052,n00000196,Evaluative Statement Veracity Assessment,1,0.990171,0,0,0
-1007613,Math,133,75,0,391.15493397,391.15493397,n00000245,Statistical Inference and Probability Theory,1,0.919346,0,1,1
-1007545,Math,133,75,0,410.71561740,410.71561740,n00000196,Evaluative Statement Veracity Assessment,1,0.630640,0,0,0
7692,Math,118,66,0,395.96870837,395.96870837,n00000128,Algebraic Structure Properties and Isomorphisms,1,0.991338,0,0,0
7695,Math,130,73,0,391.67676266,391.67676266,n00000128,Algebraic Structure Properties and Isomorphisms,1,0.955110,0,0,0
7698,Math,147,83,0,382.37744693,382.37744693,n00000161,Normal and Sampling Distribution Applications,1,0.672866,0,1,0
7699,Math,136,77,0,383.86010682,383.86010682,n00000040,Comparative Functional Organismal Biology,1,0.990601,0,0,0
7710,Math,118,66,0,384.60691210,384.60691210,n00000242,Elementary Algebraic and Arithmetic Operations,1,0.998472,0,0,0
7711,Math,136,77,0,383.91811134,383.91811134,n00000159,Extremal and Enumerative Combinatorics in Graphs and Numbers,1,0.720499,0,0,0
7714,Math,142,80,0,383.43984376,383.43984376,n00000240,Applied Quantitative Partitioning Problems,1,0.473261,0,0,0
7723,Math,86,48,0,380.37314829,380.37314829,n00000242,Elementary Algebraic and Arithmetic Operations,1,0.840953,0,0,0
7724,Math,101,56,0,419.08205225,419.08205225,n00000232,Applied Business Percentage Calculations,1,0.999981,0,0,0
7728,Math,154,87,0,388.44888606,388.44888606,n00000243,Projectile Motion and Kinematic Analysis,1,0.982075,0,0,0
7729,Math,128,72,0,393.64231133,393.64231133,n00000240,Applied Quantitative Partitioning Problems,1,0.981044,0,0,0
7735,Math,154,87,0,382.41197677,382.41197677,n00000161,Normal and Sampling Distribution Applications,1,0.566936,0,0,0
7738,Math,100,55,0,380.36774740,380.36774740,n00000154,Finite Group and Ring Theory Properties,1,0.841162,0,0,0
7742,Math,131,74,0,377.73677323,377.73677323,n00000159,Extremal and Enumerative Combinatorics in Graphs and Numbers,1,0.769529,0,0,0
7743,Math,147,83,0,404.47884833,404.47884833,n00000240,Applied Quantitative Partitioning Problems,1,0.782374,0,0,0
7749,Math,147,83,0,378.08741901,378.08741901,n00000159,Extremal and Enumerative Combinatorics in Graphs and Numbers,1,0.585716,0,1,0
7756,Math,110,61,0,392.08655456,392.08655456,n00000238,Advanced Transform and Series Analysis,1,0.998396,0,0,0
7763,Math,76,42,0,387.57258272,387.57258272,n00000155,Applied Algebraic and Analytic Computations,1,0.997728,0,0,0
7765,Math,147,83,0,375.11936379,375.11936379,n00000128,Algebraic Structure Properties and Isomorphisms,1,0.814972,0,0,0
7766,Math,76,42,0,381.51712933,381.51712933,n00000155,Applied Algebraic and Analytic Computations,1,0.472383,0,0,0
7770,Math,97,54,0,394.12988903,394.12988903,n00000157,Applied Differential Equations and Numerical Methods,1,0.999686,0,0,0
7773,Math,60,33,0,414.96263068,414.96263068,n00000037,Thermodynamic and Heat Transfer Analysis,1,0.999886,0,1,1
7776,Math,94,53,0,403.80989001,403.80989001,n00000037,Thermodynamic and Heat Transfer Analysis,1,0.999415,0,1,1
7779,Math,129,72,0,401.94336437,401.94336437,n00000037,Thermodynamic and Heat Transfer Analysis,1,0.998461,0,1,1
7782,Math,147,83,0,382.85472026,382.85472026,n00000130,Information Theory and Digital Encoding Fundamentals,1,0.405032,0,1,0
7783,Math,139,78,0,390.55013240,390.55013240,n00000161,Normal and Sampling Distribution Applications,1,0.888730,0,0,0
7784,Math,147,83,0,387.88239911,387.88239911,n00000161,Normal and Sampling Distribution Applications,1,0.883090,0,0,0
7786,Math,107,60,0,386.85637177,386.85637177,n00000154,Finite Group and Ring Theory Properties,1,0.980264,0,0,0
7787,Math,126,71,0,379.18195024,379.18195024,n00000154,Finite Group and Ring Theory Properties,1,0.995729,0,0,0
7791,Math,108,60,0,395.24906364,395.24906364,n00000128,Algebraic Structure Properties and Isomorphisms,1,0.999853,0,0,0
7793,Math,126,71,0,390.96019414,390.96019414,n00000154,Finite Group and Ring Theory Properties,1,0.995152,0,0,0
7796,Math,147,83,0,395.25057585,395.25057585,n00000158,Discrete Probability and Combinatorial Counting,1,0.746017,0,0,0
7799,Math,147,83,0,387.40221057,387.40221057,n00000158,Discrete Probability and Combinatorial Counting,1,0.774754,0,0,0
7805,Math,147,83,0,391.34978625,391.34978625,n00000245,Statistical Inference and Probability Theory,1,0.728828,0,1,1
7807,Math,147,83,0,385.71386546,385.71386546,n00000242,Elementary Algebraic and Arithmetic Operations,1,0.948405,0,0,0
7811,Math,147,83,0,382.06175866,382.06175866,n00000241,Numerical Ordering and Estimation Techniques,1,0.994638,0,0,0
7812,Math,107,60,0,379.97811837,379.97811837,n00000241,Numerical Ordering and Estimation Techniques,1,0.832681,0,0,0
7816,Math,125,71,0,390.71433787,390.71433787,n00000240,Applied Quantitative Partitioning Problems,1,0.998822,0,0,0
7818,Math,147,83,0,381.83438697,381.83438697,n00000241,Numerical Ordering and Estimation Techniques,1,0.982846,0,0,0
7823,Math,147,83,0,383.74858797,383.74858797,n00000240,Applied Quantitative Partitioning Problems,1,0.940761,0,0,0
7836,Math,136,77,0,391.14538738,391.14538738,n00000157,Applied Differential Equations and Numerical Methods,1,0.989758,0,0,0
7846,Math,76,42,0,375.47931079,375.47931079,n00000159,Extremal and Enumerative Combinatorics in Graphs and Numbers,1,0.631625,0,0,0
7850,Math,107,60,0,383.44264312,383.44264312,n00000241,Numerical Ordering and Estimation Techniques,1,0.877720,0,0,0
7852,Math,136,77,0,382.26816626,382.26816626,n00000128,Algebraic Structure Properties and Isomorphisms,1,0.967115,0,0,0
7853,Math,94,53,0,389.22616502,389.22616502,n00000155,Applied Algebraic and Analytic Computations,1,0.996139,0,0,0
7857,Math,107,60,0,382.72379583,382.72379583,n00000155,Applied Algebraic and Analytic Computations,1,0.969588,0,0,0
7858,Math,86,48,0,396.68324204,396.68324204,n00000157,Applied Differential Equations and Numerical Methods,1,0.999980,0,0,0
7860,Math,129,73,0,385.59775225,385.59775225,n00000157,Applied Differential Equations and Numerical Methods,1,0.900459,0,0,0
7861,Math,115,65,0,388.93252969,388.93252969,n00000159,Extremal and Enumerative Combinatorics in Graphs and Numbers,1,0.997237,0,0,0
7862,Math,140,79,0,384.35442772,384.35442772,n00000159,Extremal and Enumerative Combinatorics in Graphs and Numbers,1,0.998720,0,0,0
7863,Math,76,42,0,397.15450175,397.15450175,n00000155,Applied Algebraic and Analytic Computations,1,0.998959,0,0,0
7869,Math,131,74,0,381.94804322,381.94804322,n00000159,Extremal and Enumerative Combinatorics in Graphs and Numbers,1,0.961975,0,0,0
7874,Math,94,53,0,396.94649519,396.94649519,n00000037,Thermodynamic and Heat Transfer Analysis,1,0.983124,0,1,1
7877,Math,86,48,0,393.85900738,393.85900738,n00000243,Projectile Motion and Kinematic Analysis,1,0.938505,0,0,0
7883,Math,99,55,0,396.24717234,396.24717234,n00000161,Normal and Sampling Distribution Applications,1,0.950676,0,0,0
7884,Math,147,83,0,384.43850987,384.43850987,n00000246,Time Series Econometrics and Diagnostic Testing,1,0.951523,0,0,0
7885,Math,136,77,0,387.83173907,387.83173907,n00000158,Discrete Probability and Combinatorial Counting,1,0.998720,0,0,0
7890,Math,126,71,0,387.75922671,387.75922671,n00000128,Algebraic Structure Properties and Isomorphisms,1,0.620587,0,0,0
7891,Math,129,73,0,395.89800416,395.89800416,n00000128,Algebraic Structure Properties and Isomorphisms,1,0.991341,0,0,0
7895,Math,143,81,0,386.90873145,386.90873145,n00000154,Finite Group and Ring Theory Properties,1,0.868481,0,0,0
7897,Math,119,67,0,397.46524150,397.46524150,n00000128,Algebraic Structure Properties and Isomorphisms,1,0.985484,0,0,0
7902,Math,154,87,0,392.40391286,392.40391286,n00000245,Statistical Inference and Probability Theory,1,0.954919,0,1,1
7905,Math,131,74,0,385.28730562,385.28730562,n00000161,Normal and Sampling Distribution Applications,1,0.908021,0,0,0
7907,Math,147,83,0,401.48692321,401.48692321,n00000233,Quantitative Business Profit and Inventory Optimization,1,0.604989,0,0,0
7918,Math,76,42,0,385.83963538,385.83963538,n00000241,Numerical Ordering and Estimation Techniques,1,0.859091,0,0,0
7931,Math,128,72,0,391.21376880,391.21376880,n00000242,Elementary Algebraic and Arithmetic Operations,1,0.985096,0,0,0
7935,Math,112,63,0,396.17483443,396.17483443,n00000240,Applied Quantitative Partitioning Problems,1,0.999467,0,0,0
7939,Math,110,61,0,383.12499020,383.12499020,n00000159,Extremal and Enumerative Combinatorics in Graphs and Numbers,1,0.805675,0,0,0
7940,Math,126,71,0,393.24192207,393.24192207,n00000128,Algebraic Structure Properties and Isomorphisms,1,0.951355,0,0,0
7945,Math,76,42,0,389.11080544,389.11080544,n00000155,Applied Algebraic and Analytic Computations,1,0.999890,0,0,0
7948,Math,76,42,0,378.66645305,378.66645305,n00000155,Applied Algebraic and Analytic Computations,1,0.998287,0,0,0
7951,Math,76,42,0,375.69115832,375.69115832,n00000155,Applied Algebraic and Analytic Computations,1,0.769063,0,0,0
7952,Math,99,55,0,386.49569268,386.49569268,n00000158,Discrete Probability and Combinatorial Counting,1,0.995360,0,0,0
7953,Math,76,42,0,385.76881577,385.76881577,n00000157,Applied Differential Equations and Numerical Methods,1,0.524841,0,0,0
7955,Math,131,74,0,394.80090751,394.80090751,n00000158,Discrete Probability and Combinatorial Counting,1,0.999925,0,0,0
7959,Math,94,53,0,385.79284822,385.79284822,n00000304,Simple Harmonic and Rotational Dynamics Analysis,1,0.905759,0,0,0
7961,Math,110,61,0,381.77871279,381.77871279,n00000239,Advanced Integral Calculus and Applications,1,0.977360,0,0,0
7962,Math,147,83,0,384.31871374,384.31871374,n00000245,Statistical Inference and Probability Theory,1,0.970952,0,1,1
7963,Math,147,83,0,383.84895346,383.84895346,n00000239,Advanced Integral Calculus and Applications,1,0.666536,0,0,0
7969,Math,123,69,0,384.68716885,384.68716885,n00000159,Extremal and Enumerative Combinatorics in Graphs and Numbers,1,0.998880,0,0,0
7976,Math,129,72,0,377.67870319,377.67870319,n00000155,Applied Algebraic and Analytic Computations,1,0.960189,0,0,0
7984,Math,76,42,0,392.26823867,392.26823867,n00000155,Applied Algebraic and Analytic Computations,1,0.975375,0,0,0
8001,Math,94,52,0,387.41200384,387.41200384,n00000154,Finite Group and Ring Theory Properties,1,0.999354,0,0,0
8003,Math,136,77,0,382.33970172,382.33970172,n00000154,Finite Group and Ring Theory Properties,1,0.999742,0,0,0
8007,Math,154,87,0,388.46042694,388.46042694,n00000245,Statistical Inference and Probability Theory,1,0.990814,0,1,1
8013,Math,143,80,0,389.54731178,389.54731178,n00000161,Normal and Sampling Distribution Applications,1,0.921993,0,0,0
8014,Math,147,83,0,386.98246637,386.98246637,n00000246,Time Series Econometrics and Diagnostic Testing,1,0.981639,0,0,0
8021,Math,147,83,0,386.50460826,386.50460826,n00000240,Applied Quantitative Partitioning Problems,1,0.849180,0,0,0
8022,Math,154,87,0,393.30204371,393.30204371,n00000232,Applied Business Percentage Calculations,1,0.768301,0,0,0
8025,Math,154,87,0,388.58886688,388.58886688,n00000161,Normal and Sampling Distribution Applications,1,0.583044,0,0,0
8029,Math,142,80,0,402.58547180,402.58547180,n00000232,Applied Business Percentage Calculations,1,0.965037,0,0,0
8038,Math,147,83,0,392.23301929,392.23301929,n00000128,Algebraic Structure Properties and Isomorphisms,1,0.794697,0,0,0
8042,Math,147,83,0,379.83856543,379.83856543,n00000159,Extremal and Enumerative Combinatorics in Graphs and Numbers,1,0.551664,0,0,0
8044,Math,117,66,0,378.22873582,378.22873582,n00000159,Extremal and Enumerative Combinatorics in Graphs and Numbers,1,0.926364,0,0,0
8047,Math,99,55,0,382.03578509,382.03578509,n00000159,Extremal and Enumerative Combinatorics in Graphs and Numbers,1,0.811441,0,0,0
8048,Math,136,77,0,382.86944663,382.86944663,n00000241,Numerical Ordering and Estimation Techniques,1,0.636939,0,0,0
8049,Math,99,55,0,384.40873241,384.40873241,n00000159,Extremal and Enumerative Combinatorics in Graphs and Numbers,1,0.884416,0,0,0
8051,Math,142,80,0,382.61933088,382.61933088,n00000159,Extremal and Enumerative Combinatorics in Graphs and Numbers,1,0.998677,0,0,0
8052,Math,76,42,0,391.18322319,391.18322319,n00000155,Applied Algebraic and Analytic Computations,1,0.988740,0,0,0
8053,Math,95,53,0,369.21256529,369.21256529,n00000155,Applied Algebraic and Analytic Computations,1,0.754530,0,0,0
8057,Math,149,84,0,382.11844933,382.11844933,n00000130,Information Theory and Digital Encoding Fundamentals,1,0.789549,0,0,0
8058,Math,107,60,0,384.88887522,384.88887522,n00000155,Applied Algebraic and Analytic Computations,1,0.977964,0,0,0
8059,Math,76,42,0,390.08479685,390.08479685,n00000239,Advanced Integral Calculus and Applications,1,0.999848,0,0,0
8061,Math,125,71,0,384.03092660,384.03092660,n00000159,Extremal and Enumerative Combinatorics in Graphs and Numbers,1,0.995959,0,0,0
8063,Math,69,38,0,391.27545971,391.27545971,n00000238,Advanced Transform and Series Analysis,1,0.974753,0,0,0
8064,Math,97,54,0,376.29606870,376.29606870,n00000155,Applied Algebraic and Analytic Computations,1,0.957677,0,0,0
8065,Math,76,42,0,390.76115608,390.76115608,n00000239,Advanced Integral Calculus and Applications,1,0.999763,0,0,0
8066,Math,147,83,0,385.34843378,385.34843378,n00000245,Statistical Inference and Probability Theory,1,0.973280,0,1,1
8079,Math,147,83,0,386.23283676,386.23283676,n00000128,Algebraic Structure Properties and Isomorphisms,1,0.560195,0,0,0
8080,Math,113,64,0,392.69572915,392.69572915,n00000161,Normal and Sampling Distribution Applications,1,0.830959,0,0,0
8081,Math,147,83,0,379.87108995,379.87108995,n00000037,Thermodynamic and Heat Transfer Analysis,1,0.448133,0,1,1
8083,Math,100,56,0,390.52764458,390.52764458,n00000159,Extremal and Enumerative Combinatorics in Graphs and Numbers,1,0.982748,0,0,0
8086,Math,55,30,0,397.14292971,397.14292971,n00000158,Discrete Probability and Combinatorial Counting,1,0.999159,0,0,0
8087,Math,103,58,0,382.38120114,382.38120114,n00000129,Foundational Programming and Computer Systems Principles,1,0.827037,0,0,0
8094,Math,75,41,0,426.96173380,426.96173380,n00000151,Consumer Loan Interest Calculation,1,0.999995,0,0,0
8096,Math,71,39,0,402.66544422,402.66544422,n00000243,Projectile Motion and Kinematic Analysis,1,0.990965,0,0,0
8097,Math,147,83,0,393.01474371,393.01474371,n00000157,Applied Differential Equations and Numerical Methods,1,0.917621,0,0,0
8102,Math,60,33,0,382.63624314,382.63624314,n00000154,Finite Group and Ring Theory Properties,1,0.995757,0,0,0
8105,Math,108,61,0,405.86657052,405.86657052,n00000196,Evaluative Statement Veracity Assessment,1,0.933435,0,0,0
8108,Math,147,83,0,392.74704084,392.74704084,n00000161,Normal and Sampling Distribution Applications,1,0.551141,0,1,0
8109,Math,126,71,0,402.38497627,402.38497627,n00000196,Evaluative Statement Veracity Assessment,1,0.974977,0,0,0
8110,Math,143,80,0,393.91978561,393.91978561,n00000151,Consumer Loan Interest Calculation,1,0.776703,0,0,0
8117,Math,147,83,0,397.30760190,397.30760190,n00000232,Applied Business Percentage Calculations,1,0.894733,0,0,0
8126,Math,125,71,0,382.33057293,382.33057293,n00000241,Numerical Ordering and Estimation Techniques,1,0.986003,0,0,0
8129,Math,110,61,0,386.71769342,386.71769342,n00000242,Elementary Algebraic and Arithmetic Operations,1,0.944352,0,0,0
8134,Math,147,83,0,397.88706513,397.88706513,n00000240,Applied Quantitative Partitioning Problems,1,0.873043,0,0,0
8135,Math,105,59,0,389.59468720,389.59468720,n00000241,Numerical Ordering and Estimation Techniques,1,0.999634,0,0,0
8139,Math,128,72,0,387.60467220,387.60467220,n00000242,Elementary Algebraic and Arithmetic Operations,1,0.975219,0,0,0
8140,Math,136,77,0,388.67634000,388.67634000,n00000242,Elementary Algebraic and Arithmetic Operations,1,0.852415,0,0,0
8144,Math,131,74,0,391.53775231,391.53775231,n00000242,Elementary Algebraic and Arithmetic Operations,1,0.957138,0,0,0
8145,Math,154,87,0,382.30123009,382.30123009,n00000066,Geometric Optics of Thin and Thick Lenses,1,0.378725,0,0,0
8148,Math,142,80,0,380.22507410,380.22507410,n00000241,Numerical Ordering and Estimation Techniques,1,0.780397,0,0,0
8149,Math,147,83,0,387.38648061,387.38648061,n00000240,Applied Quantitative Partitioning Problems,1,0.498599,0,0,0
8150,Math,154,87,0,384.06933051,384.06933051,n00000241,Numerical Ordering and Estimation Techniques,1,0.968989,0,0,0
8152,Math,125,71,0,383.70615078,383.70615078,n00000159,Extremal and Enumerative Combinatorics in Graphs and Numbers,1,0.945200,0,0,0
8153,Math,136,77,0,382.55360823,382.55360823,n00000154,Finite Group and Ring Theory Properties,1,0.908453,0,0,0
8157,Math,121,68,0,387.02531359,387.02531359,n00000128,Algebraic Structure Properties and Isomorphisms,1,0.950197,0,0,0
8169,Math,89,49,0,385.30814390,385.30814390,n00000155,Applied Algebraic and Analytic Computations,1,0.982899,0,0,0
8171,Math,76,42,0,386.18039328,386.18039328,n00000159,Extremal and Enumerative Combinatorics in Graphs and Numbers,1,0.999636,0,0,0
8174,Math,129,72,0,384.20697189,384.20697189,n00000303,Kinematics and Relativistic Motion Analysis,1,0.998170,0,0,0
8176,Math,86,48,0,392.16451760,392.16451760,n00000159,Extremal and Enumerative Combinatorics in Graphs and Numbers,1,0.999735,0,0,0
8185,Math,129,72,0,383.74153139,383.74153139,n00000239,Advanced Integral Calculus and Applications,1,0.965160,0,0,0
8189,Math,97,54,0,389.59291889,389.59291889,n00000303,Kinematics and Relativistic Motion Analysis,1,0.991611,0,0,0
8193,Math,86,48,0,383.00618427,383.00618427,n00000155,Applied Algebraic and Analytic Computations,1,0.999915,0,0,0
8194,Math,107,60,0,394.65592108,394.65592108,n00000157,Applied Differential Equations and Numerical Methods,1,0.999865,0,0,0
8195,Math,136,77,0,381.78773350,381.78773350,n00000245,Statistical Inference and Probability Theory,1,0.868900,0,1,1
8196,Math,131,74,0,382.39812266,382.39812266,n00000158,Discrete Probability and Combinatorial Counting,1,0.989988,0,0,0
8197,Math,131,74,0,377.93820479,377.93820479,n00000238,Advanced Transform and Series Analysis,1,0.793302,0,0,0
8198,Math,94,53,0,386.75053153,386.75053153,n00000243,Projectile Motion and Kinematic Analysis,1,0.971278,0,0,0
8199,Math,135,75,0,391.74481366,391.74481366,n00000158,Discrete Probability and Combinatorial Counting,1,0.412278,0,1,0
8201,Math,136,77,0,379.74883487,379.74883487,n00000246,Time Series Econometrics and Diagnostic Testing,1,0.645611,0,1,0
8202,Math,94,52,0,374.15123901,374.15123901,n00000037,Thermodynamic and Heat Transfer Analysis,1,0.939583,0,1,1
8203,Math,136,77,0,393.36201818,393.36201818,n00000159,Extremal and Enumerative Combinatorics in Graphs and Numbers,1,0.999358,0,0,0
8204,Math,66,36,0,389.49146182,389.49146182,n00000239,Advanced Integral Calculus and Applications,1,0.912922,0,0,0
8207,Math,136,77,0,382.98430005,382.98430005,n00000159,Extremal and Enumerative Combinatorics in Graphs and Numbers,1,0.872146,0,0,0
8220,Math,89,50,0,402.84070568,402.84070568,n00000243,Projectile Motion and Kinematic Analysis,1,0.962364,0,0,0
8225,Math,129,73,0,388.16320981,388.16320981,n00000154,Finite Group and Ring Theory Properties,1,0.996738,0,0,0
8228,Math,58,32,0,390.49311724,390.49311724,n00000154,Finite Group and Ring Theory Properties,1,0.988580,0,0,0
8230,Math,133,75,0,399.86323554,399.86323554,n00000056,Formal Logic and Fallacy Analysis,1,0.349509,0,0,0
8233,Math,154,87,0,386.56566532,386.56566532,n00000161,Normal and Sampling Distribution Applications,1,0.538208,0,1,0
8237,Math,147,83,0,396.60393363,396.60393363,n00000240,Applied Quantitative Partitioning Problems,1,0.983657,0,0,0
8239,Math,147,83,0,388.39519735,388.39519735,n00000232,Applied Business Percentage Calculations,1,0.882065,0,0,0
8243,Math,118,66,0,382.17541530,382.17541530,n00000242,Elementary Algebraic and Arithmetic Operations,1,0.969761,0,0,0
8244,Math,118,66,0,415.20318124,415.20318124,n00000037,Thermodynamic and Heat Transfer Analysis,1,0.999821,0,1,1
8245,Math,113,63,0,414.53759689,414.53759689,n00000232,Applied Business Percentage Calculations,1,0.998272,0,0,0
8246,Math,108,60,0,407.48386174,407.48386174,n00000232,Applied Business Percentage Calculations,1,0.997995,0,0,0
8252,Math,132,75,0,385.80603458,385.80603458,n00000161,Normal and Sampling Distribution Applications,1,0.999934,0,0,0
8264,Math,143,81,0,382.89255194,382.89255194,n00000241,Numerical Ordering and Estimation Techniques,1,0.736183,0,0,0
8270,Math,99,56,0,385.62421799,385.62421799,n00000157,Applied Differential Equations and Numerical Methods,1,0.591395,0,0,0
8271,Math,126,71,0,397.13428554,397.13428554,n00000128,Algebraic Structure Properties and Isomorphisms,1,0.999954,0,0,0
8272,Math,76,42,0,387.96466724,387.96466724,n00000159,Extremal and Enumerative Combinatorics in Graphs and Numbers,1,0.941501,0,0,0
8277,Math,131,74,0,380.66327617,380.66327617,n00000242,Elementary Algebraic and Arithmetic Operations,1,0.979776,0,0,0
8282,Math,145,82,0,376.72914732,376.72914732,n00000158,Discrete Probability and Combinatorial Counting,1,0.660868,0,0,0
8283,Math,132,74,0,399.99126642,399.99126642,n00000232,Applied Business Percentage Calculations,1,0.983756,0,0,0
8286,Math,110,61,0,382.74705968,382.74705968,n00000159,Extremal and Enumerative Combinatorics in Graphs and Numbers,1,0.942895,0,0,0
8287,Math,154,87,0,388.30529294,388.30529294,n00000232,Applied Business Percentage Calculations,1,0.966552,0,0,0
8289,Math,129,73,0,383.47037933,383.47037933,n00000158,Discrete Probability and Combinatorial Counting,1,0.998152,0,0,0
8292,Math,86,48,0,377.79331435,377.79331435,n00000158,Discrete Probability and Combinatorial Counting,1,0.526289,0,0,0
8295,Math,154,87,0,391.10913971,391.10913971,n00000158,Discrete Probability and Combinatorial Counting,1,0.982912,0,0,0
8297,Math,66,36,0,392.40288518,392.40288518,n00000239,Advanced Integral Calculus and Applications,1,0.994386,0,0,0
8303,Math,147,83,0,388.51469218,388.51469218,n00000159,Extremal and Enumerative Combinatorics in Graphs and Numbers,1,0.998583,0,0,0
8304,Math,131,74,0,410.70474447,410.70474447,n00000151,Consumer Loan Interest Calculation,1,0.926478,0,0,0
8306,Math,99,55,0,392.38529125,392.38529125,n00000239,Advanced Integral Calculus and Applications,1,0.999517,0,0,0
8309,Math,105,59,0,392.33061962,392.33061962,n00000158,Discrete Probability and Combinatorial Counting,1,0.998291,0,0,0
8314,Math,86,48,0,387.56450579,387.56450579,n00000239,Advanced Integral Calculus and Applications,1,0.988054,0,0,0
8315,Math,76,42,0,385.73782680,385.73782680,n00000155,Applied Algebraic and Analytic Computations,1,0.999494,0,0,0
8320,Math,87,49,0,391.75051171,391.75051171,n00000158,Discrete Probability and Combinatorial Counting,1,0.996661,0,0,0
8321,Math,147,83,0,387.93725783,387.93725783,n00000159,Extremal and Enumerative Combinatorics in Graphs and Numbers,1,0.998916,0,0,0
8327,Math,136,77,0,397.50116293,397.50116293,n00000161,Normal and Sampling Distribution Applications,1,0.990692,0,0,0
8332,Math,126,71,0,391.65155446,391.65155446,n00000128,Algebraic Structure Properties and Isomorphisms,1,0.999230,0,0,0
8336,Math,147,83,0,381.69618078,381.69618078,n00000194,Macronutrient Biochemistry and Physiological Functions,1,0.450131,0,0,0
8338,Math,147,83,0,395.40502252,395.40502252,n00000245,Statistical Inference and Probability Theory,1,0.998547,0,1,1
8343,Math,140,79,0,391.35082807,391.35082807,n00000245,Statistical Inference and Probability Theory,1,0.996065,0,1,1
8344,Math,147,83,0,387.99118294,387.99118294,n00000151,Consumer Loan Interest Calculation,1,0.697865,0,0,0
8348,Math,89,49,0,390.40905935,390.40905935,n00000242,Elementary Algebraic and Arithmetic Operations,1,0.995347,0,0,0
8354,Math,136,77,0,390.50858732,390.50858732,n00000242,Elementary Algebraic and Arithmetic Operations,1,0.818054,0,0,0
8358,Math,147,83,0,396.98820455,396.98820455,n00000037,Thermodynamic and Heat Transfer Analysis,1,0.547750,0,1,1
8361,Math,154,87,0,390.23148818,390.23148818,n00000232,Applied Business Percentage Calculations,1,0.916438,0,0,0
8369,Math,147,83,0,376.91984780,376.91984780,n00000128,Algebraic Structure Properties and Isomorphisms,1,0.805669,0,0,0
8372,Math,131,74,0,384.88578612,384.88578612,n00000154,Finite Group and Ring Theory Properties,1,0.957351,0,0,0
8374,Math,71,39,0,385.48264981,385.48264981,n00000159,Extremal and Enumerative Combinatorics in Graphs and Numbers,1,0.801822,0,0,0
8375,Math,118,66,0,381.94902138,381.94902138,n00000242,Elementary Algebraic and Arithmetic Operations,1,0.834967,0,0,0
8376,Math,136,77,0,382.72985244,382.72985244,n00000239,Advanced Integral Calculus and Applications,1,0.856590,0,0,0
8380,Math,129,72,0,388.39548468,388.39548468,n00000242,Elementary Algebraic and Arithmetic Operations,1,0.823827,0,0,0
8385,Math,142,80,0,376.96630184,376.96630184,n00000161,Normal and Sampling Distribution Applications,1,0.717267,0,0,0
8388,Math,106,59,0,408.62928433,408.62928433,n00000232,Applied Business Percentage Calculations,1,0.999963,0,0,0
8390,Math,111,62,0,380.45830895,380.45830895,n00000242,Elementary Algebraic and Arithmetic Operations,1,0.482152,0,0,0
8399,Math,131,74,0,377.23007645,377.23007645,n00000158,Discrete Probability and Combinatorial Counting,1,0.995489,0,0,0
8400,Math,99,55,0,386.53136624,386.53136624,n00000159,Extremal and Enumerative Combinatorics in Graphs and Numbers,1,0.991508,0,0,0
8401,Math,134,75,0,386.54133688,386.54133688,n00000155,Applied Algebraic and Analytic Computations,1,0.937492,0,0,0
8403,Math,86,48,0,394.04039714,394.04039714,n00000157,Applied Differential Equations and Numerical Methods,1,0.998108,0,0,0
8404,Math,110,61,0,388.06111408,388.06111408,n00000158,Discrete Probability and Combinatorial Counting,1,0.974043,0,0,0
8406,Math,76,42,0,393.74105983,393.74105983,n00000238,Advanced Transform and Series Analysis,1,0.989303,0,0,0
8407,Math,139,78,0,386.83312650,386.83312650,n00000239,Advanced Integral Calculus and Applications,1,0.991208,0,0,0
8416,Math,37,20,0,388.87555404,388.87555404,n00000154,Finite Group and Ring Theory Properties,1,0.999242,0,0,0
8420,Math,84,47,0,390.15649563,390.15649563,n00000157,Applied Differential Equations and Numerical Methods,1,0.737787,0,0,0
8422,Math,94,53,0,375.09713892,375.09713892,n00000154,Finite Group and Ring Theory Properties,1,0.952176,0,0,0
8427,Math,94,53,0,388.88027141,388.88027141,n00000157,Applied Differential Equations and Numerical Methods,1,0.950181,0,0,0
8435,Math,135,76,0,391.50807537,391.50807537,n00000128,Algebraic Structure Properties and Isomorphisms,1,0.526241,0,0,0
8441,Math,146,82,0,391.20609295,391.20609295,n00000245,Statistical Inference and Probability Theory,1,0.975637,0,1,1
8444,Math,133,75,0,378.52886196,378.52886196,n00000220,Applied Communication and Behavioral Strategy Design,1,0.845426,0,0,0
8445,Math,132,74,0,394.12208010,394.12208010,n00000161,Normal and Sampling Distribution Applications,1,0.980300,0,0,0
8448,Math,118,67,0,400.66557543,400.66557543,n00000245,Statistical Inference and Probability Theory,1,0.525431,0,1,1
8451,Math,99,55,0,380.05743772,380.05743772,n00000241,Numerical Ordering and Estimation Techniques,1,0.777760,0,0,0
8453,Math,120,68,0,385.88589550,385.88589550,n00000161,Normal and Sampling Distribution Applications,1,0.998739,0,0,0
8454,Math,138,78,0,383.54045840,383.54045840,n00000240,Applied Quantitative Partitioning Problems,1,0.712551,0,0,0
8456,Math,95,53,0,405.02121599,405.02121599,n00000037,Thermodynamic and Heat Transfer Analysis,1,0.967917,0,1,1
8458,Math,131,74,0,386.54391001,386.54391001,n00000241,Numerical Ordering and Estimation Techniques,1,0.998792,0,0,0
8463,Math,131,74,0,393.06488704,393.06488704,n00000240,Applied Quantitative Partitioning Problems,1,0.810667,0,0,0
8468,Math,125,71,0,388.30356263,388.30356263,n00000240,Applied Quantitative Partitioning Problems,1,0.927562,0,0,0
8474,Math,125,71,0,393.04383934,393.04383934,n00000158,Discrete Probability and Combinatorial Counting,1,0.999631,0,0,0
8477,Math,76,42,0,379.61035423,379.61035423,n00000238,Advanced Transform and Series Analysis,1,0.648958,0,0,0
8481,Math,99,56,0,379.83993331,379.83993331,n00000155,Applied Algebraic and Analytic Computations,1,0.844337,0,0,0
8482,Math,81,45,0,387.47738998,387.47738998,n00000155,Applied Algebraic and Analytic Computations,1,0.999334,0,0,0
8486,Math,99,55,0,391.05847350,391.05847350,n00000155,Applied Algebraic and Analytic Computations,1,0.722741,0,0,0
8490,Math,76,42,0,384.32341966,384.32341966,n00000155,Applied Algebraic and Analytic Computations,1,0.999719,0,0,0
8495,Math,97,54,0,388.18171001,388.18171001,n00000242,Elementary Algebraic and Arithmetic Operations,1,0.520146,0,0,0
8498,Math,107,60,0,385.44186323,385.44186323,n00000159,Extremal and Enumerative Combinatorics in Graphs and Numbers,1,0.950367,0,0,0
8508,Math,86,48,0,382.77686079,382.77686079,n00000155,Applied Algebraic and Analytic Computations,1,0.512304,0,0,0
8510,Math,95,53,0,392.19590256,392.19590256,n00000157,Applied Differential Equations and Numerical Methods,1,0.999925,0,0,0
8512,Math,125,71,0,384.35489211,384.35489211,n00000154,Finite Group and Ring Theory Properties,1,0.999663,0,0,0
8513,Math,147,83,0,382.15312314,382.15312314,n00000159,Extremal and Enumerative Combinatorics in Graphs and Numbers,1,0.975360,0,0,0
8519,Math,86,48,0,388.53696382,388.53696382,n00000239,Advanced Integral Calculus and Applications,1,0.999833,0,0,0
8525,Math,76,42,0,385.23152810,385.23152810,n00000155,Applied Algebraic and Analytic Computations,1,0.647730,0,0,0
8527,Math,76,42,0,391.70242194,391.70242194,n00000157,Applied Differential Equations and Numerical Methods,1,0.999542,0,0,0
8529,Math,107,60,0,385.63972627,385.63972627,n00000159,Extremal and Enumerative Combinatorics in Graphs and Numbers,1,0.501256,0,0,0
8537,Math,139,78,0,390.92278777,390.92278777,n00000161,Normal and Sampling Distribution Applications,1,0.998074,0,0,0
8541,Math,87,49,0,392.39247243,392.39247243,n00000154,Finite Group and Ring Theory Properties,1,0.957745,0,0,0
8547,Math,133,75,0,379.31231311,379.31231311,n00000183,Demographic Behavior and Public Opinion Metrics,1,0.933301,0,0,0
8549,Math,147,83,0,379.40977375,379.40977375,n00000246,Time Series Econometrics and Diagnostic Testing,1,0.983434,0,0,0
8551,Math,143,80,0,395.74044662,395.74044662,n00000161,Normal and Sampling Distribution Applications,1,0.709064,0,1,0
8561,Math,61,33,0,415.68939619,415.68939619,n00000232,Applied Business Percentage Calculations,1,0.999400,0,0,0
8562,Math,100,55,0,409.87403039,409.87403039,n00000232,Applied Business Percentage Calculations,1,0.996182,0,0,0
8564,Math,102,57,0,383.91538389,383.91538389,n00000241,Numerical Ordering and Estimation Techniques,1,0.892045,0,0,0
8569,Math,131,74,0,386.65212320,386.65212320,n00000242,Elementary Algebraic and Arithmetic Operations,1,0.996357,0,0,0
8572,Math,154,87,0,364.19303190,364.19303190,n00000241,Numerical Ordering and Estimation Techniques,1,0.693283,0,0,0
8578,Math,147,83,0,386.83792980,386.83792980,n00000128,Algebraic Structure Properties and Isomorphisms,1,0.780580,0,0,0
8579,Math,86,48,0,382.30491446,382.30491446,n00000239,Advanced Integral Calculus and Applications,1,0.959870,0,0,0
8581,Math,97,54,0,384.79817745,384.79817745,n00000155,Applied Algebraic and Analytic Computations,1,0.867170,0,0,0
8584,Math,136,77,0,382.43784772,382.43784772,n00000155,Applied Algebraic and Analytic Computations,1,0.547023,0,0,0
8585,Math,131,74,0,382.85604749,382.85604749,n00000155,Applied Algebraic and Analytic Computations,1,0.682704,0,0,0
8586,Math,131,74,0,384.92835103,384.92835103,n00000159,Extremal and Enumerative Combinatorics in Graphs and Numbers,1,0.871777,0,0,0
8590,Math,147,83,0,386.29364342,386.29364342,n00000158,Discrete Probability and Combinatorial Counting,1,0.670139,0,1,0
8592,Math,143,81,0,376.72848634,376.72848634,n00000158,Discrete Probability and Combinatorial Counting,1,0.823508,0,0,0
8593,Math,76,42,0,384.23458895,384.23458895,n00000155,Applied Algebraic and Analytic Computations,1,0.980553,0,0,0
8602,Math,76,42,0,384.07918329,384.07918329,n00000155,Applied Algebraic and Analytic Computations,1,0.848704,0,0,0
8606,Math,76,42,0,389.05152751,389.05152751,n00000238,Advanced Transform and Series Analysis,1,0.723780,0,0,0
8608,Math,139,78,0,377.01476806,377.01476806,n00000157,Applied Differential Equations and Numerical Methods,1,0.998007,0,0,0
8609,Math,76,42,0,391.25110358,391.25110358,n00000155,Applied Algebraic and Analytic Computations,1,0.999664,0,0,0
8610,Math,136,77,0,381.08771854,381.08771854,n00000130,Information Theory and Digital Encoding Fundamentals,1,0.994430,0,0,0
8612,Math,61,33,0,385.09511075,385.09511075,n00000238,Advanced Transform and Series Analysis,1,0.928896,0,0,0
8617,Math,136,77,0,382.69736585,382.69736585,n00000155,Applied Algebraic and Analytic Computations,1,0.963741,0,0,0
8620,Math,81,45,0,377.25569852,377.25569852,n00000154,Finite Group and Ring Theory Properties,1,0.812512,0,0,0
8624,Math,71,39,0,391.77396903,391.77396903,n00000155,Applied Algebraic and Analytic Computations,1,0.972728,0,0,0
8625,Math,136,77,0,384.98284880,384.98284880,n00000157,Applied Differential Equations and Numerical Methods,1,0.376549,0,1,0
8628,Math,123,69,0,381.79010867,381.79010867,n00000154,Finite Group and Ring Theory Properties,1,0.786273,0,0,0
8629,Math,83,47,0,400.31759763,400.31759763,n00000243,Projectile Motion and Kinematic Analysis,1,0.999758,0,0,0
8630,Math,94,53,0,389.09841019,389.09841019,n00000239,Advanced Integral Calculus and Applications,1,0.902148,0,0,0
8637,Math,118,66,0,395.53536658,395.53536658,n00000188,Radioactive Decay Kinetics and Energetics,1,0.961728,0,0,0
8640,Math,144,81,0,393.44804947,393.44804947,n00000157,Applied Differential Equations and Numerical Methods,1,0.894049,0,0,0
8643,Math,76,42,0,390.04508667,390.04508667,n00000155,Applied Algebraic and Analytic Computations,1,0.995728,0,0,0
8648,Math,147,83,0,388.75728686,388.75728686,n00000158,Discrete Probability and Combinatorial Counting,1,0.930967,0,0,0
8649,Math,147,83,0,388.58247986,388.58247986,n00000161,Normal and Sampling Distribution Applications,1,0.542719,0,1,0
8656,Math,105,59,0,394.92328592,394.92328592,n00000128,Algebraic Structure Properties and Isomorphisms,1,0.999755,0,0,0
8662,Math,150,84,0,394.19978552,394.19978552,n00000161,Normal and Sampling Distribution Applications,1,0.507588,0,1,0
8663,Math,147,83,0,392.91261245,392.91261245,n00000245,Statistical Inference and Probability Theory,1,0.982491,0,1,1
8666,Math,140,79,0,394.79608804,394.79608804,n00000233,Quantitative Business Profit and Inventory Optimization,1,0.709470,0,0,0
8669,Math,154,87,0,395.48609538,395.48609538,n00000151,Consumer Loan Interest Calculation,1,0.733625,0,0,0
8671,Math,147,83,0,391.27558364,391.27558364,n00000245,Statistical Inference and Probability Theory,1,0.845552,0,1,1
8674,Math,121,68,0,396.01069449,396.01069449,n00000161,Normal and Sampling Distribution Applications,1,0.999873,0,0,0
8675,Math,116,65,0,392.98173986,392.98173986,n00000245,Statistical Inference and Probability Theory,1,0.998603,0,1,1
8680,Math,118,66,0,388.79094561,388.79094561,n00000169,Gravitational Field and Orbital Mechanics Problems,1,0.997354,0,0,0
8684,Math,138,78,0,369.94779400,369.94779400,n00000241,Numerical Ordering and Estimation Techniques,1,0.942643,0,0,0
8685,Math,129,72,0,391.66774630,391.66774630,n00000240,Applied Quantitative Partitioning Problems,1,0.659205,0,0,0
8688,Math,147,83,0,379.92041559,379.92041559,n00000240,Applied Quantitative Partitioning Problems,1,0.721344,0,0,0
8690,Math,131,74,0,391.75617490,391.75617490,n00000240,Applied Quantitative Partitioning Problems,1,0.728694,0,0,0
8695,Math,154,87,0,384.85474089,384.85474089,n00000232,Applied Business Percentage Calculations,1,0.867626,0,0,0
8697,Math,40,22,0,415.79840711,415.79840711,n00000232,Applied Business Percentage Calculations,1,0.999870,0,0,0
8700,Math,147,83,0,385.25430649,385.25430649,n00000240,Applied Quantitative Partitioning Problems,1,0.878265,0,0,0
8701,Math,100,55,0,397.47890436,397.47890436,n00000242,Elementary Algebraic and Arithmetic Operations,1,0.956372,0,0,0
8715,Math,94,53,0,377.09004637,377.09004637,n00000154,Finite Group and Ring Theory Properties,1,0.855612,0,0,0
8717,Math,99,55,0,389.16942859,389.16942859,n00000155,Applied Algebraic and Analytic Computations,1,0.944621,0,0,0
8718,Math,86,48,0,392.05042299,392.05042299,n00000239,Advanced Integral Calculus and Applications,1,0.951494,0,0,0
8722,Math,76,42,0,384.14728573,384.14728573,n00000155,Applied Algebraic and Analytic Computations,1,0.998223,0,0,0
8723,Math,131,74,0,384.89952708,384.89952708,n00000161,Normal and Sampling Distribution Applications,1,0.980756,0,0,0
8727,Math,136,77,0,383.62976512,383.62976512,n00000159,Extremal and Enumerative Combinatorics in Graphs and Numbers,1,0.937450,0,0,0
8728,Math,123,69,0,383.29059399,383.29059399,n00000159,Extremal and Enumerative Combinatorics in Graphs and Numbers,1,0.919122,0,0,0
8729,Math,76,42,0,393.31802281,393.31802281,n00000155,Applied Algebraic and Analytic Computations,1,0.997514,0,0,0
8735,Math,136,77,0,395.28354032,395.28354032,n00000245,Statistical Inference and Probability Theory,1,0.999912,0,1,1
8740,Math,94,52,0,387.23202614,387.23202614,n00000154,Finite Group and Ring Theory Properties,1,0.824939,0,0,0
8750,Math,138,78,0,381.80230372,381.80230372,n00000159,Extremal and Enumerative Combinatorics in Graphs and Numbers,1,0.999985,0,0,0
8753,Math,95,53,0,385.51946857,385.51946857,n00000158,Discrete Probability and Combinatorial Counting,1,0.999176,0,0,0
8754,Math,110,61,0,387.79548346,387.79548346,n00000239,Advanced Integral Calculus and Applications,1,0.673132,0,0,0
8755,Math,89,49,0,389.59175767,389.59175767,n00000238,Advanced Transform and Series Analysis,1,0.490581,0,0,0
8762,Math,71,39,0,397.61737565,397.61737565,n00000243,Projectile Motion and Kinematic Analysis,1,0.986420,0,0,0
8765,Math,84,47,0,408.83352668,408.83352668,n00000243,Projectile Motion and Kinematic Analysis,1,0.999721,0,0,0
8768,Math,113,64,0,411.18194966,411.18194966,n00000037,Thermodynamic and Heat Transfer Analysis,1,0.984741,0,1,1
8769,Math,76,42,0,389.98213023,389.98213023,n00000239,Advanced Integral Calculus and Applications,1,0.994880,0,0,0
8778,Math,119,67,0,394.47069816,394.47069816,n00000128,Algebraic Structure Properties and Isomorphisms,1,0.999919,0,0,0
8783,Math,129,73,0,381.66684724,381.66684724,n00000221,Psychometric Test Theory and Validation,1,0.948072,0,0,0
8791,Math,26,14,0,411.29785269,411.29785269,n00000232,Applied Business Percentage Calculations,1,0.997561,0,0,0
8799,Math,126,71,0,413.02012802,413.02012802,n00000196,Evaluative Statement Veracity Assessment,1,0.767288,0,0,0
8800,Math,102,57,0,377.50082099,377.50082099,n00000241,Numerical Ordering and Estimation Techniques,1,0.995554,0,0,0
8808,Math,76,42,0,386.41730199,386.41730199,n00000239,Advanced Integral Calculus and Applications,1,0.706432,0,0,0
8815,Math,110,61,0,384.16772178,384.16772178,n00000242,Elementary Algebraic and Arithmetic Operations,1,0.802781,0,0,0
8818,Math,112,64,0,380.91363896,380.91363896,n00000159,Extremal and Enumerative Combinatorics in Graphs and Numbers,1,0.537823,0,0,0
8822,Math,69,38,0,414.49243042,414.49243042,n00000151,Consumer Loan Interest Calculation,1,1.000000,0,0,0
8824,Math,97,54,0,378.05882351,378.05882351,n00000157,Applied Differential Equations and Numerical Methods,1,0.496350,0,0,0
8834,Math,99,55,0,385.69849858,385.69849858,n00000159,Extremal and Enumerative Combinatorics in Graphs and Numbers,1,0.510714,0,0,0
8837,Math,149,83,0,391.58782600,391.58782600,n00000161,Normal and Sampling Distribution Applications,1,0.509796,0,1,0
8838,Math,108,61,0,393.39060306,393.39060306,n00000158,Discrete Probability and Combinatorial Counting,1,0.999024,0,0,0
8839,Math,147,83,0,379.98783010,379.98783010,n00000238,Advanced Transform and Series Analysis,1,0.639141,0,0,0
8844,Math,147,83,0,386.60958962,386.60958962,n00000128,Algebraic Structure Properties and Isomorphisms,1,0.906782,0,0,0
8846,Math,85,47,0,390.04745418,390.04745418,n00000158,Discrete Probability and Combinatorial Counting,1,0.675564,0,0,0
8855,Math,147,83,0,380.66813349,380.66813349,n00000158,Discrete Probability and Combinatorial Counting,1,0.993009,0,0,0
8858,Math,131,74,0,383.93794551,383.93794551,n00000157,Applied Differential Equations and Numerical Methods,1,0.492237,0,0,0
8860,Math,99,55,0,394.90051987,394.90051987,n00000303,Kinematics and Relativistic Motion Analysis,1,0.900843,0,0,0
8861,Math,89,50,0,422.21042937,422.21042937,n00000037,Thermodynamic and Heat Transfer Analysis,1,0.993075,0,1,1
8872,Math,119,67,0,388.27857092,388.27857092,n00000159,Extremal and Enumerative Combinatorics in Graphs and Numbers,1,0.673523,0,0,0
8877,Math,107,60,0,378.84621560,378.84621560,n00000154,Finite Group and Ring Theory Properties,1,0.980936,0,0,0
8879,Math,58,31,0,392.32164272,392.32164272,n00000154,Finite Group and Ring Theory Properties,1,0.999382,0,0,0
8880,Math,92,52,0,404.12462785,404.12462785,n00000196,Evaluative Statement Veracity Assessment,1,0.997210,0,0,0
8883,Math,147,83,0,390.16466167,390.16466167,n00000245,Statistical Inference and Probability Theory,1,0.586908,0,1,1
8884,Math,115,65,0,402.17567272,402.17567272,n00000196,Evaluative Statement Veracity Assessment,1,0.871710,0,0,0
8885,Math,143,80,0,395.21627944,395.21627944,n00000161,Normal and Sampling Distribution Applications,1,0.738817,0,1,0
8887,Math,138,78,0,402.41905674,402.41905674,n00000232,Applied Business Percentage Calculations,1,0.688637,0,0,0
8889,Math,89,49,0,389.78923323,389.78923323,n00000242,Elementary Algebraic and Arithmetic Operations,1,0.998183,0,0,0
8896,Math,147,83,0,389.58805815,389.58805815,n00000303,Kinematics and Relativistic Motion Analysis,1,0.686428,0,0,0
8897,Math,136,77,0,382.98157855,382.98157855,n00000303,Kinematics and Relativistic Motion Analysis,1,0.574514,0,0,0
8898,Math,120,68,0,387.60887667,387.60887667,n00000240,Applied Quantitative Partitioning Problems,1,0.996477,0,0,0
8899,Math,100,55,0,387.07851828,387.07851828,n00000242,Elementary Algebraic and Arithmetic Operations,1,0.999206,0,0,0
8901,Math,76,42,0,379.22135870,379.22135870,n00000241,Numerical Ordering and Estimation Techniques,1,0.757883,0,0,0
8906,Math,115,64,0,386.55922560,386.55922560,n00000155,Applied Algebraic and Analytic Computations,1,0.749030,0,0,0
8907,Math,99,55,0,381.93393102,381.93393102,n00000241,Numerical Ordering and Estimation Techniques,1,0.986632,0,0,0
8919,Math,147,83,0,381.59540677,381.59540677,n00000158,Discrete Probability and Combinatorial Counting,1,0.977002,0,0,0
8921,Math,76,42,0,386.99212560,386.99212560,n00000241,Numerical Ordering and Estimation Techniques,1,0.949200,0,0,0
8923,Math,87,48,0,394.16814234,394.16814234,n00000155,Applied Algebraic and Analytic Computations,1,0.999052,0,0,0
8924,Math,123,69,0,383.59956917,383.59956917,n00000239,Advanced Integral Calculus and Applications,1,0.449492,0,0,0
8930,Math,118,66,0,368.41588044,368.41588044,n00000037,Thermodynamic and Heat Transfer Analysis,1,0.988410,0,1,1
8934,Math,76,42,0,385.36881687,385.36881687,n00000238,Advanced Transform and Series Analysis,1,0.957206,0,0,0
8935,Math,69,38,0,394.21151593,394.21151593,n00000238,Advanced Transform and Series Analysis,1,0.986740,0,0,0
8936,Math,97,54,0,380.92105563,380.92105563,n00000157,Applied Differential Equations and Numerical Methods,1,0.944575,0,0,0
8942,Math,136,77,0,382.90609387,382.90609387,n00000245,Statistical Inference and Probability Theory,1,0.883511,0,1,1
8945,Math,84,47,0,389.76037393,389.76037393,n00000157,Applied Differential Equations and Numerical Methods,1,0.999987,0,0,0
8950,Math,147,83,0,383.86867891,383.86867891,n00000128,Algebraic Structure Properties and Isomorphisms,1,0.694393,0,0,0
8953,Math,134,75,0,378.34601301,378.34601301,n00000239,Advanced Integral Calculus and Applications,1,0.805298,0,0,0
8954,Math,103,57,0,389.01707484,389.01707484,n00000159,Extremal and Enumerative Combinatorics in Graphs and Numbers,1,0.998183,0,0,0
8959,Math,75,41,0,429.40540574,429.40540574,n00000151,Consumer Loan Interest Calculation,1,1.000000,0,0,0
8969,Math,147,83,0,386.98024813,386.98024813,n00000161,Normal and Sampling Distribution Applications,1,0.947991,0,0,0
8972,Math,121,68,0,392.79916410,392.79916410,n00000128,Algebraic Structure Properties and Isomorphisms,1,0.999964,0,0,0
8974,Math,108,61,0,388.21777966,388.21777966,n00000128,Algebraic Structure Properties and Isomorphisms,1,0.999799,0,0,0
8977,Math,133,75,0,373.48491365,373.48491365,n00000183,Demographic Behavior and Public Opinion Metrics,1,0.792339,0,0,0
8979,Math,147,83,0,386.47075965,386.47075965,n00000217,Psychotherapy Ethics and Clinical Practice Standards,1,0.532336,0,0,0
8982,Math,147,83,0,387.94083828,387.94083828,n00000245,Statistical Inference and Probability Theory,1,0.523397,0,1,1
8985,Math,145,82,0,386.24536137,386.24536137,n00000241,Numerical Ordering and Estimation Techniques,1,0.868514,0,0,0
8986,Math,147,83,0,389.49328396,389.49328396,n00000240,Applied Quantitative Partitioning Problems,1,0.792138,0,0,0
8997,Math,123,69,0,384.01094395,384.01094395,n00000169,Gravitational Field and Orbital Mechanics Problems,1,0.839998,0,0,0
8998,Math,154,87,0,387.62817553,387.62817553,n00000241,Numerical Ordering and Estimation Techniques,1,0.517228,0,0,0
9000,Math,127,72,0,394.13544150,394.13544150,n00000240,Applied Quantitative Partitioning Problems,1,0.994245,0,0,0
9002,Math,97,54,0,388.58865743,388.58865743,n00000242,Elementary Algebraic and Arithmetic Operations,1,0.966037,0,0,0
9008,Math,94,53,0,384.11339485,384.11339485,n00000239,Advanced Integral Calculus and Applications,1,0.728383,0,0,0
9009,Math,147,83,0,389.07777863,389.07777863,n00000128,Algebraic Structure Properties and Isomorphisms,1,0.854638,0,0,0
9012,Math,37,20,0,393.88269833,393.88269833,n00000159,Extremal and Enumerative Combinatorics in Graphs and Numbers,1,0.802873,0,0,0
9014,Math,100,55,0,382.56564353,382.56564353,n00000159,Extremal and Enumerative Combinatorics in Graphs and Numbers,1,0.621739,0,0,0
9015,Math,108,60,0,383.30790663,383.30790663,n00000155,Applied Algebraic and Analytic Computations,1,0.979766,0,0,0
9016,Math,86,48,0,378.64718949,378.64718949,n00000159,Extremal and Enumerative Combinatorics in Graphs and Numbers,1,0.598042,0,0,0
9022,Math,66,36,0,392.64560814,392.64560814,n00000239,Advanced Integral Calculus and Applications,1,0.943475,0,0,0
9024,Math,107,60,0,382.44800282,382.44800282,n00000155,Applied Algebraic and Analytic Computations,1,0.514247,0,0,0
9027,Math,76,42,0,386.49335821,386.49335821,n00000239,Advanced Integral Calculus and Applications,1,0.961949,0,0,0
9034,Math,71,39,0,402.03469225,402.03469225,n00000243,Projectile Motion and Kinematic Analysis,1,0.999815,0,0,0
9035,Math,105,59,0,403.92837880,403.92837880,n00000037,Thermodynamic and Heat Transfer Analysis,1,0.956356,0,1,1
9036,Math,26,14,0,421.38746791,421.38746791,n00000151,Consumer Loan Interest Calculation,1,1.000000,0,0,0
9037,Math,128,72,0,387.29568033,387.29568033,n00000239,Advanced Integral Calculus and Applications,1,0.982423,0,0,0
5066,Other,84,48,0,379.59380619,379.59380619,n00000078,Corporate Governance and Regulatory Compliance Principles,1,0.900335,0,0,0
5067,Other,115,65,0,378.43725067,378.43725067,n00000078,Corporate Governance and Regulatory Compliance Principles,1,0.798607,0,0,0
5073,Other,108,61,0,375.43013447,375.43013447,n00000180,International Security and Legal Theory Frameworks,1,0.708299,0,0,0
5080,Other,107,60,0,377.49969642,377.49969642,n00000107,Post-War Geopolitical Doctrine and Rhetoric,1,0.823770,0,1,1
5083,Other,147,83,0,383.69304217,383.69304217,n00000218,Developmental and Social Psychological Mechanisms,1,0.993744,0,0,0
5087,Other,95,54,0,374.77678217,374.77678217,n00000182,Global Socioeconomic and Health Indicators,1,0.878002,0,0,0
5095,Other,136,77,0,388.37856413,388.37856413,n00000030,Thermodynamic and Gas State Calculations,1,0.931819,0,0,0
5097,Other,154,87,0,376.50959569,376.50959569,n00000082,Anatomical and Genetic Health Mechanisms,1,0.599085,0,0,0
5098,Other,147,83,0,368.39164143,368.39164143,n00000185,Cultural and Historical Trivia Identification,1,0.927633,0,0,0
5105,Other,133,75,0,365.97452541,365.97452541,n00000185,Cultural and Historical Trivia Identification,1,0.896776,0,0,0
5111,Other,154,87,0,377.78461594,377.78461594,n00000243,Projectile Motion and Kinematic Analysis,1,0.882715,0,0,0
5114,Other,115,65,0,384.41834899,384.41834899,n00000078,Corporate Governance and Regulatory Compliance Principles,1,0.990320,0,0,0
5126,Other,115,65,0,390.67683476,390.67683476,n00000078,Corporate Governance and Regulatory Compliance Principles,1,0.895035,0,0,0
5136,Other,104,59,0,377.97607938,377.97607938,n00000219,Organizational Behavior and Work Motivation Theories,1,0.874375,0,0,0
5138,Other,84,48,0,374.10272259,374.10272259,n00000078,Corporate Governance and Regulatory Compliance Principles,1,0.971784,0,0,0
5139,Other,101,57,0,381.07600022,381.07600022,n00000235,Evidence Admissibility in Negligence Litigation,1,0.689199,0,0,0
5144,Other,79,45,0,374.61768324,374.61768324,n00000181,Comparative Economic Systems and Critiques,1,0.642585,0,0,0
5151,Other,140,79,0,391.47700889,391.47700889,n00000219,Organizational Behavior and Work Motivation Theories,1,0.904460,0,0,0
5152,Other,90,51,0,385.16660699,385.16660699,n00000180,International Security and Legal Theory Frameworks,1,0.996015,0,0,0
5154,Other,79,45,0,387.31693317,387.31693317,n00000218,Developmental and Social Psychological Mechanisms,1,0.767998,0,0,0
5157,Other,154,87,0,377.72944614,377.72944614,n00000195,Cellular and Systemic Physiological Regulation Mechanisms,1,0.747606,0,0,0
5161,Other,144,81,0,373.60947825,373.60947825,n00000218,Developmental and Social Psychological Mechanisms,1,0.986437,0,0,0
5163,Other,154,87,0,374.76343127,374.76343127,n00000173,Thermodynamic and Kinetic Gas Properties in Astrophysical and Terrestrial Systems,1,0.895152,0,0,0
5168,Other,105,59,0,397.51627565,397.51627565,n00000232,Applied Business Percentage Calculations,1,0.919702,0,0,0
5171,Other,154,87,0,367.54690656,367.54690656,n00000185,Cultural and Historical Trivia Identification,1,0.978187,0,0,0
5174,Other,140,79,0,379.32888057,379.32888057,n00000040,Comparative Functional Organismal Biology,1,0.982011,0,0,0
5178,Other,90,51,0,380.44698393,380.44698393,n00000184,Exclusion-Based Fact Verification Tasks,1,0.904534,0,0,0
5179,Other,136,77,0,379.18380930,379.18380930,n00000222,Cognitive and Perceptual Learning Mechanisms,1,0.902266,0,1,1
5183,Other,154,87,0,383.00239418,383.00239418,n00000200,Contract Formation and Enforceability Disputes,1,0.486331,0,0,0
5185,Other,114,64,0,388.07753293,388.07753293,n00000151,Consumer Loan Interest Calculation,1,0.999813,0,0,0
5186,Other,147,83,0,389.22918677,389.22918677,n00000078,Corporate Governance and Regulatory Compliance Principles,1,0.796295,0,0,0
5189,Other,61,33,0,425.12921790,425.12921790,n00000151,Consumer Loan Interest Calculation,1,1.000000,0,0,0
5192,Other,147,83,0,387.17719684,387.17719684,n00000233,Quantitative Business Profit and Inventory Optimization,1,0.999523,0,0,0
5194,Other,133,75,0,367.99126461,367.99126461,n00000105,Archaeological Foundations of Early Civilizations,1,0.605464,0,0,0
5209,Other,79,45,0,376.63602865,376.63602865,n00000180,International Security and Legal Theory Frameworks,1,0.995384,0,0,0
5211,Other,95,54,0,381.26906227,381.26906227,n00000216,Psychopathology and Clinical Assessment Theories,1,0.775022,0,0,0
5214,Other,90,51,0,367.71715384,367.71715384,n00000105,Archaeological Foundations of Early Civilizations,1,0.626776,0,1,0
5215,Other,64,36,0,393.70131443,393.70131443,n00000215,Developmental and Personality Theories in Psychology,1,0.866463,0,0,0
5218,Other,95,54,0,379.19750746,379.19750746,n00000195,Cellular and Systemic Physiological Regulation Mechanisms,1,0.918851,0,0,0
5221,Other,108,61,0,384.07762166,384.07762166,n00000186,Pathogen-Specific Clinical Intervention Mechanisms,1,0.779073,0,0,0
5223,Other,95,54,0,378.58569572,378.58569572,n00000182,Global Socioeconomic and Health Indicators,1,0.995045,0,0,0
5224,Other,115,65,0,382.23185268,382.23185268,n00000183,Demographic Behavior and Public Opinion Metrics,1,0.865698,0,0,0
5226,Other,142,80,0,376.06580936,376.06580936,n00000182,Global Socioeconomic and Health Indicators,1,0.908686,0,0,0
5230,Other,129,72,0,365.60431103,365.60431103,n00000143,Classical Philosophical and Legal Doctrines,1,0.830994,0,1,1
5233,Other,149,84,0,368.10517755,368.10517755,n00000105,Archaeological Foundations of Early Civilizations,1,0.949367,0,0,0
5237,Other,104,59,0,391.67560997,391.67560997,n00000077,Foundational Microeconomic Principles and Models,1,0.745933,0,0,0
5241,Other,97,54,0,368.06517564,368.06517564,n00000185,Cultural and Historical Trivia Identification,1,0.961076,0,0,0
5245,Other,93,51,0,390.46594059,390.46594059,n00000232,Applied Business Percentage Calculations,1,0.979215,0,0,0
5248,Other,107,60,0,370.98330264,370.98330264,n00000181,Comparative Economic Systems and Critiques,1,0.901939,0,0,0
5250,Other,133,75,0,383.35356558,383.35356558,n00000222,Cognitive and Perceptual Learning Mechanisms,1,0.565247,0,1,1
5254,Other,154,87,0,366.96220875,366.96220875,n00000056,Formal Logic and Fallacy Analysis,1,0.669844,0,0,0
5255,Other,115,65,0,387.85571763,387.85571763,n00000265,Microeconomic Production and Cost Optimization,1,0.965594,0,0,0
5256,Other,154,87,0,394.92427190,394.92427190,n00000078,Corporate Governance and Regulatory Compliance Principles,1,0.634246,0,0,0
5263,Other,134,75,0,377.40024988,377.40024988,n00000151,Consumer Loan Interest Calculation,1,0.999968,0,0,0
5267,Other,131,74,0,385.88092832,385.88092832,n00000317,Fiscal Policy Mechanisms and Stabilization,1,0.855663,0,0,0
5269,Other,115,65,0,386.39482415,386.39482415,n00000181,Comparative Economic Systems and Critiques,1,0.603004,0,0,0
5272,Other,115,65,0,395.38377651,395.38377651,n00000199,First Amendment Limits on State Regulation,1,0.755422,0,1,1
5273,Other,154,87,0,398.62323021,398.62323021,n00000151,Consumer Loan Interest Calculation,1,0.999993,0,0,0
5277,Other,115,65,0,378.76045571,378.76045571,n00000220,Applied Communication and Behavioral Strategy Design,1,0.693991,0,0,0
5285,Other,95,54,0,376.14853780,376.14853780,n00000220,Applied Communication and Behavioral Strategy Design,1,0.736919,0,0,0
5286,Other,105,59,0,377.12235077,377.12235077,n00000078,Corporate Governance and Regulatory Compliance Principles,1,0.981531,0,0,0
5287,Other,110,62,0,373.41989060,373.41989060,n00000183,Demographic Behavior and Public Opinion Metrics,1,0.976920,0,0,0
5289,Other,140,79,0,380.68659638,380.68659638,n00000180,International Security and Legal Theory Frameworks,1,0.986830,0,0,0
5290,Other,84,48,0,396.97393560,396.97393560,n00000077,Foundational Microeconomic Principles and Models,1,0.902627,0,0,0
5291,Other,72,40,0,392.60959952,392.60959952,n00000181,Comparative Economic Systems and Critiques,1,0.808918,0,0,0
5292,Other,59,33,0,371.02743392,371.02743392,n00000107,Post-War Geopolitical Doctrine and Rhetoric,1,0.717375,0,1,1
5302,Other,72,41,0,393.43774079,393.43774079,n00000027,Emergency and Acute Clinical Diagnostics,1,0.957489,0,0,0
5305,Other,146,82,0,385.11526119,385.11526119,n00000318,Macroeconomic Aggregates and Income Accounting,1,0.948176,0,1,1
5306,Other,105,59,0,369.16683632,369.16683632,n00000182,Global Socioeconomic and Health Indicators,1,0.931427,0,0,0
5308,Other,154,87,0,374.44985380,374.44985380,n00000182,Global Socioeconomic and Health Indicators,1,0.963963,0,0,0
5310,Other,104,59,0,375.38308132,375.38308132,n00000182,Global Socioeconomic and Health Indicators,1,0.998897,0,0,0
5314,Other,154,87,0,362.57862621,362.57862621,n00000185,Cultural and Historical Trivia Identification,1,0.950251,0,0,0
5316,Other,154,87,0,367.15673601,367.15673601,n00000180,International Security and Legal Theory Frameworks,1,0.822847,0,0,0
5318,Other,133,75,0,369.52337959,369.52337959,n00000185,Cultural and Historical Trivia Identification,1,0.998578,0,0,0
5319,Other,115,65,0,396.01933278,396.01933278,n00000200,Contract Formation and Enforceability Disputes,1,0.468702,0,0,0
5320,Other,147,83,0,390.99236772,390.99236772,n00000204,Aqueous Acid Base Equilibrium Calculations,1,0.999798,0,0,0
5325,Other,154,87,0,375.76007314,375.76007314,n00000078,Corporate Governance and Regulatory Compliance Principles,1,0.886168,0,0,0
5327,Other,154,87,0,362.95881611,362.95881611,n00000185,Cultural and Historical Trivia Identification,1,0.597782,0,0,0
5329,Other,153,86,0,364.25860915,364.25860915,n00000185,Cultural and Historical Trivia Identification,1,0.575705,0,0,0
5337,Other,147,83,0,386.81183400,386.81183400,n00000196,Evaluative Statement Veracity Assessment,1,0.998458,0,0,0
5340,Other,154,87,0,359.47176101,359.47176101,n00000185,Cultural and Historical Trivia Identification,1,0.964547,0,0,0
5350,Other,112,63,0,406.71374823,406.71374823,n00000151,Consumer Loan Interest Calculation,1,0.999424,0,0,0
5351,Other,143,81,0,395.47895775,395.47895775,n00000246,Time Series Econometrics and Diagnostic Testing,1,0.793069,0,0,0
5359,Other,90,51,0,380.92642124,380.92642124,n00000078,Corporate Governance and Regulatory Compliance Principles,1,0.988091,0,0,0
5360,Other,75,42,0,392.04202172,392.04202172,n00000220,Applied Communication and Behavioral Strategy Design,1,0.892357,0,0,0
5361,Other,95,54,0,384.71091947,384.71091947,n00000183,Demographic Behavior and Public Opinion Metrics,1,0.999646,0,0,0
5365,Other,110,62,0,389.59486380,389.59486380,n00000142,Normative Ethical Theory Applications,1,0.942815,0,0,0
5368,Other,103,58,0,406.81504904,406.81504904,n00000196,Evaluative Statement Veracity Assessment,1,0.992437,0,0,0
5370,Other,140,79,0,372.36592751,372.36592751,n00000107,Post-War Geopolitical Doctrine and Rhetoric,1,0.673215,0,1,1
5377,Other,90,51,0,391.80094704,391.80094704,n00000186,Pathogen-Specific Clinical Intervention Mechanisms,1,0.657572,0,0,0
5379,Other,105,59,0,372.00093265,372.00093265,n00000183,Demographic Behavior and Public Opinion Metrics,1,0.970849,0,0,0
5381,Other,61,34,0,374.03214673,374.03214673,n00000107,Post-War Geopolitical Doctrine and Rhetoric,1,0.680899,0,1,1
5384,Other,154,87,0,369.27540793,369.27540793,n00000185,Cultural and Historical Trivia Identification,1,0.967894,0,0,0
5385,Other,154,87,0,370.05004182,370.05004182,n00000183,Demographic Behavior and Public Opinion Metrics,1,0.902515,0,0,0
5387,Other,147,83,0,365.10478062,365.10478062,n00000187,Age-Related Health Determinants and Epidemiology,1,0.483633,0,0,0
5393,Other,143,81,0,380.09596735,380.09596735,n00000040,Comparative Functional Organismal Biology,1,0.543576,0,0,0
5395,Other,154,87,0,371.40346739,371.40346739,n00000185,Cultural and Historical Trivia Identification,1,0.894645,0,0,0
5399,Other,82,46,0,397.64427788,397.64427788,n00000056,Formal Logic and Fallacy Analysis,1,0.999747,0,0,0
5400,Other,96,54,0,372.54448583,372.54448583,n00000107,Post-War Geopolitical Doctrine and Rhetoric,1,0.956210,0,1,1
5401,Other,115,65,0,370.46414859,370.46414859,n00000185,Cultural and Historical Trivia Identification,1,0.633706,0,0,0
5404,Other,154,87,0,366.36178302,366.36178302,n00000184,Exclusion-Based Fact Verification Tasks,1,0.747794,0,0,0
5408,Other,115,65,0,388.82453020,388.82453020,n00000077,Foundational Microeconomic Principles and Models,1,0.634088,0,0,0
5416,Other,88,50,0,385.69545981,385.69545981,n00000078,Corporate Governance and Regulatory Compliance Principles,1,0.944636,0,0,0
5423,Other,120,67,0,373.95021257,373.95021257,n00000107,Post-War Geopolitical Doctrine and Rhetoric,1,0.993315,0,1,1
5424,Other,107,60,0,386.39795498,386.39795498,n00000077,Foundational Microeconomic Principles and Models,1,0.961391,0,0,0
5432,Other,154,87,0,372.44112161,372.44112161,n00000181,Comparative Economic Systems and Critiques,1,0.850741,0,0,0
5436,Other,115,65,0,373.94241638,373.94241638,n00000107,Post-War Geopolitical Doctrine and Rhetoric,1,0.950184,0,1,1
5440,Other,84,48,0,396.80167678,396.80167678,n00000318,Macroeconomic Aggregates and Income Accounting,1,0.989417,0,1,1
5443,Other,115,65,0,376.76494609,376.76494609,n00000182,Global Socioeconomic and Health Indicators,1,0.996790,0,0,0
5444,Other,154,87,0,375.35935464,375.35935464,n00000182,Global Socioeconomic and Health Indicators,1,0.999537,0,0,0
5446,Other,136,77,0,382.64804825,382.64804825,n00000182,Global Socioeconomic and Health Indicators,1,0.994502,0,0,0
5447,Other,85,48,0,385.50192897,385.50192897,n00000142,Normative Ethical Theory Applications,1,0.590382,0,0,0
5448,Other,99,56,0,376.79992869,376.79992869,n00000182,Global Socioeconomic and Health Indicators,1,0.981160,0,0,0
5454,Other,154,87,0,365.38346205,365.38346205,n00000185,Cultural and Historical Trivia Identification,1,0.999165,0,0,0
5456,Other,107,60,0,383.17910514,383.17910514,n00000077,Foundational Microeconomic Principles and Models,1,0.985530,0,0,0
5461,Other,154,87,0,369.77138768,369.77138768,n00000182,Global Socioeconomic and Health Indicators,1,0.870119,0,0,0
5462,Other,147,83,0,364.18072217,364.18072217,n00000185,Cultural and Historical Trivia Identification,1,0.774661,0,0,0
5471,Other,60,34,0,391.30525409,391.30525409,n00000077,Foundational Microeconomic Principles and Models,1,0.994638,0,0,0
5478,Other,147,83,0,382.42813177,382.42813177,n00000220,Applied Communication and Behavioral Strategy Design,1,0.776236,0,0,0
5482,Other,95,54,0,389.94070160,389.94070160,n00000077,Foundational Microeconomic Principles and Models,1,0.828508,0,0,0
5488,Other,90,51,0,385.26677776,385.26677776,n00000181,Comparative Economic Systems and Critiques,1,0.832749,0,0,0
5491,Other,85,48,0,378.92625511,378.92625511,n00000078,Corporate Governance and Regulatory Compliance Principles,1,0.751013,0,0,0
5492,Other,77,43,0,390.38382113,390.38382113,n00000078,Corporate Governance and Regulatory Compliance Principles,1,0.916133,0,0,0
5493,Other,107,60,0,381.92071291,381.92071291,n00000078,Corporate Governance and Regulatory Compliance Principles,1,0.999106,0,0,0
5494,Other,78,44,0,379.40126430,379.40126430,n00000220,Applied Communication and Behavioral Strategy Design,1,0.835945,0,0,0
5495,Other,115,65,0,380.32933336,380.32933336,n00000078,Corporate Governance and Regulatory Compliance Principles,1,0.712869,0,0,0
5496,Other,82,46,0,380.41219789,380.41219789,n00000078,Corporate Governance and Regulatory Compliance Principles,1,0.991672,0,0,0
5500,Other,154,87,0,375.01885947,375.01885947,n00000180,International Security and Legal Theory Frameworks,1,0.993583,0,0,0
5507,Other,79,45,0,397.08541008,397.08541008,n00000142,Normative Ethical Theory Applications,1,0.689260,0,0,0
5508,Other,90,51,0,374.39671726,374.39671726,n00000107,Post-War Geopolitical Doctrine and Rhetoric,1,0.945702,0,1,1
5509,Other,79,45,0,372.21503926,372.21503926,n00000104,Paleoanthropology and Human Evolutionary Timelines,1,0.790575,0,0,0
5512,Other,41,22,0,378.19091416,378.19091416,n00000107,Post-War Geopolitical Doctrine and Rhetoric,1,0.971569,0,1,1
5513,Other,60,34,0,375.60377523,375.60377523,n00000107,Post-War Geopolitical Doctrine and Rhetoric,1,0.823006,0,1,1
5514,Other,154,87,0,399.65648937,399.65648937,n00000130,Information Theory and Digital Encoding Fundamentals,1,0.631943,0,0,0
5518,Other,102,57,0,383.85682158,383.85682158,n00000143,Classical Philosophical and Legal Doctrines,1,0.994005,0,1,1
5519,Other,115,65,0,375.85287286,375.85287286,n00000182,Global Socioeconomic and Health Indicators,1,0.852635,0,0,0
5520,Other,79,45,0,387.23475346,387.23475346,n00000181,Comparative Economic Systems and Critiques,1,0.753616,0,0,0
5521,Other,107,60,0,392.49546850,392.49546850,n00000142,Normative Ethical Theory Applications,1,0.710778,0,0,0
5531,Other,129,73,0,378.11451421,378.11451421,n00000182,Global Socioeconomic and Health Indicators,1,0.996482,0,0,0
5533,Other,136,77,0,377.00920279,377.00920279,n00000182,Global Socioeconomic and Health Indicators,1,0.992115,0,0,0
5535,Other,104,59,0,377.36762678,377.36762678,n00000182,Global Socioeconomic and Health Indicators,1,0.997784,0,0,0
5536,Other,136,77,0,379.67267650,379.67267650,n00000193,Transmission Line and Wave Propagation Analysis,1,0.502462,0,0,0
5537,Other,154,87,0,379.32328515,379.32328515,n00000180,International Security and Legal Theory Frameworks,1,0.977024,0,0,0
5544,Other,133,75,0,376.78066966,376.78066966,n00000184,Exclusion-Based Fact Verification Tasks,1,0.816981,0,0,0
5546,Other,133,75,0,365.56982445,365.56982445,n00000185,Cultural and Historical Trivia Identification,1,0.900147,0,0,0
5548,Other,133,75,0,378.45879050,378.45879050,n00000215,Developmental and Personality Theories in Psychology,1,0.483404,0,1,0
5552,Other,154,87,0,361.76811026,361.76811026,n00000185,Cultural and Historical Trivia Identification,1,0.632021,0,0,0
5554,Other,62,35,0,393.42261920,393.42261920,n00000318,Macroeconomic Aggregates and Income Accounting,1,0.990304,0,1,1
5560,Other,147,83,0,387.26476971,387.26476971,n00000233,Quantitative Business Profit and Inventory Optimization,1,0.998277,0,0,0
5561,Other,115,65,0,386.53789229,386.53789229,n00000200,Contract Formation and Enforceability Disputes,1,0.519110,0,0,0
5563,Other,61,33,0,400.94254281,400.94254281,n00000233,Quantitative Business Profit and Inventory Optimization,1,0.938121,0,0,0
5570,Other,115,65,0,374.41316823,374.41316823,n00000078,Corporate Governance and Regulatory Compliance Principles,1,0.961771,0,0,0
5573,Other,92,51,0,386.87938049,386.87938049,n00000233,Quantitative Business Profit and Inventory Optimization,1,0.999822,0,0,0
5576,Other,58,32,0,367.97470935,367.97470935,n00000105,Archaeological Foundations of Early Civilizations,1,0.790309,0,0,0
5579,Other,133,75,0,383.59656563,383.59656563,n00000077,Foundational Microeconomic Principles and Models,1,0.985451,0,0,0
5580,Other,110,62,0,378.10015795,378.10015795,n00000105,Archaeological Foundations of Early Civilizations,1,0.764593,0,0,0
5584,Other,95,54,0,378.74501286,378.74501286,n00000220,Applied Communication and Behavioral Strategy Design,1,0.989180,0,0,0
5588,Other,85,48,0,381.15122000,381.15122000,n00000183,Demographic Behavior and Public Opinion Metrics,1,0.998150,0,0,0
5589,Other,133,75,0,370.54805858,370.54805858,n00000185,Cultural and Historical Trivia Identification,1,0.503625,0,0,0
5590,Other,82,46,0,382.73407393,382.73407393,n00000181,Comparative Economic Systems and Critiques,1,0.491990,0,0,0
5591,Other,82,46,0,379.69626750,379.69626750,n00000107,Post-War Geopolitical Doctrine and Rhetoric,1,0.993431,0,1,1
5596,Other,115,65,0,389.08888736,389.08888736,n00000077,Foundational Microeconomic Principles and Models,1,0.991196,0,0,0
5599,Other,147,83,0,375.73303419,375.73303419,n00000187,Age-Related Health Determinants and Epidemiology,1,0.502550,0,0,0
5602,Other,105,59,0,375.22174731,375.22174731,n00000182,Global Socioeconomic and Health Indicators,1,0.982456,0,0,0
5606,Other,136,77,0,381.31514903,381.31514903,n00000182,Global Socioeconomic and Health Indicators,1,0.999623,0,0,0
5609,Other,154,87,0,374.52565428,374.52565428,n00000040,Comparative Functional Organismal Biology,1,0.447311,0,0,0
5611,Other,136,77,0,372.61237727,372.61237727,n00000182,Global Socioeconomic and Health Indicators,1,0.863042,0,0,0
5613,Other,17,9,0,397.38209452,397.38209452,n00000202,Monetary Policy Mechanisms and Money Supply Dynamics,1,0.997788,0,0,0
5619,Other,129,73,0,369.07259442,369.07259442,n00000184,Exclusion-Based Fact Verification Tasks,1,0.821166,0,0,0
5621,Other,128,72,0,364.53032015,364.53032015,n00000186,Pathogen-Specific Clinical Intervention Mechanisms,1,0.851424,0,0,0
5622,Other,46,25,0,395.60262438,395.60262438,n00000265,Microeconomic Production and Cost Optimization,1,0.997981,0,0,0
5624,Other,154,87,0,370.93511499,370.93511499,n00000184,Exclusion-Based Fact Verification Tasks,1,0.464531,0,0,0
5625,Other,154,87,0,370.91144035,370.91144035,n00000184,Exclusion-Based Fact Verification Tasks,1,0.495275,0,0,0
5637,Other,154,87,0,389.38517701,389.38517701,n00000220,Applied Communication and Behavioral Strategy Design,1,0.541602,0,0,0
5639,Other,90,50,0,413.96932350,413.96932350,n00000200,Contract Formation and Enforceability Disputes,1,0.999996,0,0,0
5640,Other,71,39,0,403.61561141,403.61561141,n00000151,Consumer Loan Interest Calculation,1,1.000000,0,0,0
5650,Other,95,54,0,382.68091583,382.68091583,n00000078,Corporate Governance and Regulatory Compliance Principles,1,0.998914,0,0,0
5653,Other,133,75,0,379.44438072,379.44438072,n00000078,Corporate Governance and Regulatory Compliance Principles,1,0.675169,0,0,0
5655,Other,107,60,0,374.15374362,374.15374362,n00000107,Post-War Geopolitical Doctrine and Rhetoric,1,0.993077,0,1,1
5658,Other,121,68,0,370.53482576,370.53482576,n00000107,Post-War Geopolitical Doctrine and Rhetoric,1,0.923232,0,1,1
5660,Other,60,34,0,371.89724637,371.89724637,n00000104,Paleoanthropology and Human Evolutionary Timelines,1,0.917128,0,0,0
5661,Other,79,45,0,368.37826626,368.37826626,n00000104,Paleoanthropology and Human Evolutionary Timelines,1,0.937791,0,0,0
5667,Other,82,46,0,380.97851419,380.97851419,n00000184,Exclusion-Based Fact Verification Tasks,1,0.765012,0,0,0
5669,Other,115,65,0,370.45423554,370.45423554,n00000181,Comparative Economic Systems and Critiques,1,0.724747,0,0,0
5675,Other,147,83,0,383.16039463,383.16039463,n00000195,Cellular and Systemic Physiological Regulation Mechanisms,1,0.936687,0,0,0
5677,Other,129,73,0,387.27915695,387.27915695,n00000186,Pathogen-Specific Clinical Intervention Mechanisms,1,0.871841,0,0,0
5678,Other,133,75,0,374.18924917,374.18924917,n00000182,Global Socioeconomic and Health Indicators,1,0.998444,0,0,0
5686,Other,105,59,0,376.30801113,376.30801113,n00000182,Global Socioeconomic and Health Indicators,1,0.990011,0,0,0
5687,Other,136,77,0,386.74351112,386.74351112,n00000187,Age-Related Health Determinants and Epidemiology,1,0.858838,0,0,0
5688,Other,154,87,0,368.98867723,368.98867723,n00000222,Cognitive and Perceptual Learning Mechanisms,1,0.521632,0,1,1
5690,Other,154,87,0,373.56081280,373.56081280,n00000180,International Security and Legal Theory Frameworks,1,0.878168,0,0,0
5697,Other,154,87,0,367.68089734,367.68089734,n00000184,Exclusion-Based Fact Verification Tasks,1,0.970162,0,0,0
5701,Other,149,84,0,383.67955151,383.67955151,n00000169,Gravitational Field and Orbital Mechanics Problems,1,0.972043,0,0,0
5706,Other,154,87,0,367.19309196,367.19309196,n00000202,Monetary Policy Mechanisms and Money Supply Dynamics,1,0.499935,0,0,0
5716,Other,154,87,0,375.62391773,375.62391773,n00000078,Corporate Governance and Regulatory Compliance Principles,1,0.890607,0,0,0
5718,Other,149,84,0,388.59915371,388.59915371,n00000232,Applied Business Percentage Calculations,1,0.670595,0,0,0
5723,Other,99,56,0,374.03720687,374.03720687,n00000184,Exclusion-Based Fact Verification Tasks,1,0.720662,0,0,0
5727,Other,129,73,0,383.15720888,383.15720888,n00000317,Fiscal Policy Mechanisms and Stabilization,1,0.422063,0,0,0
5728,Other,115,65,0,380.70942046,380.70942046,n00000078,Corporate Governance and Regulatory Compliance Principles,1,0.999046,0,0,0
5732,Other,147,83,0,364.39279562,364.39279562,n00000185,Cultural and Historical Trivia Identification,1,0.551426,0,0,0
5737,Other,90,51,0,394.68942854,394.68942854,n00000180,International Security and Legal Theory Frameworks,1,0.715738,0,0,0
5738,Other,90,51,0,380.23864372,380.23864372,n00000180,International Security and Legal Theory Frameworks,1,0.992420,0,0,0
5739,Other,82,46,0,378.37052337,378.37052337,n00000180,International Security and Legal Theory Frameworks,1,0.466156,0,0,0
5740,Other,90,51,0,382.72233110,382.72233110,n00000186,Pathogen-Specific Clinical Intervention Mechanisms,1,0.783386,0,0,0
5742,Other,138,78,0,381.95294399,381.95294399,n00000180,International Security and Legal Theory Frameworks,1,0.996731,0,0,0
5746,Other,147,83,0,380.54134657,380.54134657,n00000186,Pathogen-Specific Clinical Intervention Mechanisms,1,0.836478,0,0,0
5748,Other,126,71,0,388.52531977,388.52531977,n00000082,Anatomical and Genetic Health Mechanisms,1,0.861464,0,0,0
5750,Other,143,81,0,370.57528260,370.57528260,n00000184,Exclusion-Based Fact Verification Tasks,1,0.926049,0,0,0
5752,Other,95,54,0,377.44564932,377.44564932,n00000182,Global Socioeconomic and Health Indicators,1,0.979427,0,0,0
5753,Other,104,59,0,384.65604991,384.65604991,n00000182,Global Socioeconomic and Health Indicators,1,0.996465,0,0,0
5755,Other,154,87,0,373.48196303,373.48196303,n00000182,Global Socioeconomic and Health Indicators,1,0.979972,0,0,0
5769,Other,133,75,0,379.95546573,379.95546573,n00000218,Developmental and Social Psychological Mechanisms,1,0.896091,0,0,0
5771,Other,133,75,0,388.73924814,388.73924814,n00000221,Psychometric Test Theory and Validation,1,0.948753,0,0,0
5772,Other,143,81,0,380.36594575,380.36594575,n00000173,Thermodynamic and Kinetic Gas Properties in Astrophysical and Terrestrial Systems,1,0.982015,0,0,0
5773,Other,98,55,0,407.77358102,407.77358102,n00000200,Contract Formation and Enforceability Disputes,1,0.999970,0,0,0
5777,Other,115,65,0,393.06487401,393.06487401,n00000317,Fiscal Policy Mechanisms and Stabilization,1,0.586173,0,0,0
5789,Other,60,34,0,368.91743687,368.91743687,n00000105,Archaeological Foundations of Early Civilizations,1,0.929162,0,0,0
5790,Other,143,81,0,388.05130177,388.05130177,n00000064,Electrostatic Field and Charge Interaction Analysis,1,0.688264,0,0,0
5798,Other,115,65,0,373.08013350,373.08013350,n00000183,Demographic Behavior and Public Opinion Metrics,1,0.873901,0,0,0
5801,Other,110,62,0,380.88536406,380.88536406,n00000222,Cognitive and Perceptual Learning Mechanisms,1,0.769332,0,1,1
5803,Other,64,36,0,388.96760202,388.96760202,n00000215,Developmental and Personality Theories in Psychology,1,0.689536,0,0,0
5806,Other,113,64,0,385.14948818,385.14948818,n00000082,Anatomical and Genetic Health Mechanisms,1,0.880633,0,0,0
5807,Other,147,83,0,393.31261063,393.31261063,n00000187,Age-Related Health Determinants and Epidemiology,1,0.648418,0,0,0
5810,Other,99,56,0,384.74055505,384.74055505,n00000182,Global Socioeconomic and Health Indicators,1,0.999848,0,0,0
5817,Other,147,83,0,373.55373109,373.55373109,n00000107,Post-War Geopolitical Doctrine and Rhetoric,1,0.552876,0,1,1
5820,Other,154,87,0,385.83818432,385.83818432,n00000221,Psychometric Test Theory and Validation,1,0.305825,0,0,0
5822,Other,154,87,0,372.56096351,372.56096351,n00000220,Applied Communication and Behavioral Strategy Design,1,0.969157,0,0,0
5825,Other,154,87,0,367.63059650,367.63059650,n00000185,Cultural and Historical Trivia Identification,1,0.853730,0,0,0
5829,Other,154,87,0,358.31110130,358.31110130,n00000235,Evidence Admissibility in Negligence Litigation,1,0.367391,0,0,0
5830,Other,154,87,0,366.45366333,366.45366333,n00000185,Cultural and Historical Trivia Identification,1,0.673339,0,0,0
5831,Other,154,87,0,359.02002230,359.02002230,n00000242,Elementary Algebraic and Arithmetic Operations,1,0.181074,0,0,0
5832,Other,84,47,0,385.55051722,385.55051722,n00000265,Microeconomic Production and Cost Optimization,1,0.708580,0,0,0
5841,Other,133,75,0,391.45734823,391.45734823,n00000078,Corporate Governance and Regulatory Compliance Principles,1,0.981483,0,0,0
5843,Other,115,65,0,377.06446245,377.06446245,n00000265,Microeconomic Production and Cost Optimization,1,0.919564,0,0,0
5845,Other,129,73,0,390.18628055,390.18628055,n00000151,Consumer Loan Interest Calculation,1,0.993448,0,0,0
5850,Other,98,55,0,402.16168971,402.16168971,n00000151,Consumer Loan Interest Calculation,1,0.999994,0,0,0
5855,Other,90,51,0,377.14121055,377.14121055,n00000183,Demographic Behavior and Public Opinion Metrics,1,0.728845,0,0,0
5858,Other,91,51,0,385.11817859,385.11817859,n00000078,Corporate Governance and Regulatory Compliance Principles,1,0.676168,0,0,0
5861,Other,90,51,0,378.27856931,378.27856931,n00000180,International Security and Legal Theory Frameworks,1,0.836548,0,0,0
5866,Other,57,33,0,381.28874407,381.28874407,n00000104,Paleoanthropology and Human Evolutionary Timelines,1,0.885100,0,0,0
5876,Other,117,66,0,392.72670044,392.72670044,n00000222,Cognitive and Perceptual Learning Mechanisms,1,0.948165,0,1,1
5878,Other,99,56,0,379.07652066,379.07652066,n00000216,Psychopathology and Clinical Assessment Theories,1,0.666736,0,0,0
5880,Other,92,52,0,393.60787169,393.60787169,n00000216,Psychopathology and Clinical Assessment Theories,1,0.879777,0,0,0
5892,Other,154,87,0,379.84558012,379.84558012,n00000169,Gravitational Field and Orbital Mechanics Problems,1,0.810672,0,0,0
5893,Other,115,65,0,361.94970978,361.94970978,n00000142,Normative Ethical Theory Applications,1,0.732251,0,0,0
5897,Other,154,87,0,365.93103954,365.93103954,n00000185,Cultural and Historical Trivia Identification,1,0.863722,0,0,0
5898,Other,154,87,0,379.75652022,379.75652022,n00000220,Applied Communication and Behavioral Strategy Design,1,0.995129,0,0,0
5901,Other,154,87,0,379.85095173,379.85095173,n00000129,Foundational Programming and Computer Systems Principles,1,0.679218,0,0,0
5902,Other,154,87,0,361.68644572,361.68644572,n00000241,Numerical Ordering and Estimation Techniques,1,0.308479,0,0,0
5904,Other,154,87,0,361.67763863,361.67763863,n00000185,Cultural and Historical Trivia Identification,1,0.780545,0,0,0
5905,Other,128,72,0,378.49776341,378.49776341,n00000056,Formal Logic and Fallacy Analysis,1,0.991600,0,0,0
5907,Other,115,65,0,389.14356923,389.14356923,n00000181,Comparative Economic Systems and Critiques,1,0.550864,0,0,0
5908,Other,69,38,0,401.24392385,401.24392385,n00000233,Quantitative Business Profit and Inventory Optimization,1,0.999989,0,0,0
5912,Other,154,87,0,387.92890958,387.92890958,n00000220,Applied Communication and Behavioral Strategy Design,1,0.918197,0,0,0
5914,Other,124,70,0,389.88594443,389.88594443,n00000233,Quantitative Business Profit and Inventory Optimization,1,0.893983,0,0,0
5918,Other,108,61,0,385.67314473,385.67314473,n00000220,Applied Communication and Behavioral Strategy Design,1,0.790268,0,0,0
5919,Other,115,65,0,386.74259131,386.74259131,n00000078,Corporate Governance and Regulatory Compliance Principles,1,0.990396,0,0,0
5923,Other,154,87,0,388.95351937,388.95351937,n00000151,Consumer Loan Interest Calculation,1,0.999867,0,0,0
5924,Other,122,69,0,395.36904581,395.36904581,n00000151,Consumer Loan Interest Calculation,1,0.997470,0,0,0
5928,Other,154,87,0,379.30930527,379.30930527,n00000184,Exclusion-Based Fact Verification Tasks,1,0.682340,0,0,0
5937,Other,115,65,0,381.85932825,381.85932825,n00000183,Demographic Behavior and Public Opinion Metrics,1,0.998869,0,0,0
5948,Other,115,65,0,376.42456300,376.42456300,n00000181,Comparative Economic Systems and Critiques,1,0.571978,0,0,0
5954,Other,128,72,0,379.41273516,379.41273516,n00000187,Age-Related Health Determinants and Epidemiology,1,0.882135,0,0,0
5956,Other,147,83,0,377.67609545,377.67609545,n00000182,Global Socioeconomic and Health Indicators,1,0.846948,0,0,0
5957,Other,104,59,0,374.97035431,374.97035431,n00000182,Global Socioeconomic and Health Indicators,1,0.967295,0,0,0
5959,Other,154,87,0,381.72761277,381.72761277,n00000318,Macroeconomic Aggregates and Income Accounting,1,0.851735,0,1,1
5960,Other,147,83,0,376.61388462,376.61388462,n00000182,Global Socioeconomic and Health Indicators,1,0.592343,0,1,0
5962,Other,154,87,0,371.09194535,371.09194535,n00000182,Global Socioeconomic and Health Indicators,1,0.996980,0,0,0
5965,Other,133,75,0,368.28584403,368.28584403,n00000185,Cultural and Historical Trivia Identification,1,0.941757,0,0,0
5977,Other,154,87,0,375.86949179,375.86949179,n00000184,Exclusion-Based Fact Verification Tasks,1,0.412238,0,0,0
5980,Other,130,73,0,363.75934134,363.75934134,n00000185,Cultural and Historical Trivia Identification,1,0.832253,0,0,0
5985,Other,136,77,0,378.31494528,378.31494528,n00000078,Corporate Governance and Regulatory Compliance Principles,1,0.998208,0,0,0
5986,Other,137,77,0,404.25163013,404.25163013,n00000151,Consumer Loan Interest Calculation,1,0.998276,0,0,0
5988,Other,129,73,0,396.72857902,396.72857902,n00000151,Consumer Loan Interest Calculation,1,0.999947,0,0,0
5989,Other,129,73,0,403.43597566,403.43597566,n00000151,Consumer Loan Interest Calculation,1,0.998002,0,0,0
5990,Other,115,65,0,386.20313633,386.20313633,n00000077,Foundational Microeconomic Principles and Models,1,0.697279,0,0,0
6000,Other,115,65,0,378.06957697,378.06957697,n00000183,Demographic Behavior and Public Opinion Metrics,1,0.990914,0,0,0
-1010984,Philosophy,71,40,0,381.30140053,381.30140053,n00000105,Archaeological Foundations of Early Civilizations,1,0.611526,0,0,0
-1010911,Philosophy,71,40,0,387.38451512,387.38451512,n00000142,Normative Ethical Theory Applications,1,0.965936,0,0,0
-1010786,Philosophy,90,51,0,392.74236319,392.74236319,n00000142,Normative Ethical Theory Applications,1,0.999636,0,0,0
-1010765,Philosophy,79,45,0,395.92853082,395.92853082,n00000143,Classical Philosophical and Legal Doctrines,1,0.973479,0,1,1
-1010735,Philosophy,147,83,0,387.04446135,387.04446135,n00000128,Algebraic Structure Properties and Isomorphisms,1,0.974476,0,0,0
-1010608,Philosophy,140,79,0,385.76497535,385.76497535,n00000128,Algebraic Structure Properties and Isomorphisms,1,0.764431,0,0,0
10775,Philosophy,144,81,0,387.61073678,387.61073678,n00000128,Algebraic Structure Properties and Isomorphisms,1,0.865955,0,0,0
10777,Philosophy,147,83,0,383.17799617,383.17799617,n00000242,Elementary Algebraic and Arithmetic Operations,1,0.445029,0,0,0
10783,Philosophy,58,33,0,394.29781680,394.29781680,n00000142,Normative Ethical Theory Applications,1,0.999902,0,0,0
10785,Philosophy,95,54,0,389.88698765,389.88698765,n00000142,Normative Ethical Theory Applications,1,0.541335,0,0,0
10787,Philosophy,43,24,0,393.78061259,393.78061259,n00000142,Normative Ethical Theory Applications,1,0.999995,0,0,0
10788,Philosophy,50,28,0,390.63612666,390.63612666,n00000142,Normative Ethical Theory Applications,1,0.944393,0,0,0
10791,Philosophy,50,28,0,403.34398003,403.34398003,n00000142,Normative Ethical Theory Applications,1,0.999876,0,0,0
10792,Philosophy,39,22,0,395.58464209,395.58464209,n00000142,Normative Ethical Theory Applications,1,0.951771,0,0,0
10798,Philosophy,100,56,0,402.77037395,402.77037395,n00000056,Formal Logic and Fallacy Analysis,1,0.999795,0,0,0
10799,Philosophy,54,30,0,404.20093957,404.20093957,n00000056,Formal Logic and Fallacy Analysis,1,0.962265,0,0,0
10800,Philosophy,51,29,0,405.46561576,405.46561576,n00000056,Formal Logic and Fallacy Analysis,1,0.649090,0,0,0
10803,Philosophy,54,30,0,402.33140015,402.33140015,n00000056,Formal Logic and Fallacy Analysis,1,0.997815,0,0,0
10817,Philosophy,137,77,0,402.25873495,402.25873495,n00000056,Formal Logic and Fallacy Analysis,1,0.999548,0,0,0
10825,Philosophy,71,39,0,399.57223890,399.57223890,n00000142,Normative Ethical Theory Applications,1,0.999972,0,0,0
10834,Philosophy,108,61,0,401.64521234,401.64521234,n00000056,Formal Logic and Fallacy Analysis,1,0.992037,0,0,0
10837,Philosophy,154,87,0,382.20150317,382.20150317,n00000143,Classical Philosophical and Legal Doctrines,1,0.380585,0,1,1
10839,Philosophy,147,83,0,396.46738076,396.46738076,n00000056,Formal Logic and Fallacy Analysis,1,0.987080,0,0,0
10840,Philosophy,54,30,0,406.40892079,406.40892079,n00000056,Formal Logic and Fallacy Analysis,1,0.999982,0,0,0
10843,Philosophy,50,28,0,379.05455696,379.05455696,n00000143,Classical Philosophical and Legal Doctrines,1,0.973542,0,1,1
10849,Philosophy,117,66,0,387.58713600,387.58713600,n00000221,Psychometric Test Theory and Validation,1,0.557270,0,0,0
10850,Philosophy,51,29,0,411.52935069,411.52935069,n00000142,Normative Ethical Theory Applications,1,0.999985,0,0,0
10853,Philosophy,50,28,0,395.76817171,395.76817171,n00000143,Classical Philosophical and Legal Doctrines,1,0.999762,0,1,1
10856,Philosophy,144,81,0,407.53381494,407.53381494,n00000056,Formal Logic and Fallacy Analysis,1,0.997174,0,0,0
10859,Philosophy,147,83,0,394.91703064,394.91703064,n00000056,Formal Logic and Fallacy Analysis,1,0.996027,0,0,0
10862,Philosophy,132,74,0,400.91498360,400.91498360,n00000056,Formal Logic and Fallacy Analysis,1,0.954116,0,0,0
10864,Philosophy,105,59,0,405.81396410,405.81396410,n00000056,Formal Logic and Fallacy Analysis,1,0.999939,0,0,0
10867,Philosophy,90,51,0,390.86469023,390.86469023,n00000078,Corporate Governance and Regulatory Compliance Principles,1,0.732420,0,0,0
10888,Philosophy,110,62,0,398.04599805,398.04599805,n00000056,Formal Logic and Fallacy Analysis,1,0.999977,0,0,0
10893,Philosophy,43,24,0,404.05612436,404.05612436,n00000142,Normative Ethical Theory Applications,1,0.999997,0,0,0
10894,Philosophy,77,43,0,399.70689349,399.70689349,n00000142,Normative Ethical Theory Applications,1,0.999598,0,0,0
10895,Philosophy,61,34,0,400.52599378,400.52599378,n00000142,Normative Ethical Theory Applications,1,0.997299,0,0,0
10896,Philosophy,66,37,0,405.16719395,405.16719395,n00000142,Normative Ethical Theory Applications,1,0.973782,0,0,0
10898,Philosophy,154,87,0,387.14650630,387.14650630,n00000056,Formal Logic and Fallacy Analysis,1,0.427245,0,0,0
10899,Philosophy,140,79,0,392.24298599,392.24298599,n00000056,Formal Logic and Fallacy Analysis,1,0.857642,0,0,0
10906,Philosophy,87,49,0,389.14329570,389.14329570,n00000142,Normative Ethical Theory Applications,1,0.999502,0,0,0
10908,Philosophy,61,34,0,389.32877708,389.32877708,n00000142,Normative Ethical Theory Applications,1,0.999552,0,0,0
10909,Philosophy,90,51,0,396.27311080,396.27311080,n00000142,Normative Ethical Theory Applications,1,0.997038,0,0,0
10912,Philosophy,50,28,0,396.17629263,396.17629263,n00000142,Normative Ethical Theory Applications,1,0.999779,0,0,0
10913,Philosophy,79,45,0,385.29157435,385.29157435,n00000142,Normative Ethical Theory Applications,1,0.999532,0,0,0
10921,Philosophy,154,87,0,370.05337204,370.05337204,n00000143,Classical Philosophical and Legal Doctrines,1,0.961661,0,1,1
10927,Philosophy,72,41,0,394.41061561,394.41061561,n00000056,Formal Logic and Fallacy Analysis,1,0.995577,0,0,0
10929,Philosophy,43,24,0,405.30014092,405.30014092,n00000056,Formal Logic and Fallacy Analysis,1,0.696321,0,0,0
10930,Philosophy,65,36,0,401.54341229,401.54341229,n00000056,Formal Logic and Fallacy Analysis,1,0.997648,0,0,0
10935,Philosophy,60,34,0,389.33580164,389.33580164,n00000143,Classical Philosophical and Legal Doctrines,1,0.997982,0,1,1
10937,Philosophy,54,30,0,394.17057707,394.17057707,n00000142,Normative Ethical Theory Applications,1,0.852566,0,0,0
10939,Philosophy,50,28,0,403.22954184,403.22954184,n00000143,Classical Philosophical and Legal Doctrines,1,0.949279,0,1,1
10940,Philosophy,95,54,0,397.01583105,397.01583105,n00000142,Normative Ethical Theory Applications,1,0.824025,0,0,0
10942,Philosophy,43,24,0,398.03666358,398.03666358,n00000142,Normative Ethical Theory Applications,1,0.999536,0,0,0
10943,Philosophy,61,34,0,389.17452440,389.17452440,n00000143,Classical Philosophical and Legal Doctrines,1,0.992815,0,1,1
10945,Philosophy,154,87,0,384.40591185,384.40591185,n00000128,Algebraic Structure Properties and Isomorphisms,1,0.621003,0,0,0
10946,Philosophy,140,79,0,386.12515702,386.12515702,n00000184,Exclusion-Based Fact Verification Tasks,1,0.741044,0,0,0
10948,Philosophy,126,71,0,391.47953652,391.47953652,n00000056,Formal Logic and Fallacy Analysis,1,0.999512,0,0,0
10952,Philosophy,137,77,0,404.80276223,404.80276223,n00000056,Formal Logic and Fallacy Analysis,1,0.978364,0,0,0
10962,Philosophy,108,61,0,391.71473787,391.71473787,n00000142,Normative Ethical Theory Applications,1,0.983593,0,0,0
10964,Philosophy,61,34,0,394.27905617,394.27905617,n00000142,Normative Ethical Theory Applications,1,0.999940,0,0,0
10969,Philosophy,154,87,0,369.30037622,369.30037622,n00000143,Classical Philosophical and Legal Doctrines,1,0.695902,0,1,1
10971,Philosophy,154,87,0,377.07423259,377.07423259,n00000143,Classical Philosophical and Legal Doctrines,1,0.984630,0,1,1
10974,Philosophy,154,87,0,377.42834747,377.42834747,n00000185,Cultural and Historical Trivia Identification,1,0.275078,0,0,0
10978,Philosophy,83,47,0,394.94087131,394.94087131,n00000056,Formal Logic and Fallacy Analysis,1,0.998286,0,0,0
10981,Philosophy,69,39,0,400.07852217,400.07852217,n00000142,Normative Ethical Theory Applications,1,0.991199,0,0,0
10982,Philosophy,43,24,0,402.19855451,402.19855451,n00000142,Normative Ethical Theory Applications,1,0.829448,0,0,0
10995,Philosophy,115,65,0,378.12315053,378.12315053,n00000221,Psychometric Test Theory and Validation,1,0.617740,0,0,0
11005,Philosophy,81,45,0,393.93636674,393.93636674,n00000142,Normative Ethical Theory Applications,1,0.996245,0,0,0
11009,Philosophy,154,87,0,398.03312370,398.03312370,n00000056,Formal Logic and Fallacy Analysis,1,0.991228,0,0,0
11010,Philosophy,92,52,0,394.77465032,394.77465032,n00000056,Formal Logic and Fallacy Analysis,1,0.999714,0,0,0
11011,Philosophy,128,72,0,377.73553994,377.73553994,n00000143,Classical Philosophical and Legal Doctrines,1,0.920857,0,1,1
11017,Philosophy,61,34,0,405.84480334,405.84480334,n00000143,Classical Philosophical and Legal Doctrines,1,0.723901,0,1,1
11019,Philosophy,50,28,0,404.94668537,404.94668537,n00000142,Normative Ethical Theory Applications,1,0.998262,0,0,0
11023,Philosophy,50,28,0,393.51835553,393.51835553,n00000143,Classical Philosophical and Legal Doctrines,1,0.999881,0,1,1
11026,Philosophy,71,40,0,406.06189015,406.06189015,n00000142,Normative Ethical Theory Applications,1,0.704415,0,1,0
11030,Philosophy,43,24,0,387.81211914,387.81211914,n00000143,Classical Philosophical and Legal Doctrines,1,0.993573,0,1,1
11036,Philosophy,122,69,0,391.48399918,391.48399918,n00000056,Formal Logic and Fallacy Analysis,1,0.889657,0,0,0
11040,Philosophy,72,40,0,388.46315732,388.46315732,n00000142,Normative Ethical Theory Applications,1,0.998611,0,0,0
11042,Philosophy,99,56,0,390.18516625,390.18516625,n00000142,Normative Ethical Theory Applications,1,0.983554,0,0,0
11043,Philosophy,110,62,0,390.44909154,390.44909154,n00000142,Normative Ethical Theory Applications,1,0.864665,0,0,0
11053,Philosophy,133,75,0,379.99684655,379.99684655,n00000143,Classical Philosophical and Legal Doctrines,1,0.999561,0,1,1
11054,Philosophy,115,65,0,365.77928448,365.77928448,n00000143,Classical Philosophical and Legal Doctrines,1,0.397322,0,1,1
11058,Philosophy,39,22,0,369.98246973,369.98246973,n00000105,Archaeological Foundations of Early Civilizations,1,0.963111,0,0,0
11060,Philosophy,75,42,0,399.10393845,399.10393845,n00000056,Formal Logic and Fallacy Analysis,1,0.999292,0,0,0
11061,Philosophy,95,53,0,381.37975315,381.37975315,n00000056,Formal Logic and Fallacy Analysis,1,0.926051,0,0,0
11067,Philosophy,54,30,0,402.70406198,402.70406198,n00000143,Classical Philosophical and Legal Doctrines,1,0.828408,0,1,1
11068,Philosophy,133,75,0,383.52125654,383.52125654,n00000142,Normative Ethical Theory Applications,1,0.749907,0,0,0
11069,Philosophy,32,18,0,403.00304227,403.00304227,n00000142,Normative Ethical Theory Applications,1,0.997330,0,0,0
11075,Philosophy,90,51,0,389.94029023,389.94029023,n00000216,Psychopathology and Clinical Assessment Theories,1,0.484988,0,1,0
11083,Philosophy,50,28,0,397.54615134,397.54615134,n00000142,Normative Ethical Theory Applications,1,0.999674,0,0,0
11085,Philosophy,50,28,0,394.58046216,394.58046216,n00000142,Normative Ethical Theory Applications,1,0.992329,0,0,0
11086,Philosophy,79,45,0,398.26745513,398.26745513,n00000143,Classical Philosophical and Legal Doctrines,1,0.519353,0,1,1
11091,Philosophy,128,72,0,392.65116550,392.65116550,n00000142,Normative Ethical Theory Applications,1,0.776514,0,0,0
11093,Philosophy,108,61,0,387.67574554,387.67574554,n00000142,Normative Ethical Theory Applications,1,0.993256,0,0,0
11095,Philosophy,154,87,0,368.79459710,368.79459710,n00000082,Anatomical and Genetic Health Mechanisms,1,0.497244,0,0,0
11096,Philosophy,140,79,0,362.88192036,362.88192036,n00000105,Archaeological Foundations of Early Civilizations,1,0.975505,0,0,0
11097,Philosophy,68,39,0,368.11225621,368.11225621,n00000106,Colonial Justification and Imperial Ideology,1,0.792567,0,0,0
11099,Philosophy,54,30,0,402.91461307,402.91461307,n00000056,Formal Logic and Fallacy Analysis,1,0.999955,0,0,0
11102,Philosophy,64,36,0,396.46880406,396.46880406,n00000142,Normative Ethical Theory Applications,1,0.998248,0,0,0
11104,Philosophy,154,87,0,379.02604986,379.02604986,n00000082,Anatomical and Genetic Health Mechanisms,1,0.747298,0,0,0
11107,Philosophy,58,33,0,398.88499216,398.88499216,n00000142,Normative Ethical Theory Applications,1,0.976565,0,0,0
11110,Philosophy,79,45,0,403.95090700,403.95090700,n00000142,Normative Ethical Theory Applications,1,0.995332,0,0,0
11118,Philosophy,119,67,0,406.19115825,406.19115825,n00000056,Formal Logic and Fallacy Analysis,1,0.999327,0,0,0
11124,Philosophy,133,75,0,384.38040901,384.38040901,n00000056,Formal Logic and Fallacy Analysis,1,0.994849,0,0,0
11125,Philosophy,108,61,0,391.77841496,391.77841496,n00000056,Formal Logic and Fallacy Analysis,1,0.999823,0,0,0
11127,Philosophy,115,65,0,400.43648125,400.43648125,n00000056,Formal Logic and Fallacy Analysis,1,0.999693,0,0,0
11132,Philosophy,95,54,0,390.56070451,390.56070451,n00000142,Normative Ethical Theory Applications,1,0.878777,0,0,0
11133,Philosophy,129,73,0,385.53177173,385.53177173,n00000183,Demographic Behavior and Public Opinion Metrics,1,0.970652,0,0,0
11134,Philosophy,61,34,0,392.20790021,392.20790021,n00000143,Classical Philosophical and Legal Doctrines,1,0.992796,0,1,1
11139,Philosophy,57,33,0,377.78906648,377.78906648,n00000105,Archaeological Foundations of Early Civilizations,1,0.997837,0,0,0
11141,Philosophy,108,61,0,408.80460686,408.80460686,n00000056,Formal Logic and Fallacy Analysis,1,0.999992,0,0,0
11145,Philosophy,50,28,0,404.77565747,404.77565747,n00000142,Normative Ethical Theory Applications,1,0.999763,0,0,0
11150,Philosophy,97,55,0,391.81377938,391.81377938,n00000143,Classical Philosophical and Legal Doctrines,1,0.990207,0,1,1
11154,Philosophy,86,49,0,386.80177926,386.80177926,n00000143,Classical Philosophical and Legal Doctrines,1,0.996145,0,1,1
11155,Philosophy,50,28,0,393.43438948,393.43438948,n00000143,Classical Philosophical and Legal Doctrines,1,0.957194,0,1,1
11157,Philosophy,51,29,0,402.19527163,402.19527163,n00000142,Normative Ethical Theory Applications,1,0.999598,0,0,0
11159,Philosophy,90,51,0,380.33916154,380.33916154,n00000183,Demographic Behavior and Public Opinion Metrics,1,0.742214,0,0,0
11162,Philosophy,140,79,0,395.86017264,395.86017264,n00000056,Formal Logic and Fallacy Analysis,1,0.996960,0,0,0
11164,Philosophy,69,39,0,388.24825267,388.24825267,n00000142,Normative Ethical Theory Applications,1,0.995457,0,0,0
11167,Philosophy,50,28,0,400.80257207,400.80257207,n00000142,Normative Ethical Theory Applications,1,0.999847,0,0,0
11172,Philosophy,103,58,0,404.85444048,404.85444048,n00000056,Formal Logic and Fallacy Analysis,1,0.999986,0,0,0
11174,Philosophy,43,24,0,404.77437883,404.77437883,n00000056,Formal Logic and Fallacy Analysis,1,0.892405,0,0,0
11178,Philosophy,39,22,0,408.17724712,408.17724712,n00000142,Normative Ethical Theory Applications,1,0.753983,0,0,0
11185,Philosophy,60,34,0,387.94884428,387.94884428,n00000142,Normative Ethical Theory Applications,1,0.538242,0,0,0
11190,Philosophy,108,61,0,401.42219799,401.42219799,n00000056,Formal Logic and Fallacy Analysis,1,0.951942,0,0,0
11203,Philosophy,154,87,0,377.29643489,377.29643489,n00000143,Classical Philosophical and Legal Doctrines,1,0.997047,0,1,1
11205,Philosophy,154,87,0,366.76652455,366.76652455,n00000082,Anatomical and Genetic Health Mechanisms,1,0.830688,0,0,0
11206,Philosophy,87,49,0,392.79065156,392.79065156,n00000077,Foundational Microeconomic Principles and Models,1,0.601133,0,0,0
11212,Philosophy,50,28,0,403.99837462,403.99837462,n00000143,Classical Philosophical and Legal Doctrines,1,0.565439,0,1,1
11213,Philosophy,95,54,0,397.04625546,397.04625546,n00000142,Normative Ethical Theory Applications,1,0.495126,0,1,0
11216,Philosophy,62,35,0,399.49033267,399.49033267,n00000142,Normative Ethical Theory Applications,1,0.991168,0,0,0
11218,Philosophy,32,18,0,404.15504132,404.15504132,n00000142,Normative Ethical Theory Applications,1,0.953968,0,0,0
11221,Philosophy,125,70,0,402.70003277,402.70003277,n00000056,Formal Logic and Fallacy Analysis,1,0.987933,0,0,0
11228,Philosophy,61,34,0,389.15250173,389.15250173,n00000142,Normative Ethical Theory Applications,1,0.999685,0,0,0
11231,Philosophy,89,50,0,381.26987966,381.26987966,n00000143,Classical Philosophical and Legal Doctrines,1,0.996628,0,1,1
11232,Philosophy,62,35,0,392.43684831,392.43684831,n00000142,Normative Ethical Theory Applications,1,0.999963,0,0,0
11233,Philosophy,90,51,0,393.83947795,393.83947795,n00000142,Normative Ethical Theory Applications,1,0.953022,0,0,0
11234,Philosophy,154,87,0,385.36229040,385.36229040,n00000142,Normative Ethical Theory Applications,1,0.774170,0,0,0
11237,Philosophy,47,26,0,392.52165501,392.52165501,n00000142,Normative Ethical Theory Applications,1,0.999790,0,0,0
11238,Philosophy,90,51,0,384.72551991,384.72551991,n00000142,Normative Ethical Theory Applications,1,0.870141,0,0,0
11242,Philosophy,90,51,0,369.91858504,369.91858504,n00000106,Colonial Justification and Imperial Ideology,1,0.949313,0,0,0
11245,Philosophy,71,40,0,374.31486631,374.31486631,n00000104,Paleoanthropology and Human Evolutionary Timelines,1,0.646004,0,0,0
11247,Philosophy,54,30,0,402.03838913,402.03838913,n00000056,Formal Logic and Fallacy Analysis,1,0.985639,0,0,0
11258,Philosophy,117,66,0,393.01999563,393.01999563,n00000056,Formal Logic and Fallacy Analysis,1,0.989655,0,0,0
11268,Philosophy,62,35,0,389.62057648,389.62057648,n00000217,Psychotherapy Ethics and Clinical Practice Standards,1,0.853067,0,0,0
11275,Philosophy,104,59,0,398.15774677,398.15774677,n00000234,Criminal Liability and Mens Rea Analysis,1,0.998990,0,0,0
11278,Philosophy,83,47,0,402.32083169,402.32083169,n00000056,Formal Logic and Fallacy Analysis,1,0.999500,0,0,0
11279,Philosophy,50,28,0,403.11959583,403.11959583,n00000142,Normative Ethical Theory Applications,1,0.764168,0,0,0
11282,Philosophy,61,34,0,396.88044824,396.88044824,n00000143,Classical Philosophical and Legal Doctrines,1,0.808908,0,1,1
-1010008,Physics,154,87,0,378.83684791,378.83684791,n00000173,Thermodynamic and Kinetic Gas Properties in Astrophysical and Terrestrial Systems,1,0.863312,0,0,0
-1009967,Physics,74,41,0,404.44494766,404.44494766,n00000064,Electrostatic Field and Charge Interaction Analysis,1,0.846415,0,0,0
-1009638,Physics,154,87,0,376.38698994,376.38698994,n00000189,Molecular and Atomic Mass Calculations,1,0.513386,0,0,0
-1009621,Physics,131,74,0,381.99490744,381.99490744,n00000304,Simple Harmonic and Rotational Dynamics Analysis,1,0.984436,0,0,0
-1009591,Physics,94,53,0,387.66137480,387.66137480,n00000192,Transient Circuit Energy Dynamics,1,0.997506,0,0,0
-1009485,Physics,88,49,0,404.86999083,404.86999083,n00000066,Geometric Optics of Thin and Thick Lenses,1,0.982178,0,0,0
-1009447,Physics,137,77,0,389.01914100,389.01914100,n00000172,Wave Propagation and Electromagnetic Dynamics,1,0.896258,0,0,0
-1009162,Physics,96,54,0,405.45301613,405.45301613,n00000066,Geometric Optics of Thin and Thick Lenses,1,0.996691,0,0,0
-1009101,Physics,130,73,0,392.16064958,392.16064958,n00000192,Transient Circuit Energy Dynamics,1,0.521930,0,0,0
-1008932,Physics,154,87,0,376.38698994,376.38698994,n00000189,Molecular and Atomic Mass Calculations,1,0.513386,0,0,0
-1008860,Physics,153,86,0,371.74924547,371.74924547,n00000169,Gravitational Field and Orbital Mechanics Problems,1,0.987545,0,0,0
9045,Physics,154,87,0,378.28795119,378.28795119,n00000173,Thermodynamic and Kinetic Gas Properties in Astrophysical and Terrestrial Systems,1,0.557990,0,0,0
9046,Physics,138,78,0,380.70502137,380.70502137,n00000173,Thermodynamic and Kinetic Gas Properties in Astrophysical and Terrestrial Systems,1,0.993090,0,0,0
9047,Physics,143,81,0,376.85207469,376.85207469,n00000173,Thermodynamic and Kinetic Gas Properties in Astrophysical and Terrestrial Systems,1,0.905786,0,0,0
9049,Physics,153,86,0,375.08831736,375.08831736,n00000173,Thermodynamic and Kinetic Gas Properties in Astrophysical and Terrestrial Systems,1,0.985787,0,0,0
9053,Physics,119,67,0,389.61742795,389.61742795,n00000171,Quantum Photon Particle Duality Calculations,1,0.794439,0,0,0
9056,Physics,94,53,0,389.68642179,389.68642179,n00000190,Quantum Particle Wavelength and Energy Transitions,1,0.634457,0,1,1
9058,Physics,83,47,0,401.44619411,401.44619411,n00000030,Thermodynamic and Gas State Calculations,1,0.995789,0,0,0
9070,Physics,71,39,0,382.72723861,382.72723861,n00000169,Gravitational Field and Orbital Mechanics Problems,1,0.577477,0,0,0
9071,Physics,40,22,0,422.78234396,422.78234396,n00000030,Thermodynamic and Gas State Calculations,1,0.949996,0,0,0
9073,Physics,65,36,0,399.39581699,399.39581699,n00000121,Electrical Machine Performance Calculation,1,0.990302,0,0,0
9075,Physics,71,39,0,402.88000409,402.88000409,n00000121,Electrical Machine Performance Calculation,1,0.999994,0,0,0
9077,Physics,107,61,0,395.87286084,395.87286084,n00000243,Projectile Motion and Kinematic Analysis,1,0.996986,0,0,0
9083,Physics,102,57,0,387.65515939,387.65515939,n00000191,Molecular Statistical Thermodynamics and Spectroscopy,1,0.717568,0,0,0
9085,Physics,136,77,0,377.27638173,377.27638173,n00000171,Quantum Photon Particle Duality Calculations,1,0.509655,0,0,0
9086,Physics,119,67,0,397.22321997,397.22321997,n00000190,Quantum Particle Wavelength and Energy Transitions,1,0.964245,0,1,1
9090,Physics,114,64,0,383.54620946,383.54620946,n00000171,Quantum Photon Particle Duality Calculations,1,0.998796,0,0,0
9091,Physics,94,53,0,385.22364788,385.22364788,n00000304,Simple Harmonic and Rotational Dynamics Analysis,1,0.999461,0,0,0
9093,Physics,40,22,0,416.57521845,416.57521845,n00000037,Thermodynamic and Heat Transfer Analysis,1,1.000000,0,1,1
9099,Physics,105,59,0,393.80130466,393.80130466,n00000303,Kinematics and Relativistic Motion Analysis,1,0.999682,0,0,0
9100,Physics,84,47,0,394.08516110,394.08516110,n00000303,Kinematics and Relativistic Motion Analysis,1,0.992034,0,0,0
9103,Physics,76,42,0,382.01788506,382.01788506,n00000304,Simple Harmonic and Rotational Dynamics Analysis,1,0.998251,0,0,0
9104,Physics,136,77,0,388.14960944,388.14960944,n00000066,Geometric Optics of Thin and Thick Lenses,1,0.768842,0,0,0
9117,Physics,107,61,0,399.77829929,399.77829929,n00000243,Projectile Motion and Kinematic Analysis,1,0.989190,0,0,0
9118,Physics,154,87,0,382.73542149,382.73542149,n00000161,Normal and Sampling Distribution Applications,1,0.800210,0,0,0
9119,Physics,154,87,0,375.55538643,375.55538643,n00000040,Comparative Functional Organismal Biology,1,0.815348,0,0,0
9122,Physics,137,77,0,407.48806216,407.48806216,n00000173,Thermodynamic and Kinetic Gas Properties in Astrophysical and Terrestrial Systems,1,0.525105,0,1,0
9123,Physics,94,53,0,407.16292159,407.16292159,n00000064,Electrostatic Field and Charge Interaction Analysis,1,0.999888,0,0,0
9134,Physics,99,55,0,383.76769680,383.76769680,n00000171,Quantum Photon Particle Duality Calculations,1,0.980497,0,0,0
9144,Physics,76,42,0,407.71760959,407.71760959,n00000064,Electrostatic Field and Charge Interaction Analysis,1,0.999984,0,0,0
9145,Physics,64,35,0,413.84443545,413.84443545,n00000064,Electrostatic Field and Charge Interaction Analysis,1,0.999996,0,0,0
9147,Physics,76,42,0,406.38429926,406.38429926,n00000064,Electrostatic Field and Charge Interaction Analysis,1,0.992560,0,0,0
9148,Physics,60,33,0,395.10739213,395.10739213,n00000267,Colligative Property and Solution Concentration Calculations,1,0.786954,0,0,0
9149,Physics,79,44,0,409.13866186,409.13866186,n00000064,Electrostatic Field and Charge Interaction Analysis,1,0.999906,0,0,0
9150,Physics,117,65,0,391.46078142,391.46078142,n00000192,Transient Circuit Energy Dynamics,1,0.991623,0,0,0
9151,Physics,89,50,0,391.37228574,391.37228574,n00000170,Optical Interference and Diffraction Metrology,1,0.999818,0,0,0
9157,Physics,79,44,0,392.73290089,392.73290089,n00000170,Optical Interference and Diffraction Metrology,1,0.999977,0,0,0
9159,Physics,40,22,0,394.62110924,394.62110924,n00000170,Optical Interference and Diffraction Metrology,1,0.559841,0,0,0
9160,Physics,102,58,0,390.37645077,390.37645077,n00000066,Geometric Optics of Thin and Thick Lenses,1,0.906535,0,0,0
9161,Physics,107,61,0,386.41942665,386.41942665,n00000189,Molecular and Atomic Mass Calculations,1,0.548544,0,0,0
9163,Physics,81,45,0,388.70779554,388.70779554,n00000170,Optical Interference and Diffraction Metrology,1,0.898113,0,0,0
9165,Physics,138,78,0,381.00963942,381.00963942,n00000064,Electrostatic Field and Charge Interaction Analysis,1,0.970427,0,0,0
9167,Physics,143,81,0,377.74112334,377.74112334,n00000173,Thermodynamic and Kinetic Gas Properties in Astrophysical and Terrestrial Systems,1,0.899339,0,0,0
9168,Physics,113,64,0,385.03850466,385.03850466,n00000243,Projectile Motion and Kinematic Analysis,1,0.848073,0,0,0
9170,Physics,89,50,0,395.51267341,395.51267341,n00000030,Thermodynamic and Gas State Calculations,1,0.977712,0,0,0
9175,Physics,83,47,0,408.51771143,408.51771143,n00000037,Thermodynamic and Heat Transfer Analysis,1,0.964494,0,1,1
9176,Physics,40,22,0,426.45847428,426.45847428,n00000030,Thermodynamic and Gas State Calculations,1,0.999920,0,0,0
9179,Physics,71,39,0,405.50727341,405.50727341,n00000064,Electrostatic Field and Charge Interaction Analysis,1,1.000000,0,0,0
9181,Physics,40,22,0,408.33087361,408.33087361,n00000064,Electrostatic Field and Charge Interaction Analysis,1,0.997175,0,0,0
9182,Physics,65,36,0,390.62723920,390.62723920,n00000192,Transient Circuit Energy Dynamics,1,0.994079,0,0,0
9188,Physics,138,78,0,396.84226118,396.84226118,n00000121,Electrical Machine Performance Calculation,1,0.998384,0,0,0
9193,Physics,131,74,0,389.94547111,389.94547111,n00000188,Radioactive Decay Kinetics and Energetics,1,0.999923,0,0,0
9194,Physics,119,67,0,399.52115253,399.52115253,n00000066,Geometric Optics of Thin and Thick Lenses,1,0.431875,0,0,0
9195,Physics,59,32,0,389.84227537,389.84227537,n00000171,Quantum Photon Particle Duality Calculations,1,0.999001,0,0,0
9198,Physics,57,31,0,391.58931013,391.58931013,n00000303,Kinematics and Relativistic Motion Analysis,1,0.994792,0,0,0
9200,Physics,76,42,0,386.42168753,386.42168753,n00000303,Kinematics and Relativistic Motion Analysis,1,0.873200,0,0,0
9201,Physics,114,63,0,400.19546342,400.19546342,n00000243,Projectile Motion and Kinematic Analysis,1,0.989585,0,0,0
9204,Physics,71,39,0,393.15324652,393.15324652,n00000243,Projectile Motion and Kinematic Analysis,1,0.999295,0,0,0
9205,Physics,86,48,0,391.99126520,391.99126520,n00000243,Projectile Motion and Kinematic Analysis,1,0.616391,0,0,0
9208,Physics,147,83,0,378.24741117,378.24741117,n00000304,Simple Harmonic and Rotational Dynamics Analysis,1,0.939915,0,0,0
9209,Physics,132,74,0,377.83593697,377.83593697,n00000172,Wave Propagation and Electromagnetic Dynamics,1,0.920284,0,0,0
9210,Physics,114,64,0,403.06975421,403.06975421,n00000243,Projectile Motion and Kinematic Analysis,1,0.965335,0,0,0
9211,Physics,76,42,0,395.06432162,395.06432162,n00000169,Gravitational Field and Orbital Mechanics Problems,1,0.999965,0,0,0
9212,Physics,124,70,0,431.50545336,431.50545336,n00000030,Thermodynamic and Gas State Calculations,1,0.999819,0,0,0
9213,Physics,143,81,0,376.09468458,376.09468458,n00000124,Molecular Biology and Genetic Engineering Mechanisms,1,0.434576,0,0,0
9214,Physics,154,87,0,377.61704738,377.61704738,n00000192,Transient Circuit Energy Dynamics,1,0.856856,0,0,0
9223,Physics,107,60,0,388.41472531,388.41472531,n00000171,Quantum Photon Particle Duality Calculations,1,0.888159,0,0,0
9224,Physics,118,66,0,372.37743383,372.37743383,n00000171,Quantum Photon Particle Duality Calculations,1,0.577087,0,0,0
9225,Physics,107,60,0,392.18261889,392.18261889,n00000188,Radioactive Decay Kinetics and Energetics,1,0.996526,0,0,0
9234,Physics,71,39,0,408.88075866,408.88075866,n00000064,Electrostatic Field and Charge Interaction Analysis,1,0.999994,0,0,0
9241,Physics,96,54,0,394.74433031,394.74433031,n00000066,Geometric Optics of Thin and Thick Lenses,1,0.932262,0,0,0
9246,Physics,102,58,0,387.79196234,387.79196234,n00000189,Molecular and Atomic Mass Calculations,1,0.893190,0,0,0
9247,Physics,78,44,0,401.20407309,401.20407309,n00000267,Colligative Property and Solution Concentration Calculations,1,0.812085,0,0,0
9251,Physics,78,43,0,409.47149834,409.47149834,n00000066,Geometric Optics of Thin and Thick Lenses,1,0.999570,0,0,0
9253,Physics,88,49,0,396.49540089,396.49540089,n00000170,Optical Interference and Diffraction Metrology,1,0.998826,0,0,0
9254,Physics,154,87,0,386.68935410,386.68935410,n00000196,Evaluative Statement Veracity Assessment,1,0.948344,0,0,0
9258,Physics,60,33,0,391.72106848,391.72106848,n00000169,Gravitational Field and Orbital Mechanics Problems,1,0.975987,0,0,0
9259,Physics,107,60,0,384.49529660,384.49529660,n00000304,Simple Harmonic and Rotational Dynamics Analysis,1,0.991430,0,0,0
9262,Physics,71,39,0,387.77535605,387.77535605,n00000169,Gravitational Field and Orbital Mechanics Problems,1,0.998406,0,0,0
9266,Physics,64,35,0,412.68302372,412.68302372,n00000064,Electrostatic Field and Charge Interaction Analysis,1,0.999935,0,0,0
9278,Physics,136,77,0,389.59379704,389.59379704,n00000303,Kinematics and Relativistic Motion Analysis,1,0.995254,0,0,0
9281,Physics,81,45,0,395.70625789,395.70625789,n00000170,Optical Interference and Diffraction Metrology,1,0.999793,0,0,0
9282,Physics,101,56,0,390.36424846,390.36424846,n00000188,Radioactive Decay Kinetics and Energetics,1,0.611142,0,1,0
9285,Physics,60,33,0,390.76782788,390.76782788,n00000169,Gravitational Field and Orbital Mechanics Problems,1,0.894658,0,0,0
9291,Physics,131,74,0,388.20150744,388.20150744,n00000121,Electrical Machine Performance Calculation,1,0.872888,0,0,0
9292,Physics,136,77,0,384.55602461,384.55602461,n00000303,Kinematics and Relativistic Motion Analysis,1,0.814218,0,0,0
9294,Physics,78,43,0,389.46266765,389.46266765,n00000190,Quantum Particle Wavelength and Energy Transitions,1,0.987810,0,1,1
9297,Physics,89,50,0,392.25693468,392.25693468,n00000172,Wave Propagation and Electromagnetic Dynamics,1,0.999115,0,0,0
9304,Physics,118,67,0,390.79922103,390.79922103,n00000243,Projectile Motion and Kinematic Analysis,1,0.909297,0,0,0
9305,Physics,88,49,0,388.96185446,388.96185446,n00000303,Kinematics and Relativistic Motion Analysis,1,0.973137,0,0,0
9309,Physics,75,42,0,391.08617400,391.08617400,n00000169,Gravitational Field and Orbital Mechanics Problems,1,0.999999,0,0,0
9310,Physics,76,42,0,402.32741379,402.32741379,n00000243,Projectile Motion and Kinematic Analysis,1,0.999606,0,0,0
9314,Physics,136,77,0,395.33883614,395.33883614,n00000066,Geometric Optics of Thin and Thick Lenses,1,0.976711,0,0,0
9315,Physics,154,87,0,380.65531074,380.65531074,n00000194,Macronutrient Biochemistry and Physiological Functions,1,0.575578,0,0,0
9319,Physics,135,76,0,385.80511948,385.80511948,n00000169,Gravitational Field and Orbital Mechanics Problems,1,0.941642,0,0,0
9325,Physics,71,39,0,397.63009948,397.63009948,n00000064,Electrostatic Field and Charge Interaction Analysis,1,0.980234,0,0,0
9326,Physics,71,39,0,383.62192260,383.62192260,n00000169,Gravitational Field and Orbital Mechanics Problems,1,0.999046,0,0,0
9330,Physics,122,69,0,375.67704935,375.67704935,n00000172,Wave Propagation and Electromagnetic Dynamics,1,0.547020,0,0,0
9340,Physics,83,46,0,401.82917247,401.82917247,n00000243,Projectile Motion and Kinematic Analysis,1,0.997076,0,0,0
9341,Physics,75,41,0,405.05537782,405.05537782,n00000066,Geometric Optics of Thin and Thick Lenses,1,0.999594,0,0,0
9349,Physics,104,59,0,399.32146369,399.32146369,n00000066,Geometric Optics of Thin and Thick Lenses,1,0.975743,0,0,0
9358,Physics,154,87,0,374.12430358,374.12430358,n00000105,Archaeological Foundations of Early Civilizations,1,0.884962,0,0,0
9364,Physics,94,53,0,388.41650990,388.41650990,n00000173,Thermodynamic and Kinetic Gas Properties in Astrophysical and Terrestrial Systems,1,0.998323,0,0,0
9365,Physics,140,79,0,379.34153791,379.34153791,n00000169,Gravitational Field and Orbital Mechanics Problems,1,0.922237,0,0,0
9368,Physics,40,22,0,389.20926895,389.20926895,n00000173,Thermodynamic and Kinetic Gas Properties in Astrophysical and Terrestrial Systems,1,0.920527,0,0,0
9375,Physics,64,35,0,408.34167201,408.34167201,n00000064,Electrostatic Field and Charge Interaction Analysis,1,0.999394,0,0,0
9378,Physics,60,33,0,389.95374320,389.95374320,n00000191,Molecular Statistical Thermodynamics and Spectroscopy,1,0.998733,0,0,0
9382,Physics,153,86,0,380.33392365,380.33392365,n00000172,Wave Propagation and Electromagnetic Dynamics,1,0.641069,0,0,0
9384,Physics,153,86,0,378.79053212,378.79053212,n00000193,Transmission Line and Wave Propagation Analysis,1,0.687796,0,0,0
9385,Physics,109,61,0,386.33444411,386.33444411,n00000303,Kinematics and Relativistic Motion Analysis,1,0.629035,0,0,0
9386,Physics,94,53,0,406.07543168,406.07543168,n00000030,Thermodynamic and Gas State Calculations,1,0.999204,0,0,0
9388,Physics,130,73,0,405.92247437,405.92247437,n00000066,Geometric Optics of Thin and Thick Lenses,1,0.999139,0,0,0
9391,Physics,99,55,0,388.42310453,388.42310453,n00000188,Radioactive Decay Kinetics and Energetics,1,0.999019,0,0,0
9396,Physics,71,39,0,397.99483634,397.99483634,n00000170,Optical Interference and Diffraction Metrology,1,0.999457,0,0,0
9397,Physics,89,50,0,422.41783484,422.41783484,n00000030,Thermodynamic and Gas State Calculations,1,0.977029,0,0,0
9400,Physics,143,81,0,394.24906596,394.24906596,n00000188,Radioactive Decay Kinetics and Energetics,1,0.999552,0,0,0
9403,Physics,79,44,0,396.23541163,396.23541163,n00000121,Electrical Machine Performance Calculation,1,0.993529,0,0,0
9408,Physics,89,50,0,385.56702954,385.56702954,n00000304,Simple Harmonic and Rotational Dynamics Analysis,1,0.999097,0,0,0
9410,Physics,81,45,0,397.56775132,397.56775132,n00000064,Electrostatic Field and Charge Interaction Analysis,1,0.999901,0,0,0
9411,Physics,76,42,0,398.65602835,398.65602835,n00000303,Kinematics and Relativistic Motion Analysis,1,0.997608,0,0,0
9413,Physics,127,72,0,381.79439699,381.79439699,n00000190,Quantum Particle Wavelength and Energy Transitions,1,0.917671,0,1,1
9416,Physics,81,45,0,416.51283681,416.51283681,n00000173,Thermodynamic and Kinetic Gas Properties in Astrophysical and Terrestrial Systems,1,0.716994,0,0,0
9417,Physics,147,83,0,386.47561136,386.47561136,n00000243,Projectile Motion and Kinematic Analysis,1,0.798546,0,0,0
9418,Physics,131,74,0,391.19337596,391.19337596,n00000243,Projectile Motion and Kinematic Analysis,1,0.940471,0,0,0
9419,Physics,142,80,0,398.04212394,398.04212394,n00000064,Electrostatic Field and Charge Interaction Analysis,1,0.999613,0,0,0
9421,Physics,71,39,0,398.63892748,398.63892748,n00000064,Electrostatic Field and Charge Interaction Analysis,1,1.000000,0,0,0
9423,Physics,154,87,0,385.65186605,385.65186605,n00000037,Thermodynamic and Heat Transfer Analysis,1,0.653389,0,1,1
9424,Physics,136,77,0,395.03062183,395.03062183,n00000303,Kinematics and Relativistic Motion Analysis,1,0.677081,0,0,0
9426,Physics,136,77,0,384.57374916,384.57374916,n00000172,Wave Propagation and Electromagnetic Dynamics,1,0.995448,0,0,0
9428,Physics,127,72,0,385.86314410,385.86314410,n00000188,Radioactive Decay Kinetics and Energetics,1,0.979963,0,0,0
9433,Physics,149,84,0,389.07275805,389.07275805,n00000169,Gravitational Field and Orbital Mechanics Problems,1,0.999984,0,0,0
9434,Physics,137,77,0,389.31562684,389.31562684,n00000172,Wave Propagation and Electromagnetic Dynamics,1,0.996351,0,0,0
9442,Physics,26,14,0,393.60393902,393.60393902,n00000169,Gravitational Field and Orbital Mechanics Problems,1,0.999992,0,0,0
9445,Physics,88,49,0,397.76456575,397.76456575,n00000190,Quantum Particle Wavelength and Energy Transitions,1,0.612081,0,1,1
9454,Physics,60,33,0,410.03740753,410.03740753,n00000064,Electrostatic Field and Charge Interaction Analysis,1,0.997449,0,0,0
9460,Physics,39,21,0,396.36566285,396.36566285,n00000064,Electrostatic Field and Charge Interaction Analysis,1,0.996119,0,0,0
9464,Physics,89,50,0,394.89404914,394.89404914,n00000064,Electrostatic Field and Charge Interaction Analysis,1,0.709767,0,0,0
9471,Physics,89,50,0,382.29254582,382.29254582,n00000191,Molecular Statistical Thermodynamics and Spectroscopy,1,0.710193,0,0,0
9475,Physics,88,49,0,391.06988183,391.06988183,n00000190,Quantum Particle Wavelength and Energy Transitions,1,0.999726,0,1,1
9478,Physics,71,39,0,397.72995999,397.72995999,n00000169,Gravitational Field and Orbital Mechanics Problems,1,0.812985,0,0,0
9480,Physics,118,66,0,389.00976131,389.00976131,n00000191,Molecular Statistical Thermodynamics and Spectroscopy,1,0.790073,0,0,0
9482,Physics,81,45,0,377.35857697,377.35857697,n00000173,Thermodynamic and Kinetic Gas Properties in Astrophysical and Terrestrial Systems,1,0.812108,0,0,0
9483,Physics,154,87,0,379.04280143,379.04280143,n00000222,Cognitive and Perceptual Learning Mechanisms,1,0.968102,0,1,1
9484,Physics,74,41,0,412.35938563,412.35938563,n00000064,Electrostatic Field and Charge Interaction Analysis,1,0.999998,0,0,0
9485,Physics,76,42,0,401.28320748,401.28320748,n00000064,Electrostatic Field and Charge Interaction Analysis,1,0.999811,0,0,0
9487,Physics,42,23,0,441.07554085,441.07554085,n00000030,Thermodynamic and Gas State Calculations,1,1.000000,0,0,0
9489,Physics,89,50,0,392.10767404,392.10767404,n00000189,Molecular and Atomic Mass Calculations,1,0.991458,0,0,0
9495,Physics,101,57,0,397.05876871,397.05876871,n00000064,Electrostatic Field and Charge Interaction Analysis,1,0.993451,0,0,0
9503,Physics,94,53,0,393.26420536,393.26420536,n00000243,Projectile Motion and Kinematic Analysis,1,0.992644,0,0,0
9506,Physics,107,61,0,384.97347557,384.97347557,n00000172,Wave Propagation and Electromagnetic Dynamics,1,0.910066,0,0,0
9511,Physics,60,33,0,382.40922669,382.40922669,n00000304,Simple Harmonic and Rotational Dynamics Analysis,1,0.804465,0,0,0
9518,Physics,107,61,0,384.22029624,384.22029624,n00000188,Radioactive Decay Kinetics and Energetics,1,0.756073,0,0,0
9519,Physics,119,67,0,391.05564103,391.05564103,n00000171,Quantum Photon Particle Duality Calculations,1,0.635439,0,1,0
9523,Physics,84,47,0,390.40424553,390.40424553,n00000303,Kinematics and Relativistic Motion Analysis,1,0.993490,0,0,0
9536,Physics,75,41,0,403.71237646,403.71237646,n00000121,Electrical Machine Performance Calculation,1,0.998948,0,0,0
9538,Physics,137,77,0,378.86528553,378.86528553,n00000303,Kinematics and Relativistic Motion Analysis,1,0.541682,0,0,0
9541,Physics,147,83,0,384.83625650,384.83625650,n00000303,Kinematics and Relativistic Motion Analysis,1,0.991893,0,0,0
9542,Physics,142,80,0,378.67441412,378.67441412,n00000129,Foundational Programming and Computer Systems Principles,1,0.804485,0,0,0
9547,Physics,131,74,0,387.88281469,387.88281469,n00000172,Wave Propagation and Electromagnetic Dynamics,1,0.985413,0,0,0
9554,Physics,46,25,0,383.69792981,383.69792981,n00000243,Projectile Motion and Kinematic Analysis,1,0.999145,0,0,0
9559,Physics,64,35,0,398.28894511,398.28894511,n00000064,Electrostatic Field and Charge Interaction Analysis,1,0.996378,0,0,0
9560,Physics,53,29,0,414.27796116,414.27796116,n00000064,Electrostatic Field and Charge Interaction Analysis,1,0.999988,0,0,0
9569,Physics,60,33,0,389.04822324,389.04822324,n00000170,Optical Interference and Diffraction Metrology,1,0.826400,0,0,0
9571,Physics,89,50,0,383.04512773,383.04512773,n00000030,Thermodynamic and Gas State Calculations,1,0.774961,0,0,0
9578,Physics,102,58,0,380.90501188,380.90501188,n00000304,Simple Harmonic and Rotational Dynamics Analysis,1,0.702930,0,0,0
9586,Physics,154,87,0,383.28531546,383.28531546,n00000169,Gravitational Field and Orbital Mechanics Problems,1,0.547071,0,0,0
9593,Physics,136,77,0,376.61547932,376.61547932,n00000170,Optical Interference and Diffraction Metrology,1,0.813884,0,0,0
9598,Physics,136,77,0,394.63958788,394.63958788,n00000192,Transient Circuit Energy Dynamics,1,0.477084,0,0,0
9604,Physics,26,14,0,392.24330583,392.24330583,n00000303,Kinematics and Relativistic Motion Analysis,1,0.963781,0,0,0
9605,Physics,107,61,0,396.06335161,396.06335161,n00000243,Projectile Motion and Kinematic Analysis,1,0.993228,0,0,0
9608,Physics,89,50,0,413.71374022,413.71374022,n00000037,Thermodynamic and Heat Transfer Analysis,1,0.954672,0,1,1
9616,Physics,60,33,0,417.36048862,417.36048862,n00000191,Molecular Statistical Thermodynamics and Spectroscopy,1,0.901935,0,0,0
9621,Physics,101,57,0,395.58928926,395.58928926,n00000190,Quantum Particle Wavelength and Energy Transitions,1,0.796509,0,1,1
9623,Physics,60,33,0,405.30234342,405.30234342,n00000243,Projectile Motion and Kinematic Analysis,1,0.999648,0,0,0
9624,Physics,40,22,0,428.16308694,428.16308694,n00000037,Thermodynamic and Heat Transfer Analysis,1,1.000000,0,1,1
9627,Physics,84,47,0,401.88120442,401.88120442,n00000243,Projectile Motion and Kinematic Analysis,1,0.999930,0,0,0
9632,Physics,101,57,0,384.36916673,384.36916673,n00000172,Wave Propagation and Electromagnetic Dynamics,1,0.982275,0,0,0
9634,Physics,143,81,0,386.41633223,386.41633223,n00000159,Extremal and Enumerative Combinatorics in Graphs and Numbers,1,0.881746,0,0,0
9646,Physics,94,53,0,386.65409921,386.65409921,n00000304,Simple Harmonic and Rotational Dynamics Analysis,1,0.931797,0,0,0
9649,Physics,59,32,0,398.61305363,398.61305363,n00000243,Projectile Motion and Kinematic Analysis,1,0.812165,0,0,0
9650,Physics,123,69,0,384.90141376,384.90141376,n00000173,Thermodynamic and Kinetic Gas Properties in Astrophysical and Terrestrial Systems,1,0.621600,0,0,0
9654,Physics,120,68,0,387.13001483,387.13001483,n00000188,Radioactive Decay Kinetics and Energetics,1,0.992805,0,0,0
9658,Physics,107,61,0,389.81016039,389.81016039,n00000066,Geometric Optics of Thin and Thick Lenses,1,0.614996,0,0,0
9660,Physics,128,72,0,395.36555357,395.36555357,n00000066,Geometric Optics of Thin and Thick Lenses,1,0.999811,0,0,0
9664,Physics,60,33,0,389.98146183,389.98146183,n00000170,Optical Interference and Diffraction Metrology,1,0.975842,0,0,0
9665,Physics,89,50,0,393.79694118,393.79694118,n00000193,Transmission Line and Wave Propagation Analysis,1,0.541795,0,1,0
9666,Physics,102,58,0,378.16921536,378.16921536,n00000189,Molecular and Atomic Mass Calculations,1,0.954839,0,0,0
9667,Physics,118,67,0,391.45545537,391.45545537,n00000066,Geometric Optics of Thin and Thick Lenses,1,0.965705,0,0,0
9678,Physics,154,87,0,379.81605040,379.81605040,n00000173,Thermodynamic and Kinetic Gas Properties in Astrophysical and Terrestrial Systems,1,0.528245,0,0,0
9681,Physics,57,31,0,392.06365461,392.06365461,n00000303,Kinematics and Relativistic Motion Analysis,1,0.999628,0,0,0
9688,Physics,33,18,0,437.19132325,437.19132325,n00000030,Thermodynamic and Gas State Calculations,1,0.999988,0,0,0
9689,Physics,76,42,0,431.22988433,431.22988433,n00000030,Thermodynamic and Gas State Calculations,1,1.000000,0,0,0
9691,Physics,26,14,0,390.91929707,390.91929707,n00000169,Gravitational Field and Orbital Mechanics Problems,1,0.963164,0,0,0
9715,Physics,71,39,0,426.54854338,426.54854338,n00000037,Thermodynamic and Heat Transfer Analysis,1,0.979970,0,1,1
9720,Physics,143,81,0,388.81755064,388.81755064,n00000192,Transient Circuit Energy Dynamics,1,0.789116,0,0,0
9721,Physics,71,39,0,381.36088630,381.36088630,n00000304,Simple Harmonic and Rotational Dynamics Analysis,1,0.978571,0,0,0
9724,Physics,139,78,0,395.86817246,395.86817246,n00000066,Geometric Optics of Thin and Thick Lenses,1,0.999928,0,0,0
9729,Physics,154,87,0,389.26929186,389.26929186,n00000303,Kinematics and Relativistic Motion Analysis,1,0.665171,0,0,0
9732,Physics,127,72,0,380.77160020,380.77160020,n00000172,Wave Propagation and Electromagnetic Dynamics,1,0.900789,0,0,0
9733,Physics,138,78,0,382.56086782,382.56086782,n00000172,Wave Propagation and Electromagnetic Dynamics,1,0.991146,0,0,0
9740,Physics,118,66,0,392.19878328,392.19878328,n00000188,Radioactive Decay Kinetics and Energetics,1,0.480541,0,0,0
9746,Physics,71,39,0,390.22429356,390.22429356,n00000303,Kinematics and Relativistic Motion Analysis,1,0.965905,0,0,0
9751,Physics,60,33,0,402.40718353,402.40718353,n00000267,Colligative Property and Solution Concentration Calculations,1,0.401158,0,0,0
9753,Physics,68,37,0,396.41356297,396.41356297,n00000066,Geometric Optics of Thin and Thick Lenses,1,0.999950,0,0,0
9757,Physics,81,45,0,395.99076092,395.99076092,n00000066,Geometric Optics of Thin and Thick Lenses,1,0.926591,0,0,0
9759,Physics,60,33,0,404.77520299,404.77520299,n00000173,Thermodynamic and Kinetic Gas Properties in Astrophysical and Terrestrial Systems,1,0.994239,0,0,0
9760,Physics,88,49,0,392.49275552,392.49275552,n00000170,Optical Interference and Diffraction Metrology,1,0.999488,0,0,0
9762,Physics,65,35,0,405.87710896,405.87710896,n00000066,Geometric Optics of Thin and Thick Lenses,1,0.999974,0,0,0
9770,Physics,71,39,0,410.79100671,410.79100671,n00000064,Electrostatic Field and Charge Interaction Analysis,1,0.999464,0,0,0
9774,Physics,22,12,0,434.72939941,434.72939941,n00000030,Thermodynamic and Gas State Calculations,1,1.000000,0,0,0
9775,Physics,78,43,0,399.64169367,399.64169367,n00000191,Molecular Statistical Thermodynamics and Spectroscopy,1,0.972814,0,0,0
9777,Physics,81,45,0,417.95555032,417.95555032,n00000030,Thermodynamic and Gas State Calculations,1,0.996436,0,0,0
9778,Physics,76,42,0,391.82706527,391.82706527,n00000268,Electrochemical and Stoichiometric Reaction Quantification,1,0.886065,0,0,0
9787,Physics,76,42,0,409.74525814,409.74525814,n00000037,Thermodynamic and Heat Transfer Analysis,1,0.978754,0,1,1
9791,Physics,83,46,0,392.05120168,392.05120168,n00000171,Quantum Photon Particle Duality Calculations,1,0.994744,0,0,0
9792,Physics,124,69,0,415.37492025,415.37492025,n00000037,Thermodynamic and Heat Transfer Analysis,1,0.996560,0,1,1
9793,Physics,102,58,0,386.87735332,386.87735332,n00000172,Wave Propagation and Electromagnetic Dynamics,1,0.956408,0,0,0
9795,Physics,118,67,0,392.41397602,392.41397602,n00000303,Kinematics and Relativistic Motion Analysis,1,0.834262,0,0,0
9798,Physics,146,82,0,386.21640547,386.21640547,n00000171,Quantum Photon Particle Duality Calculations,1,0.851952,0,0,0
9800,Physics,70,39,0,384.08765314,384.08765314,n00000304,Simple Harmonic and Rotational Dynamics Analysis,1,0.992179,0,0,0
9801,Physics,106,59,0,390.14709229,390.14709229,n00000192,Transient Circuit Energy Dynamics,1,0.926630,0,0,0
9805,Physics,60,33,0,408.40796291,408.40796291,n00000064,Electrostatic Field and Charge Interaction Analysis,1,1.000000,0,0,0
9809,Physics,107,60,0,384.73473338,384.73473338,n00000173,Thermodynamic and Kinetic Gas Properties in Astrophysical and Terrestrial Systems,1,0.612281,0,0,0
9813,Physics,133,75,0,394.37197673,394.37197673,n00000169,Gravitational Field and Orbital Mechanics Problems,1,1.000000,0,0,0
9816,Physics,133,75,0,389.80159174,389.80159174,n00000169,Gravitational Field and Orbital Mechanics Problems,1,0.999853,0,0,0
9820,Physics,120,68,0,393.39030895,393.39030895,n00000243,Projectile Motion and Kinematic Analysis,1,0.982763,0,0,0
9821,Physics,69,38,0,410.32516251,410.32516251,n00000030,Thermodynamic and Gas State Calculations,1,0.858914,0,0,0
9825,Physics,154,87,0,388.64912121,388.64912121,n00000037,Thermodynamic and Heat Transfer Analysis,1,0.949946,0,1,1
9829,Physics,147,83,0,379.40901165,379.40901165,n00000130,Information Theory and Digital Encoding Fundamentals,1,0.463437,0,0,0
9830,Physics,149,84,0,386.37187890,386.37187890,n00000172,Wave Propagation and Electromagnetic Dynamics,1,0.890190,0,0,0
9835,Physics,115,65,0,390.32755877,390.32755877,n00000171,Quantum Photon Particle Duality Calculations,1,0.738922,0,0,0
9838,Physics,75,41,0,387.82469829,387.82469829,n00000192,Transient Circuit Energy Dynamics,1,0.866297,0,0,0
9842,Physics,65,36,0,389.76602690,389.76602690,n00000169,Gravitational Field and Orbital Mechanics Problems,1,0.999966,0,0,0
9844,Physics,91,51,0,404.10446736,404.10446736,n00000066,Geometric Optics of Thin and Thick Lenses,1,0.965516,0,0,0
9846,Physics,131,74,0,392.95599428,392.95599428,n00000243,Projectile Motion and Kinematic Analysis,1,0.999894,0,0,0
9847,Physics,76,42,0,398.91360630,398.91360630,n00000243,Projectile Motion and Kinematic Analysis,1,0.998354,0,0,0
9849,Physics,86,48,0,401.60824703,401.60824703,n00000064,Electrostatic Field and Charge Interaction Analysis,1,0.993634,0,0,0
9855,Physics,88,49,0,409.47897258,409.47897258,n00000066,Geometric Optics of Thin and Thick Lenses,1,0.999932,0,0,0
9868,Physics,107,61,0,414.65221519,414.65221519,n00000037,Thermodynamic and Heat Transfer Analysis,1,0.998172,0,1,1
9869,Physics,120,68,0,385.18424293,385.18424293,n00000030,Thermodynamic and Gas State Calculations,1,0.527959,0,1,0
9872,Physics,154,87,0,385.49105062,385.49105062,n00000169,Gravitational Field and Orbital Mechanics Problems,1,0.998397,0,0,0
9873,Physics,133,75,0,371.02407338,371.02407338,n00000184,Exclusion-Based Fact Verification Tasks,1,0.994902,0,0,0
9874,Physics,143,81,0,380.02465949,380.02465949,n00000040,Comparative Functional Organismal Biology,1,0.943537,0,0,0
9875,Physics,81,45,0,382.70016479,382.70016479,n00000173,Thermodynamic and Kinetic Gas Properties in Astrophysical and Terrestrial Systems,1,0.782628,0,0,0
9888,Physics,60,33,0,417.30558632,417.30558632,n00000037,Thermodynamic and Heat Transfer Analysis,1,1.000000,0,1,1
9889,Physics,120,68,0,390.74370118,390.74370118,n00000192,Transient Circuit Energy Dynamics,1,0.933523,0,0,0
9890,Physics,76,42,0,402.65108337,402.65108337,n00000064,Electrostatic Field and Charge Interaction Analysis,1,0.999958,0,0,0
9893,Physics,75,41,0,396.73177477,396.73177477,n00000303,Kinematics and Relativistic Motion Analysis,1,0.989776,0,0,0
9894,Physics,76,42,0,393.33764431,393.33764431,n00000303,Kinematics and Relativistic Motion Analysis,1,0.999338,0,0,0
9902,Physics,89,50,0,389.18388948,389.18388948,n00000190,Quantum Particle Wavelength and Energy Transitions,1,0.966553,0,1,1
9907,Physics,65,36,0,407.01292577,407.01292577,n00000037,Thermodynamic and Heat Transfer Analysis,1,0.751981,0,1,1
9913,Physics,60,33,0,419.22441920,419.22441920,n00000037,Thermodynamic and Heat Transfer Analysis,1,0.994875,0,1,1
9922,Physics,46,25,0,396.71829794,396.71829794,n00000169,Gravitational Field and Orbital Mechanics Problems,1,0.999999,0,0,0
9925,Physics,64,35,0,399.87297960,399.87297960,n00000064,Electrostatic Field and Charge Interaction Analysis,1,1.000000,0,0,0
9928,Physics,60,33,0,396.64101431,396.64101431,n00000064,Electrostatic Field and Charge Interaction Analysis,1,0.997446,0,0,0
9944,Physics,143,81,0,372.73021251,372.73021251,n00000124,Molecular Biology and Genetic Engineering Mechanisms,1,0.866009,0,0,0
9950,Physics,89,50,0,388.37951042,388.37951042,n00000172,Wave Propagation and Electromagnetic Dynamics,1,0.693018,0,0,0
9953,Physics,66,36,0,422.41335167,422.41335167,n00000037,Thermodynamic and Heat Transfer Analysis,1,0.841459,0,1,1
9954,Physics,75,41,0,389.44485374,389.44485374,n00000190,Quantum Particle Wavelength and Energy Transitions,1,0.966175,0,1,1
9958,Physics,121,68,0,379.32447071,379.32447071,n00000064,Electrostatic Field and Charge Interaction Analysis,1,0.547790,0,0,0
9961,Physics,97,54,0,385.29923721,385.29923721,n00000064,Electrostatic Field and Charge Interaction Analysis,1,0.855637,0,0,0
9962,Physics,81,45,0,385.75107322,385.75107322,n00000169,Gravitational Field and Orbital Mechanics Problems,1,0.950110,0,0,0
9963,Physics,64,35,0,406.49350745,406.49350745,n00000171,Quantum Photon Particle Duality Calculations,1,0.519410,0,0,0
9971,Physics,88,49,0,392.77308046,392.77308046,n00000191,Molecular Statistical Thermodynamics and Spectroscopy,1,0.977495,0,0,0
9975,Physics,107,61,0,398.52175012,398.52175012,n00000189,Molecular and Atomic Mass Calculations,1,0.671168,0,1,0
9976,Physics,80,44,0,393.00213174,393.00213174,n00000170,Optical Interference and Diffraction Metrology,1,0.997663,0,0,0
9979,Physics,88,50,0,395.49348881,395.49348881,n00000066,Geometric Optics of Thin and Thick Lenses,1,0.969256,0,0,0
9983,Physics,89,50,0,390.34588815,390.34588815,n00000066,Geometric Optics of Thin and Thick Lenses,1,0.506355,0,0,0
9994,Physics,138,78,0,384.53421768,384.53421768,n00000173,Thermodynamic and Kinetic Gas Properties in Astrophysical and Terrestrial Systems,1,0.816195,0,0,0
9996,Physics,102,58,0,381.21757586,381.21757586,n00000304,Simple Harmonic and Rotational Dynamics Analysis,1,0.500166,0,0,0
9998,Physics,60,33,0,400.37740550,400.37740550,n00000172,Wave Propagation and Electromagnetic Dynamics,1,0.847028,0,0,0
10000,Physics,135,76,0,386.99957764,386.99957764,n00000190,Quantum Particle Wavelength and Energy Transitions,1,0.856573,0,1,1
10002,Physics,64,35,0,413.55518428,413.55518428,n00000064,Electrostatic Field and Charge Interaction Analysis,1,0.999965,0,0,0
10004,Physics,40,22,0,430.28007542,430.28007542,n00000030,Thermodynamic and Gas State Calculations,1,0.999737,0,0,0
10006,Physics,60,33,0,424.86676215,424.86676215,n00000030,Thermodynamic and Gas State Calculations,1,0.999930,0,0,0
10007,Physics,40,22,0,419.50446303,419.50446303,n00000037,Thermodynamic and Heat Transfer Analysis,1,0.999981,0,1,1
10011,Physics,84,47,0,392.34906121,392.34906121,n00000121,Electrical Machine Performance Calculation,1,0.999979,0,0,0
10015,Physics,107,61,0,400.42306695,400.42306695,n00000243,Projectile Motion and Kinematic Analysis,1,0.999994,0,0,0
10021,Physics,60,33,0,405.06847509,405.06847509,n00000064,Electrostatic Field and Charge Interaction Analysis,1,0.999674,0,0,0
10024,Physics,125,71,0,390.44732690,390.44732690,n00000188,Radioactive Decay Kinetics and Energetics,1,0.998434,0,0,0
10027,Physics,84,46,0,387.83158488,387.83158488,n00000189,Molecular and Atomic Mass Calculations,1,0.979678,0,0,0
10028,Physics,135,76,0,385.26759522,385.26759522,n00000171,Quantum Photon Particle Duality Calculations,1,0.997507,0,0,0
10031,Physics,65,36,0,412.08759412,412.08759412,n00000037,Thermodynamic and Heat Transfer Analysis,1,0.998842,0,1,1
10034,Physics,59,33,0,411.84550933,411.84550933,n00000173,Thermodynamic and Kinetic Gas Properties in Astrophysical and Terrestrial Systems,1,0.967848,0,0,0
10035,Physics,76,42,0,390.63550017,390.63550017,n00000303,Kinematics and Relativistic Motion Analysis,1,0.924150,0,0,0
10037,Physics,53,29,0,405.31666530,405.31666530,n00000064,Electrostatic Field and Charge Interaction Analysis,1,0.648651,0,0,0
10039,Physics,118,66,0,391.11806206,391.11806206,n00000192,Transient Circuit Energy Dynamics,1,0.997829,0,0,0
10043,Physics,118,66,0,389.55477151,389.55477151,n00000173,Thermodynamic and Kinetic Gas Properties in Astrophysical and Terrestrial Systems,1,0.594824,0,1,0
10044,Physics,154,87,0,381.37878740,381.37878740,n00000303,Kinematics and Relativistic Motion Analysis,1,0.665316,0,0,0
10045,Physics,147,83,0,376.53281459,376.53281459,n00000304,Simple Harmonic and Rotational Dynamics Analysis,1,0.919833,0,0,0
10049,Physics,128,72,0,403.97931546,403.97931546,n00000064,Electrostatic Field and Charge Interaction Analysis,1,0.999964,0,0,0
10054,Physics,71,39,0,406.85703556,406.85703556,n00000243,Projectile Motion and Kinematic Analysis,1,0.999916,0,0,0
10056,Physics,75,42,0,392.36250408,392.36250408,n00000169,Gravitational Field and Orbital Mechanics Problems,1,0.999894,0,0,0
10070,Physics,131,74,0,373.48273486,373.48273486,n00000172,Wave Propagation and Electromagnetic Dynamics,1,0.908174,0,0,0
10083,Physics,89,50,0,384.33863338,384.33863338,n00000189,Molecular and Atomic Mass Calculations,1,0.721772,0,0,0
10092,Physics,89,50,0,400.81243692,400.81243692,n00000066,Geometric Optics of Thin and Thick Lenses,1,0.999985,0,0,0
10093,Physics,60,33,0,400.54008183,400.54008183,n00000243,Projectile Motion and Kinematic Analysis,1,0.972541,0,0,0
10095,Physics,79,44,0,394.55860887,394.55860887,n00000304,Simple Harmonic and Rotational Dynamics Analysis,1,0.778993,0,0,0
10096,Physics,130,73,0,376.56618169,376.56618169,n00000173,Thermodynamic and Kinetic Gas Properties in Astrophysical and Terrestrial Systems,1,0.998209,0,0,0
10099,Physics,74,41,0,386.51611188,386.51611188,n00000169,Gravitational Field and Orbital Mechanics Problems,1,0.999953,0,0,0
10101,Physics,143,81,0,388.10619247,388.10619247,n00000169,Gravitational Field and Orbital Mechanics Problems,1,0.999977,0,0,0
10108,Physics,86,48,0,388.56469171,388.56469171,n00000304,Simple Harmonic and Rotational Dynamics Analysis,1,0.514091,0,0,0
10112,Physics,64,35,0,406.24121844,406.24121844,n00000243,Projectile Motion and Kinematic Analysis,1,0.999996,0,0,0
10113,Physics,136,77,0,390.82257842,390.82257842,n00000243,Projectile Motion and Kinematic Analysis,1,0.998603,0,0,0
10114,Physics,81,45,0,410.10565482,410.10565482,n00000064,Electrostatic Field and Charge Interaction Analysis,1,0.999950,0,0,0
10115,Physics,71,39,0,410.17150088,410.17150088,n00000064,Electrostatic Field and Charge Interaction Analysis,1,0.999990,0,0,0
10121,Physics,94,53,0,423.32970134,423.32970134,n00000030,Thermodynamic and Gas State Calculations,1,0.996924,0,0,0
10123,Physics,60,33,0,390.36657477,390.36657477,n00000169,Gravitational Field and Orbital Mechanics Problems,1,0.999889,0,0,0
10124,Physics,105,59,0,400.04168177,400.04168177,n00000243,Projectile Motion and Kinematic Analysis,1,0.948931,0,0,0
10125,Physics,113,64,0,391.81624617,391.81624617,n00000192,Transient Circuit Energy Dynamics,1,0.671471,0,0,0
10128,Physics,84,47,0,430.21473871,430.21473871,n00000030,Thermodynamic and Gas State Calculations,1,0.999985,0,0,0
10130,Physics,89,50,0,398.57272093,398.57272093,n00000173,Thermodynamic and Kinetic Gas Properties in Astrophysical and Terrestrial Systems,1,0.524856,0,0,0
10132,Physics,94,53,0,387.40034101,387.40034101,n00000243,Projectile Motion and Kinematic Analysis,1,0.880415,0,0,0
10136,Physics,60,33,0,406.86964794,406.86964794,n00000192,Transient Circuit Energy Dynamics,1,0.967287,0,0,0
10140,Physics,107,61,0,404.37882113,404.37882113,n00000037,Thermodynamic and Heat Transfer Analysis,1,0.904786,0,1,1
10150,Physics,102,57,0,381.89785211,381.89785211,n00000189,Molecular and Atomic Mass Calculations,1,0.864611,0,0,0
10153,Physics,113,64,0,400.17074300,400.17074300,n00000243,Projectile Motion and Kinematic Analysis,1,0.999743,0,0,0
10157,Physics,136,77,0,390.55969568,390.55969568,n00000064,Electrostatic Field and Charge Interaction Analysis,1,0.672399,0,0,0
10158,Physics,131,74,0,380.68017123,380.68017123,n00000304,Simple Harmonic and Rotational Dynamics Analysis,1,0.804166,0,0,0
10166,Physics,154,87,0,386.35162009,386.35162009,n00000172,Wave Propagation and Electromagnetic Dynamics,1,0.789703,0,0,0
10171,Physics,147,83,0,393.56544218,393.56544218,n00000243,Projectile Motion and Kinematic Analysis,1,0.978759,0,0,0
10174,Physics,122,69,0,392.73758129,392.73758129,n00000169,Gravitational Field and Orbital Mechanics Problems,1,0.998300,0,0,0
10176,Physics,71,39,0,413.34839035,413.34839035,n00000191,Molecular Statistical Thermodynamics and Spectroscopy,1,0.893590,0,0,0
10178,Physics,86,48,0,398.89760617,398.89760617,n00000037,Thermodynamic and Heat Transfer Analysis,1,0.703721,0,1,1
10181,Physics,71,39,0,394.70833038,394.70833038,n00000037,Thermodynamic and Heat Transfer Analysis,1,0.871267,0,1,1
10182,Physics,106,59,0,388.57186624,388.57186624,n00000303,Kinematics and Relativistic Motion Analysis,1,0.998057,0,0,0
10185,Physics,79,44,0,403.93164869,403.93164869,n00000064,Electrostatic Field and Charge Interaction Analysis,1,0.994194,0,0,0
10211,Physics,154,87,0,383.60093683,383.60093683,n00000173,Thermodynamic and Kinetic Gas Properties in Astrophysical and Terrestrial Systems,1,0.457015,0,0,0
10213,Physics,141,79,0,388.81893145,388.81893145,n00000064,Electrostatic Field and Charge Interaction Analysis,1,0.391800,0,0,0
10215,Physics,143,81,0,395.23353156,395.23353156,n00000064,Electrostatic Field and Charge Interaction Analysis,1,0.997441,0,0,0
10224,Physics,60,33,0,434.33139503,434.33139503,n00000030,Thermodynamic and Gas State Calculations,1,1.000000,0,0,0
10225,Physics,60,33,0,394.27312844,394.27312844,n00000191,Molecular Statistical Thermodynamics and Spectroscopy,1,0.999984,0,0,0
10226,Physics,106,59,0,397.42522679,397.42522679,n00000188,Radioactive Decay Kinetics and Energetics,1,0.999942,0,0,0
10240,Physics,114,64,0,392.95322585,392.95322585,n00000171,Quantum Photon Particle Duality Calculations,1,0.832140,0,0,0
10242,Physics,143,81,0,391.57107442,391.57107442,n00000188,Radioactive Decay Kinetics and Energetics,1,0.923268,0,0,0
10244,Physics,119,67,0,385.48901772,385.48901772,n00000171,Quantum Photon Particle Duality Calculations,1,0.993463,0,0,0
10247,Physics,60,33,0,393.15384524,393.15384524,n00000303,Kinematics and Relativistic Motion Analysis,1,0.999121,0,0,0
10252,Physics,136,77,0,394.31498070,394.31498070,n00000303,Kinematics and Relativistic Motion Analysis,1,0.742572,0,0,0
10254,Physics,154,87,0,379.15189272,379.15189272,n00000040,Comparative Functional Organismal Biology,1,0.994016,0,0,0
10255,Physics,115,65,0,386.07955864,386.07955864,n00000173,Thermodynamic and Kinetic Gas Properties in Astrophysical and Terrestrial Systems,1,0.833715,0,0,0
10258,Physics,147,83,0,379.94989718,379.94989718,n00000188,Radioactive Decay Kinetics and Energetics,1,0.631429,0,0,0
10260,Physics,143,81,0,381.26572791,381.26572791,n00000169,Gravitational Field and Orbital Mechanics Problems,1,0.916631,0,0,0
10264,Physics,71,39,0,390.49413534,390.49413534,n00000243,Projectile Motion and Kinematic Analysis,1,0.881880,0,0,0
10265,Physics,60,33,0,380.23046011,380.23046011,n00000304,Simple Harmonic and Rotational Dynamics Analysis,1,0.973216,0,0,0
10269,Physics,70,38,0,400.96321332,400.96321332,n00000190,Quantum Particle Wavelength and Energy Transitions,1,0.993594,0,1,1
10271,Physics,40,22,0,406.40643837,406.40643837,n00000243,Projectile Motion and Kinematic Analysis,1,0.999895,0,0,0
10274,Physics,79,44,0,408.83231206,408.83231206,n00000064,Electrostatic Field and Charge Interaction Analysis,1,0.999976,0,0,0
10277,Physics,86,48,0,396.92651177,396.92651177,n00000066,Geometric Optics of Thin and Thick Lenses,1,0.846701,0,0,0
10278,Physics,65,35,0,406.29922924,406.29922924,n00000066,Geometric Optics of Thin and Thick Lenses,1,0.999895,0,0,0
10280,Physics,81,45,0,388.32944441,388.32944441,n00000066,Geometric Optics of Thin and Thick Lenses,1,0.690554,0,0,0
10282,Physics,136,77,0,396.52428619,396.52428619,n00000066,Geometric Optics of Thin and Thick Lenses,1,0.996149,0,0,0
10284,Physics,70,38,0,392.04206581,392.04206581,n00000190,Quantum Particle Wavelength and Energy Transitions,1,0.864958,0,1,1
10287,Physics,81,45,0,392.54679363,392.54679363,n00000170,Optical Interference and Diffraction Metrology,1,0.888013,0,0,0
10288,Physics,132,74,0,382.28690052,382.28690052,n00000171,Quantum Photon Particle Duality Calculations,1,0.859988,0,0,0
10289,Physics,75,41,0,401.74384747,401.74384747,n00000066,Geometric Optics of Thin and Thick Lenses,1,0.999609,0,0,0
10290,Physics,88,49,0,394.49794349,394.49794349,n00000170,Optical Interference and Diffraction Metrology,1,0.999794,0,0,0
10293,Physics,115,65,0,399.47160147,399.47160147,n00000066,Geometric Optics of Thin and Thick Lenses,1,0.935917,0,0,0
10295,Physics,127,72,0,379.24463884,379.24463884,n00000173,Thermodynamic and Kinetic Gas Properties in Astrophysical and Terrestrial Systems,1,0.741104,0,0,0
10296,Physics,138,78,0,381.59490404,381.59490404,n00000173,Thermodynamic and Kinetic Gas Properties in Astrophysical and Terrestrial Systems,1,0.598865,0,0,0
10297,Physics,138,78,0,373.56541896,373.56541896,n00000173,Thermodynamic and Kinetic Gas Properties in Astrophysical and Terrestrial Systems,1,0.967997,0,0,0
10300,Physics,79,44,0,396.91150745,396.91150745,n00000243,Projectile Motion and Kinematic Analysis,1,0.608887,0,0,0
10303,Physics,89,50,0,410.02571103,410.02571103,n00000191,Molecular Statistical Thermodynamics and Spectroscopy,1,0.997432,0,0,0
10307,Physics,94,53,0,397.97650033,397.97650033,n00000064,Electrostatic Field and Charge Interaction Analysis,1,0.999587,0,0,0
10315,Physics,102,58,0,414.59740040,414.59740040,n00000037,Thermodynamic and Heat Transfer Analysis,1,0.566914,0,1,1
10319,Physics,60,33,0,390.71220799,390.71220799,n00000169,Gravitational Field and Orbital Mechanics Problems,1,0.569862,0,0,0
10320,Physics,76,42,0,393.86532173,393.86532173,n00000169,Gravitational Field and Orbital Mechanics Problems,1,0.999997,0,0,0
10321,Physics,60,33,0,404.39903998,404.39903998,n00000064,Electrostatic Field and Charge Interaction Analysis,1,0.999996,0,0,0
10322,Physics,40,22,0,399.03593298,399.03593298,n00000193,Transmission Line and Wave Propagation Analysis,1,0.607782,0,0,0
10325,Physics,125,71,0,394.26099195,394.26099195,n00000243,Projectile Motion and Kinematic Analysis,1,0.998072,0,0,0
10326,Physics,78,43,0,389.32045582,389.32045582,n00000243,Projectile Motion and Kinematic Analysis,1,0.832552,0,0,0
10329,Physics,142,80,0,389.26220819,389.26220819,n00000192,Transient Circuit Energy Dynamics,1,0.409013,0,0,0
10332,Physics,37,21,0,385.75884376,385.75884376,n00000173,Thermodynamic and Kinetic Gas Properties in Astrophysical and Terrestrial Systems,1,0.470131,0,0,0
10334,Physics,154,87,0,378.70525938,378.70525938,n00000040,Comparative Functional Organismal Biology,1,0.550630,0,0,0
10335,Physics,143,81,0,399.30955179,399.30955179,n00000064,Electrostatic Field and Charge Interaction Analysis,1,0.999659,0,0,0
10336,Physics,136,77,0,387.39686168,387.39686168,n00000121,Electrical Machine Performance Calculation,1,0.742125,0,0,0
10344,Physics,71,39,0,402.93783119,402.93783119,n00000064,Electrostatic Field and Charge Interaction Analysis,1,0.999994,0,0,0
10345,Physics,112,63,0,405.19921900,405.19921900,n00000066,Geometric Optics of Thin and Thick Lenses,1,0.984444,0,0,0
10347,Physics,68,37,0,397.44795739,397.44795739,n00000303,Kinematics and Relativistic Motion Analysis,1,0.922695,0,0,0
10349,Physics,81,45,0,398.43044608,398.43044608,n00000170,Optical Interference and Diffraction Metrology,1,0.999975,0,0,0
10354,Physics,69,38,0,389.94907201,389.94907201,n00000170,Optical Interference and Diffraction Metrology,1,0.993494,0,0,0
-1002053,Psychology,43,24,0,387.60947891,387.60947891,n00000215,Developmental and Personality Theories in Psychology,1,0.575170,0,0,0
1989,Psychology,61,35,0,381.41312125,381.41312125,n00000187,Age-Related Health Determinants and Epidemiology,1,0.991026,0,0,0
1990,Psychology,147,83,0,393.92681617,393.92681617,n00000221,Psychometric Test Theory and Validation,1,0.970204,0,0,0
1995,Psychology,61,35,0,393.14858556,393.14858556,n00000222,Cognitive and Perceptual Learning Mechanisms,1,0.800333,0,1,1
1996,Psychology,95,54,0,374.64643011,374.64643011,n00000220,Applied Communication and Behavioral Strategy Design,1,0.787771,0,0,0
1998,Psychology,62,35,0,385.27039229,385.27039229,n00000217,Psychotherapy Ethics and Clinical Practice Standards,1,0.799659,0,0,0
1999,Psychology,129,73,0,389.68414067,389.68414067,n00000082,Anatomical and Genetic Health Mechanisms,1,0.661269,0,0,0
2004,Psychology,147,83,0,388.74984883,388.74984883,n00000221,Psychometric Test Theory and Validation,1,0.811971,0,0,0
2006,Psychology,32,18,0,394.95633888,394.95633888,n00000215,Developmental and Personality Theories in Psychology,1,0.999244,0,0,0
2008,Psychology,54,30,0,383.02897166,383.02897166,n00000217,Psychotherapy Ethics and Clinical Practice Standards,1,0.955777,0,0,0
2010,Psychology,108,61,0,382.64249435,382.64249435,n00000219,Organizational Behavior and Work Motivation Theories,1,0.994869,0,0,0
2016,Psychology,126,71,0,383.28160741,383.28160741,n00000195,Cellular and Systemic Physiological Regulation Mechanisms,1,0.964928,0,0,0
2023,Psychology,133,75,0,394.56903394,394.56903394,n00000222,Cognitive and Perceptual Learning Mechanisms,1,0.709913,0,1,1
2026,Psychology,154,87,0,384.42866755,384.42866755,n00000222,Cognitive and Perceptual Learning Mechanisms,1,0.961304,0,1,1
2028,Psychology,97,55,0,382.23886045,382.23886045,n00000218,Developmental and Social Psychological Mechanisms,1,0.996477,0,0,0
2035,Psychology,86,49,0,383.02075523,383.02075523,n00000218,Developmental and Social Psychological Mechanisms,1,0.755242,0,0,0
2039,Psychology,131,74,0,389.77648560,389.77648560,n00000161,Normal and Sampling Distribution Applications,1,0.998845,0,0,0
2040,Psychology,72,41,0,401.25214149,401.25214149,n00000222,Cognitive and Perceptual Learning Mechanisms,1,0.999001,0,1,1
2041,Psychology,60,34,0,388.89251152,388.89251152,n00000215,Developmental and Personality Theories in Psychology,1,0.997339,0,0,0
2048,Psychology,107,61,0,382.15592441,382.15592441,n00000215,Developmental and Personality Theories in Psychology,1,0.457813,0,1,0
2053,Psychology,92,52,0,390.91896926,390.91896926,n00000143,Classical Philosophical and Legal Doctrines,1,0.799781,0,1,1
2056,Psychology,122,69,0,384.36738977,384.36738977,n00000040,Comparative Functional Organismal Biology,1,0.982095,0,0,0
2057,Psychology,71,40,0,397.24039946,397.24039946,n00000142,Normative Ethical Theory Applications,1,0.996032,0,0,0
2059,Psychology,61,35,0,387.85645226,387.85645226,n00000216,Psychopathology and Clinical Assessment Theories,1,0.940116,0,0,0
2061,Psychology,97,55,0,387.52011522,387.52011522,n00000222,Cognitive and Perceptual Learning Mechanisms,1,0.746450,0,1,1
2062,Psychology,149,84,0,380.29542923,380.29542923,n00000222,Cognitive and Perceptual Learning Mechanisms,1,0.986592,0,1,1
2063,Psychology,78,44,0,382.57582312,382.57582312,n00000216,Psychopathology and Clinical Assessment Theories,1,0.859474,0,0,0
2064,Psychology,111,63,0,386.31944344,386.31944344,n00000027,Emergency and Acute Clinical Diagnostics,1,0.968766,0,0,0
2065,Psychology,72,41,0,381.23899384,381.23899384,n00000218,Developmental and Social Psychological Mechanisms,1,0.811390,0,0,0
2067,Psychology,115,65,0,382.61378500,382.61378500,n00000218,Developmental and Social Psychological Mechanisms,1,0.983783,0,0,0
2068,Psychology,102,58,0,383.14480503,383.14480503,n00000217,Psychotherapy Ethics and Clinical Practice Standards,1,0.997217,0,0,0
2069,Psychology,87,49,0,395.69687983,395.69687983,n00000217,Psychotherapy Ethics and Clinical Practice Standards,1,0.968413,0,0,0
2073,Psychology,81,46,0,397.03972871,397.03972871,n00000218,Developmental and Social Psychological Mechanisms,1,0.765947,0,0,0
2075,Psychology,133,75,0,387.70523222,387.70523222,n00000222,Cognitive and Perceptual Learning Mechanisms,1,0.945462,0,1,1
2076,Psychology,108,61,0,399.55890437,399.55890437,n00000196,Evaluative Statement Veracity Assessment,1,0.795438,0,0,0
2079,Psychology,108,61,0,381.14009992,381.14009992,n00000219,Organizational Behavior and Work Motivation Theories,1,0.534935,0,0,0
2082,Psychology,72,41,0,379.86879965,379.86879965,n00000215,Developmental and Personality Theories in Psychology,1,0.810291,0,0,0
2088,Psychology,51,29,0,384.28387334,384.28387334,n00000218,Developmental and Social Psychological Mechanisms,1,0.523988,0,0,0
2101,Psychology,154,87,0,383.12698020,383.12698020,n00000222,Cognitive and Perceptual Learning Mechanisms,1,0.606966,0,1,1
2109,Psychology,143,81,0,383.61945575,383.61945575,n00000161,Normal and Sampling Distribution Applications,1,0.990580,0,0,0
2111,Psychology,79,45,0,383.90512633,383.90512633,n00000104,Paleoanthropology and Human Evolutionary Timelines,1,0.722105,0,0,0
2112,Psychology,93,53,0,393.90879182,393.90879182,n00000222,Cognitive and Perceptual Learning Mechanisms,1,0.936255,0,1,1
2113,Psychology,79,45,0,388.73923193,388.73923193,n00000215,Developmental and Personality Theories in Psychology,1,0.877500,0,0,0
2114,Psychology,68,39,0,378.35065308,378.35065308,n00000216,Psychopathology and Clinical Assessment Theories,1,0.964478,0,0,0
2115,Psychology,147,83,0,382.69277308,382.69277308,n00000222,Cognitive and Perceptual Learning Mechanisms,1,0.460894,0,1,1
2117,Psychology,131,74,0,397.49617742,397.49617742,n00000222,Cognitive and Perceptual Learning Mechanisms,1,0.989997,0,1,1
2123,Psychology,118,67,0,394.17524055,394.17524055,n00000222,Cognitive and Perceptual Learning Mechanisms,1,0.978918,0,1,1
2124,Psychology,143,81,0,384.28740899,384.28740899,n00000221,Psychometric Test Theory and Validation,1,0.776711,0,0,0
2127,Psychology,49,28,0,389.65791577,389.65791577,n00000215,Developmental and Personality Theories in Psychology,1,0.972941,0,0,0
2135,Psychology,74,42,0,390.58721936,390.58721936,n00000217,Psychotherapy Ethics and Clinical Practice Standards,1,0.988927,0,0,0
2148,Psychology,94,53,0,395.84495524,395.84495524,n00000221,Psychometric Test Theory and Validation,1,0.995358,0,0,0
2152,Psychology,43,24,0,387.60947891,387.60947891,n00000215,Developmental and Personality Theories in Psychology,1,0.575170,0,0,0
2157,Psychology,147,83,0,382.07795785,382.07795785,n00000218,Developmental and Social Psychological Mechanisms,1,0.878123,0,0,0
2170,Psychology,106,60,0,384.84246560,384.84246560,n00000083,Metabolic Biochemistry and Nutrient Energetics,1,0.975614,0,0,0
2175,Psychology,124,70,0,388.67260815,388.67260815,n00000082,Anatomical and Genetic Health Mechanisms,1,0.998674,0,0,0
2184,Psychology,154,87,0,368.94611179,368.94611179,n00000184,Exclusion-Based Fact Verification Tasks,1,0.562784,0,0,0
2188,Psychology,117,66,0,397.20426374,397.20426374,n00000222,Cognitive and Perceptual Learning Mechanisms,1,0.991522,0,1,1
2191,Psychology,68,39,0,398.02414635,398.02414635,n00000215,Developmental and Personality Theories in Psychology,1,0.979211,0,0,0
2192,Psychology,136,77,0,382.51513927,382.51513927,n00000125,Polygenic and Mendelian Inheritance Analysis,1,0.935108,0,0,0
2198,Psychology,140,79,0,388.26186667,388.26186667,n00000218,Developmental and Social Psychological Mechanisms,1,0.740833,0,0,0
2204,Psychology,142,80,0,386.69444419,386.69444419,n00000056,Formal Logic and Fallacy Analysis,1,0.703256,0,0,0
2205,Psychology,61,35,0,381.44147069,381.44147069,n00000218,Developmental and Social Psychological Mechanisms,1,0.988840,0,0,0
2210,Psychology,108,61,0,385.67450390,385.67450390,n00000219,Organizational Behavior and Work Motivation Theories,1,0.966848,0,0,0
2218,Psychology,136,77,0,377.48753799,377.48753799,n00000218,Developmental and Social Psychological Mechanisms,1,0.573210,0,0,0
2223,Psychology,154,87,0,385.00458875,385.00458875,n00000222,Cognitive and Perceptual Learning Mechanisms,1,0.993093,0,1,1
2226,Psychology,147,83,0,382.21187143,382.21187143,n00000222,Cognitive and Perceptual Learning Mechanisms,1,0.741072,0,1,1
2227,Psychology,61,35,0,391.65423226,391.65423226,n00000215,Developmental and Personality Theories in Psychology,1,0.920990,0,0,0
2230,Psychology,61,35,0,381.73792314,381.73792314,n00000215,Developmental and Personality Theories in Psychology,1,0.419178,0,0,0
2232,Psychology,140,79,0,384.95012685,384.95012685,n00000078,Corporate Governance and Regulatory Compliance Principles,1,0.597610,0,0,0
2233,Psychology,49,28,0,387.96919186,387.96919186,n00000216,Psychopathology and Clinical Assessment Theories,1,0.902240,0,0,0
2237,Psychology,75,43,0,383.21346950,383.21346950,n00000215,Developmental and Personality Theories in Psychology,1,0.996764,0,0,0
2240,Psychology,93,53,0,395.27993682,395.27993682,n00000222,Cognitive and Perceptual Learning Mechanisms,1,0.501588,0,1,1
2242,Psychology,72,41,0,394.56174828,394.56174828,n00000222,Cognitive and Perceptual Learning Mechanisms,1,0.997023,0,1,1
2244,Psychology,133,75,0,372.71684347,372.71684347,n00000220,Applied Communication and Behavioral Strategy Design,1,0.474625,0,1,0
2248,Psychology,147,83,0,375.32456692,375.32456692,n00000083,Metabolic Biochemistry and Nutrient Energetics,1,0.719285,0,0,0
2249,Psychology,133,75,0,390.08750041,390.08750041,n00000222,Cognitive and Perceptual Learning Mechanisms,1,0.647778,0,1,1
2254,Psychology,142,80,0,378.57309874,378.57309874,n00000219,Organizational Behavior and Work Motivation Theories,1,0.824810,0,0,0
2258,Psychology,62,35,0,392.23034981,392.23034981,n00000216,Psychopathology and Clinical Assessment Theories,1,0.977988,0,0,0
2259,Psychology,88,50,0,389.54433138,389.54433138,n00000222,Cognitive and Perceptual Learning Mechanisms,1,0.562956,0,1,1
2263,Psychology,68,39,0,389.30176612,389.30176612,n00000221,Psychometric Test Theory and Validation,1,0.703905,0,1,0
2264,Psychology,115,65,0,377.53897827,377.53897827,n00000219,Organizational Behavior and Work Motivation Theories,1,0.671507,0,0,0
2267,Psychology,115,65,0,391.19551678,391.19551678,n00000217,Psychotherapy Ethics and Clinical Practice Standards,1,0.888714,0,0,0
2268,Psychology,54,30,0,389.35311491,389.35311491,n00000220,Applied Communication and Behavioral Strategy Design,1,0.490737,0,0,0
2272,Psychology,78,44,0,401.95872699,401.95872699,n00000142,Normative Ethical Theory Applications,1,0.997138,0,0,0
2273,Psychology,68,39,0,392.39656312,392.39656312,n00000215,Developmental and Personality Theories in Psychology,1,0.998511,0,0,0
2283,Psychology,133,75,0,388.56165041,388.56165041,n00000056,Formal Logic and Fallacy Analysis,1,0.545635,0,1,0
2286,Psychology,154,87,0,381.43803862,381.43803862,n00000182,Global Socioeconomic and Health Indicators,1,0.740746,0,0,0
2287,Psychology,69,39,0,392.53978539,392.53978539,n00000218,Developmental and Social Psychological Mechanisms,1,0.791736,0,0,0
2292,Psychology,154,87,0,387.84775031,387.84775031,n00000222,Cognitive and Perceptual Learning Mechanisms,1,0.673714,0,1,1
2294,Psychology,79,45,0,383.08782420,383.08782420,n00000215,Developmental and Personality Theories in Psychology,1,0.714956,0,0,0
2296,Psychology,133,75,0,388.27782015,388.27782015,n00000082,Anatomical and Genetic Health Mechanisms,1,0.990719,0,0,0
2297,Psychology,108,61,0,383.75176050,383.75176050,n00000222,Cognitive and Perceptual Learning Mechanisms,1,0.932068,0,1,1
2300,Psychology,61,35,0,389.62694350,389.62694350,n00000126,Genetic and Chromosomal Sex Determination Mechanisms,1,0.603058,0,0,0
2302,Psychology,149,84,0,381.01056894,381.01056894,n00000040,Comparative Functional Organismal Biology,1,0.908892,0,0,0
2311,Psychology,147,83,0,380.16658039,380.16658039,n00000222,Cognitive and Perceptual Learning Mechanisms,1,0.947801,0,1,1
2312,Psychology,149,84,0,391.24456918,391.24456918,n00000222,Cognitive and Perceptual Learning Mechanisms,1,0.998751,0,1,1
2313,Psychology,115,65,0,387.27455775,387.27455775,n00000215,Developmental and Personality Theories in Psychology,1,0.985484,0,0,0
2314,Psychology,40,23,0,395.69308292,395.69308292,n00000221,Psychometric Test Theory and Validation,1,0.746764,0,0,0
2322,Psychology,40,23,0,388.98853573,388.98853573,n00000216,Psychopathology and Clinical Assessment Theories,1,0.753560,0,0,0
2330,Psychology,133,75,0,379.95809908,379.95809908,n00000218,Developmental and Social Psychological Mechanisms,1,0.924194,0,0,0
2332,Psychology,90,51,0,384.67390334,384.67390334,n00000217,Psychotherapy Ethics and Clinical Practice Standards,1,0.714287,0,0,0
2335,Psychology,142,80,0,387.59902858,387.59902858,n00000082,Anatomical and Genetic Health Mechanisms,1,0.785255,0,0,0
2338,Psychology,115,65,0,384.82436961,384.82436961,n00000220,Applied Communication and Behavioral Strategy Design,1,0.412675,0,0,0
2340,Psychology,143,81,0,384.46859843,384.46859843,n00000222,Cognitive and Perceptual Learning Mechanisms,1,0.523812,0,1,1
2344,Psychology,143,81,0,388.81843886,388.81843886,n00000221,Psychometric Test Theory and Validation,1,0.993763,0,0,0
2349,Psychology,95,54,0,388.53496435,388.53496435,n00000215,Developmental and Personality Theories in Psychology,1,0.978165,0,0,0
2354,Psychology,147,83,0,393.88684315,393.88684315,n00000222,Cognitive and Perceptual Learning Mechanisms,1,0.925243,0,1,1
2356,Psychology,97,55,0,389.42905596,389.42905596,n00000040,Comparative Functional Organismal Biology,1,0.998389,0,0,0
2359,Psychology,109,62,0,377.46913863,377.46913863,n00000186,Pathogen-Specific Clinical Intervention Mechanisms,1,0.711013,0,0,0
2367,Psychology,60,34,0,382.21872388,382.21872388,n00000215,Developmental and Personality Theories in Psychology,1,0.961966,0,0,0
2368,Psychology,147,83,0,385.15645729,385.15645729,n00000222,Cognitive and Perceptual Learning Mechanisms,1,0.953752,0,1,1
2376,Psychology,83,47,0,386.93069338,386.93069338,n00000215,Developmental and Personality Theories in Psychology,1,0.339627,0,0,0
2379,Psychology,73,41,0,383.22605989,383.22605989,n00000217,Psychotherapy Ethics and Clinical Practice Standards,1,0.899032,0,0,0
2383,Psychology,148,83,0,378.37056673,378.37056673,n00000219,Organizational Behavior and Work Motivation Theories,1,0.631139,0,0,0
2384,Psychology,90,51,0,381.77986611,381.77986611,n00000218,Developmental and Social Psychological Mechanisms,1,0.770588,0,0,0
2390,Psychology,136,77,0,386.24814175,386.24814175,n00000221,Psychometric Test Theory and Validation,1,0.825600,0,0,0
2392,Psychology,67,38,0,395.84247495,395.84247495,n00000221,Psychometric Test Theory and Validation,1,0.520024,0,0,0
2399,Psychology,95,54,0,391.81162320,391.81162320,n00000221,Psychometric Test Theory and Validation,1,0.938121,0,0,0
2412,Psychology,32,18,0,388.76149613,388.76149613,n00000215,Developmental and Personality Theories in Psychology,1,0.589743,0,0,0
2414,Psychology,138,78,0,389.87028266,389.87028266,n00000222,Cognitive and Perceptual Learning Mechanisms,1,0.931393,0,1,1
2422,Psychology,61,35,0,392.39939774,392.39939774,n00000221,Psychometric Test Theory and Validation,1,0.901175,0,0,0
2423,Psychology,49,28,0,377.33566232,377.33566232,n00000104,Paleoanthropology and Human Evolutionary Timelines,1,0.990465,0,0,0
2435,Psychology,62,35,0,385.57397137,385.57397137,n00000217,Psychotherapy Ethics and Clinical Practice Standards,1,0.659225,0,0,0
2438,Psychology,78,44,0,402.04973786,402.04973786,n00000200,Contract Formation and Enforceability Disputes,1,0.844307,0,0,0
2440,Psychology,88,50,0,387.39370631,387.39370631,n00000217,Psychotherapy Ethics and Clinical Practice Standards,1,0.990760,0,0,0
2441,Psychology,83,47,0,391.03649901,391.03649901,n00000217,Psychotherapy Ethics and Clinical Practice Standards,1,0.997498,0,0,0
2443,Psychology,79,45,0,395.55382970,395.55382970,n00000222,Cognitive and Perceptual Learning Mechanisms,1,0.544937,0,1,1
2451,Psychology,128,72,0,394.41865281,394.41865281,n00000222,Cognitive and Perceptual Learning Mechanisms,1,0.995601,0,1,1
2452,Psychology,140,79,0,384.64116959,384.64116959,n00000217,Psychotherapy Ethics and Clinical Practice Standards,1,0.645841,0,0,0
2454,Psychology,115,65,0,373.74162656,373.74162656,n00000217,Psychotherapy Ethics and Clinical Practice Standards,1,0.801996,0,0,0
2468,Psychology,68,39,0,389.30976164,389.30976164,n00000215,Developmental and Personality Theories in Psychology,1,0.992436,0,0,0
2470,Psychology,92,52,0,387.94282725,387.94282725,n00000216,Psychopathology and Clinical Assessment Theories,1,0.999269,0,0,0
2475,Psychology,71,40,0,376.47975379,376.47975379,n00000220,Applied Communication and Behavioral Strategy Design,1,0.633546,0,0,0
2476,Psychology,142,80,0,393.56922345,393.56922345,n00000142,Normative Ethical Theory Applications,1,0.414979,0,0,0
2477,Psychology,124,70,0,384.42082048,384.42082048,n00000216,Psychopathology and Clinical Assessment Theories,1,0.999474,0,0,0
2481,Psychology,149,84,0,373.66851498,373.66851498,n00000124,Molecular Biology and Genetic Engineering Mechanisms,1,0.983341,0,0,0
2483,Psychology,92,52,0,391.04819516,391.04819516,n00000222,Cognitive and Perceptual Learning Mechanisms,1,0.603672,0,1,1
2484,Psychology,92,52,0,396.66372220,396.66372220,n00000221,Psychometric Test Theory and Validation,1,0.990321,0,0,0
2486,Psychology,122,69,0,391.32298960,391.32298960,n00000222,Cognitive and Perceptual Learning Mechanisms,1,0.999334,0,1,1
2487,Psychology,88,50,0,387.82985888,387.82985888,n00000215,Developmental and Personality Theories in Psychology,1,0.725176,0,0,0
2494,Psychology,103,58,0,398.30522536,398.30522536,n00000221,Psychometric Test Theory and Validation,1,0.993374,0,0,0
2495,Psychology,106,60,0,388.22445992,388.22445992,n00000222,Cognitive and Perceptual Learning Mechanisms,1,0.657324,0,1,1
2496,Psychology,117,66,0,383.15388026,383.15388026,n00000040,Comparative Functional Organismal Biology,1,0.917188,0,0,0
2498,Psychology,128,72,0,388.50017651,388.50017651,n00000222,Cognitive and Perceptual Learning Mechanisms,1,0.991973,0,1,1
2501,Psychology,111,63,0,380.50486456,380.50486456,n00000216,Psychopathology and Clinical Assessment Theories,1,0.812339,0,0,0
2503,Psychology,154,87,0,383.82421778,383.82421778,n00000219,Organizational Behavior and Work Motivation Theories,1,0.970507,0,0,0
2504,Psychology,71,40,0,392.47615249,392.47615249,n00000142,Normative Ethical Theory Applications,1,0.971043,0,0,0
2508,Psychology,108,61,0,390.16996358,390.16996358,n00000222,Cognitive and Perceptual Learning Mechanisms,1,0.556387,0,1,1
2509,Psychology,149,84,0,388.55699071,388.55699071,n00000082,Anatomical and Genetic Health Mechanisms,1,0.998405,0,0,0
2511,Psychology,147,83,0,379.47661382,379.47661382,n00000143,Classical Philosophical and Legal Doctrines,1,0.923677,0,1,1
2513,Psychology,147,83,0,390.63981320,390.63981320,n00000222,Cognitive and Perceptual Learning Mechanisms,1,0.818619,0,1,1
2517,Psychology,147,83,0,399.53501463,399.53501463,n00000245,Statistical Inference and Probability Theory,1,0.799402,0,1,1
2520,Psychology,80,45,0,395.65999639,395.65999639,n00000221,Psychometric Test Theory and Validation,1,0.998441,0,0,0
2522,Psychology,65,36,0,391.92533410,391.92533410,n00000219,Organizational Behavior and Work Motivation Theories,1,0.912896,0,0,0
2526,Psychology,147,83,0,394.84208029,394.84208029,n00000221,Psychometric Test Theory and Validation,1,0.998458,0,0,0
2529,Psychology,133,75,0,386.68186337,386.68186337,n00000233,Quantitative Business Profit and Inventory Optimization,1,0.368684,0,0,0
2531,Psychology,154,87,0,382.35824937,382.35824937,n00000159,Extremal and Enumerative Combinatorics in Graphs and Numbers,1,0.572388,0,0,0
2536,Psychology,81,46,0,397.44264501,397.44264501,n00000221,Psychometric Test Theory and Validation,1,0.999303,0,0,0
2544,Psychology,131,74,0,389.60686343,389.60686343,n00000221,Psychometric Test Theory and Validation,1,0.983929,0,0,0
2553,Psychology,128,72,0,380.06123871,380.06123871,n00000187,Age-Related Health Determinants and Epidemiology,1,0.772588,0,0,0
2554,Psychology,142,80,0,392.77846089,392.77846089,n00000222,Cognitive and Perceptual Learning Mechanisms,1,0.984056,0,1,1
2556,Psychology,113,64,0,385.47646137,385.47646137,n00000142,Normative Ethical Theory Applications,1,0.420630,0,0,0
2558,Psychology,129,73,0,391.79577808,391.79577808,n00000027,Emergency and Acute Clinical Diagnostics,1,0.902766,0,0,0
2560,Psychology,49,28,0,381.84205962,381.84205962,n00000216,Psychopathology and Clinical Assessment Theories,1,0.611862,0,0,0
2561,Psychology,108,61,0,382.97894096,382.97894096,n00000219,Organizational Behavior and Work Motivation Theories,1,0.530612,0,0,0
2562,Psychology,81,46,0,385.46819605,385.46819605,n00000218,Developmental and Social Psychological Mechanisms,1,0.889405,0,0,0
2563,Psychology,72,41,0,390.41063363,390.41063363,n00000221,Psychometric Test Theory and Validation,1,0.731008,0,0,0
2567,Psychology,95,54,0,380.02951891,380.02951891,n00000217,Psychotherapy Ethics and Clinical Practice Standards,1,0.964321,0,0,0
2568,Psychology,88,50,0,379.52425147,379.52425147,n00000219,Organizational Behavior and Work Motivation Theories,1,0.995185,0,0,0
2578,Psychology,104,59,0,394.85933585,394.85933585,n00000187,Age-Related Health Determinants and Epidemiology,1,0.383716,0,0,0
2580,Psychology,147,83,0,375.17525001,375.17525001,n00000183,Demographic Behavior and Public Opinion Metrics,1,0.784565,0,0,0
2581,Psychology,113,64,0,384.80330083,384.80330083,n00000221,Psychometric Test Theory and Validation,1,0.681418,0,1,0
2584,Psychology,154,87,0,384.85975396,384.85975396,n00000222,Cognitive and Perceptual Learning Mechanisms,1,0.985730,0,1,1
2587,Psychology,136,77,0,379.23045738,379.23045738,n00000222,Cognitive and Perceptual Learning Mechanisms,1,0.872698,0,1,1
2588,Psychology,154,87,0,381.30077860,381.30077860,n00000082,Anatomical and Genetic Health Mechanisms,1,0.884490,0,0,0
2590,Psychology,122,69,0,374.46773032,374.46773032,n00000124,Molecular Biology and Genetic Engineering Mechanisms,1,0.790153,0,0,0
2592,Psychology,68,39,0,393.53531438,393.53531438,n00000215,Developmental and Personality Theories in Psychology,1,0.999738,0,0,0
2600,Psychology,61,35,0,391.13716089,391.13716089,n00000215,Developmental and Personality Theories in Psychology,1,0.894998,0,0,0
2602,Psychology,95,54,0,387.23601750,387.23601750,n00000219,Organizational Behavior and Work Motivation Theories,1,0.797993,0,0,0
2606,Psychology,147,83,0,383.94392951,383.94392951,n00000219,Organizational Behavior and Work Motivation Theories,1,0.692149,0,0,0
2613,Psychology,136,77,0,390.87863773,390.87863773,n00000172,Wave Propagation and Electromagnetic Dynamics,1,0.930539,0,0,0
2614,Psychology,121,68,0,391.00206472,391.00206472,n00000221,Psychometric Test Theory and Validation,1,0.982614,0,0,0
2615,Psychology,133,75,0,392.51733686,392.51733686,n00000183,Demographic Behavior and Public Opinion Metrics,1,0.377592,0,0,0
2620,Psychology,72,41,0,387.60639973,387.60639973,n00000215,Developmental and Personality Theories in Psychology,1,0.871870,0,0,0
2621,Psychology,147,83,0,378.33211119,378.33211119,n00000220,Applied Communication and Behavioral Strategy Design,1,0.584170,0,0,0
2624,Psychology,79,45,0,379.25404587,379.25404587,n00000218,Developmental and Social Psychological Mechanisms,1,0.702289,0,0,0
2625,Psychology,154,87,0,386.41293523,386.41293523,n00000221,Psychometric Test Theory and Validation,1,0.879971,0,0,0
2639,Psychology,83,47,0,377.13543527,377.13543527,n00000219,Organizational Behavior and Work Motivation Theories,1,0.940176,0,0,0
2643,Psychology,122,69,0,390.01574582,390.01574582,n00000222,Cognitive and Perceptual Learning Mechanisms,1,0.957701,0,1,1
2653,Psychology,154,87,0,385.72100638,385.72100638,n00000221,Psychometric Test Theory and Validation,1,0.996946,0,0,0
2654,Psychology,97,55,0,381.50243721,381.50243721,n00000027,Emergency and Acute Clinical Diagnostics,1,0.977341,0,0,0
2664,Psychology,154,87,0,378.08761527,378.08761527,n00000195,Cellular and Systemic Physiological Regulation Mechanisms,1,0.762379,0,0,0
2665,Psychology,154,87,0,387.19924706,387.19924706,n00000218,Developmental and Social Psychological Mechanisms,1,0.507041,0,0,0
2670,Psychology,43,24,0,394.48964441,394.48964441,n00000216,Psychopathology and Clinical Assessment Theories,1,0.924899,0,0,0
2672,Psychology,79,45,0,387.17522155,387.17522155,n00000216,Psychopathology and Clinical Assessment Theories,1,0.942463,0,0,0
2675,Psychology,79,45,0,397.38249048,397.38249048,n00000222,Cognitive and Perceptual Learning Mechanisms,1,0.998638,0,1,1
2678,Psychology,125,70,0,382.74583248,382.74583248,n00000221,Psychometric Test Theory and Validation,1,0.693537,0,0,0
2679,Psychology,147,83,0,380.24424747,380.24424747,n00000222,Cognitive and Perceptual Learning Mechanisms,1,0.653909,0,1,1
2684,Psychology,143,81,0,390.20034477,390.20034477,n00000245,Statistical Inference and Probability Theory,1,0.804132,0,1,1
2687,Psychology,90,51,0,391.35830099,391.35830099,n00000142,Normative Ethical Theory Applications,1,0.484770,0,0,0
2695,Psychology,115,65,0,387.77469195,387.77469195,n00000217,Psychotherapy Ethics and Clinical Practice Standards,1,0.750472,0,0,0
2696,Psychology,62,35,0,386.46972459,386.46972459,n00000234,Criminal Liability and Mens Rea Analysis,1,0.570083,0,0,0
2697,Psychology,147,83,0,379.89621453,379.89621453,n00000078,Corporate Governance and Regulatory Compliance Principles,1,0.427686,0,0,0
2702,Psychology,154,87,0,390.15210301,390.15210301,n00000082,Anatomical and Genetic Health Mechanisms,1,0.967498,0,0,0
2703,Psychology,54,30,0,418.23521149,418.23521149,n00000234,Criminal Liability and Mens Rea Analysis,1,0.999256,0,0,0
2704,Psychology,115,65,0,389.49058025,389.49058025,n00000151,Consumer Loan Interest Calculation,1,0.852658,0,0,0
2705,Psychology,147,83,0,391.72358888,391.72358888,n00000246,Time Series Econometrics and Diagnostic Testing,1,0.744409,0,1,0
2707,Psychology,56,32,0,390.30737395,390.30737395,n00000217,Psychotherapy Ethics and Clinical Practice Standards,1,0.999692,0,0,0
2709,Psychology,79,45,0,387.38660554,387.38660554,n00000217,Psychotherapy Ethics and Clinical Practice Standards,1,0.998308,0,0,0
2711,Psychology,54,30,0,392.06429192,392.06429192,n00000215,Developmental and Personality Theories in Psychology,1,0.919544,0,0,0
2712,Psychology,61,35,0,395.58644654,395.58644654,n00000215,Developmental and Personality Theories in Psychology,1,0.996287,0,0,0
2721,Psychology,133,75,0,379.06569575,379.06569575,n00000183,Demographic Behavior and Public Opinion Metrics,1,0.804474,0,0,0
2723,Psychology,154,87,0,386.05652170,386.05652170,n00000222,Cognitive and Perceptual Learning Mechanisms,1,0.836426,0,1,1
2729,Psychology,147,83,0,384.32057417,384.32057417,n00000172,Wave Propagation and Electromagnetic Dynamics,1,0.903686,0,0,0
2731,Psychology,68,39,0,387.69373180,387.69373180,n00000216,Psychopathology and Clinical Assessment Theories,1,0.981605,0,0,0
2732,Psychology,50,28,0,381.41673748,381.41673748,n00000216,Psychopathology and Clinical Assessment Theories,1,0.661611,0,0,0
2736,Psychology,61,35,0,389.50603855,389.50603855,n00000216,Psychopathology and Clinical Assessment Theories,1,0.993763,0,0,0
2745,Psychology,90,51,0,382.43022539,382.43022539,n00000143,Classical Philosophical and Legal Doctrines,1,0.524364,0,1,1
2747,Psychology,133,75,0,395.98145088,395.98145088,n00000222,Cognitive and Perceptual Learning Mechanisms,1,0.970505,0,1,1
2751,Psychology,50,29,0,384.78947016,384.78947016,n00000216,Psychopathology and Clinical Assessment Theories,1,0.957396,0,0,0
2754,Psychology,147,83,0,379.88623968,379.88623968,n00000078,Corporate Governance and Regulatory Compliance Principles,1,0.551007,0,0,0
2755,Psychology,147,83,0,386.83010921,386.83010921,n00000265,Microeconomic Production and Cost Optimization,1,0.831898,0,0,0
2758,Psychology,72,41,0,385.78307282,385.78307282,n00000218,Developmental and Social Psychological Mechanisms,1,0.886804,0,0,0
2759,Psychology,69,39,0,396.95390514,396.95390514,n00000217,Psychotherapy Ethics and Clinical Practice Standards,1,0.909157,0,0,0
2760,Psychology,50,28,0,389.85250184,389.85250184,n00000216,Psychopathology and Clinical Assessment Theories,1,0.996862,0,0,0
2762,Psychology,115,65,0,389.13670188,389.13670188,n00000219,Organizational Behavior and Work Motivation Theories,1,0.939363,0,0,0
2767,Psychology,61,35,0,394.82993104,394.82993104,n00000216,Psychopathology and Clinical Assessment Theories,1,0.571702,0,0,0
2769,Psychology,88,50,0,386.73148484,386.73148484,n00000219,Organizational Behavior and Work Motivation Theories,1,0.999281,0,0,0
2771,Psychology,115,65,0,379.26445758,379.26445758,n00000217,Psychotherapy Ethics and Clinical Practice Standards,1,0.855357,0,0,0
2772,Psychology,95,54,0,386.46210596,386.46210596,n00000217,Psychotherapy Ethics and Clinical Practice Standards,1,0.984388,0,0,0
2778,Psychology,142,80,0,387.61524244,387.61524244,n00000218,Developmental and Social Psychological Mechanisms,1,0.759948,0,0,0
2783,Psychology,39,22,0,395.59132300,395.59132300,n00000215,Developmental and Personality Theories in Psychology,1,0.999166,0,0,0
2784,Psychology,84,47,0,383.32262066,383.32262066,n00000219,Organizational Behavior and Work Motivation Theories,1,0.878019,0,0,0
2787,Psychology,149,84,0,384.63710895,384.63710895,n00000222,Cognitive and Perceptual Learning Mechanisms,1,0.875972,0,1,1
2789,Psychology,129,73,0,375.85084310,375.85084310,n00000124,Molecular Biology and Genetic Engineering Mechanisms,1,0.583610,0,0,0
2795,Psychology,83,47,0,380.80278477,380.80278477,n00000218,Developmental and Social Psychological Mechanisms,1,0.742546,0,0,0
2799,Psychology,79,45,0,395.59845859,395.59845859,n00000216,Psychopathology and Clinical Assessment Theories,1,0.935878,0,0,0
2800,Psychology,50,29,0,395.36557893,395.36557893,n00000215,Developmental and Personality Theories in Psychology,1,0.994782,0,0,0
2802,Psychology,72,41,0,384.26980902,384.26980902,n00000216,Psychopathology and Clinical Assessment Theories,1,0.995157,0,0,0
