question_id,category,leaf_id,leaf_label,weight,n_leaves
552,"Business",n00000219,"Applied Business Percentage Calculations",0,000000,1
12029,"Engineering",n00000037,"Forced Convection Heat Transfer Analysis",0,000000,1
5901,"Other",n00000166,"Discriminative Statement Verification Tasks",0,000000,1
8934,"Math",n00000147,"Advanced Limit and Differential Equation Analysis",0,000000,1
4167,"Chemistry",n00000694,"Charged Particle Dynamics in Electromagnetic Fields",0,000000,1
5214,"Other",n00000076,"Security Dilemmas and State Sovereignty Frameworks",0,000000,1
2501,"Psychology",n00000237,"Behavioral and Cognitive Response Mechanisms",0,000000,1
3214,"Biology",n00000180,"Cellular Physiology and Systemic Integration",-0,560441,2
3214,"Biology",n00000181,"Molecular Biology of Macromolecules and Enzymes",-0,846199,2
8606,"Math",n00000147,"Advanced Limit and Differential Equation Analysis",0,000000,1
9024,"Math",n00000145,"Applied Linear Algebra and Multivariable Calculus",0,000000,1
8643,"Math",n00000145,"Applied Linear Algebra and Multivariable Calculus",0,000000,1
10319,"Physics",n00000155,"Gravitational Field and Orbital Mechanics Analysis",0,000000,1
10345,"Physics",n00000065,"Geometric Optics of Thin Lenses and Systems",0,000000,1
3568,"Chemistry",n00000157,"Quantum Photoelectric and Particle-Wave Duality Problems",0,000000,1
7546,"Economics",n00000190,"Monetary Policy Mechanisms and Money Supply Dynamics",0,000000,1
7417,"Economics",n00000523,"Fiscal Policy Multiplier Mechanisms",0,000000,1
5440,"Other",n00000524,"Macroeconomic Growth and Productivity Metrics",0,000000,1
6018,"Health",n00000079,"Demographic and Societal Indicators Analysis",-0,692913,2
6018,"Health",n00000166,"Discriminative Statement Verification Tasks",-0,693381,2
6224,"Health",n00000080,"Human Anatomy and Physiological Function",0,000000,1
9489,"Physics",n00000092,"Nuclear and Radioactive Decay Calculations",0,000000,1
4847,"History",n00000104,"Colonial Encounter Justifications and Consequences",0,000000,1
4908,"History",n00000033,"Archaeological and Evolutionary Anthropology",0,000000,1
2124,"Psychology",n00000105,"Cognitive Processes in Learning and Memory",-0,481082,2
2124,"Psychology",n00000172,"Psychometric Test Validity and Reliability Principles",-0,962634,2
6726,"Health",n00000080,"Human Anatomy and Physiological Function",-0,588821,2
6726,"Health",n00000169,"Pathophysiology and Disease Mechanism Fundamentals",-0,809639,2
11535,"Engineering",n00000037,"Forced Convection Heat Transfer Analysis",0,000000,1
11744,"Engineering",n00000037,"Forced Convection Heat Transfer Analysis",0,000000,1
10322,"Physics",n00000177,"Electrical Circuit Power and Energy Dynamics",0,000000,1
3177,"Biology",n00000180,"Cellular Physiology and Systemic Integration",0,000000,1
3049,"Biology",n00000182,"Population Genetics and Evolutionary Mechanisms",0,000000,1
8388,"Math",n00000219,"Applied Business Percentage Calculations",0,000000,1
5350,"Other",n00000426,"Business Financial Calculations and Insurance Mathematics",0,000000,1
10452,"Computer science",n00000238,"Machine Learning Model Properties and Tradeoffs",-0,476696,2
10452,"Computer science",n00000239,"Econometric Time Series Model Diagnostics",-0,969774,2
8369,"Math",n00000147,"Advanced Limit and Differential Equation Analysis",-0,515961,2
8369,"Math",n00000126,"Logical Statement Verification in Algebraic Structures",-0,908637,2
8935,"Math",n00000147,"Advanced Limit and Differential Equation Analysis",0,000000,1
8204,"Math",n00000146,"Applied Integral and Transform Methods",0,000000,1
10544,"Computer science",n00000145,"Applied Linear Algebra and Multivariable Calculus",-0,607337,2
10544,"Computer science",n00000295,"Elementary Arithmetic Operations and Applications",-0,787017,2
8824,"Math",n00000144,"Advanced Algebraic Function Analysis",0,000000,1
8108,"Math",n00000186,"Fundamental Statistical Inference Principles",-0,639087,2
8108,"Math",n00000149,"Normal Distribution Probability Applications",-0,750297,2
3020,"Biology",n00000148,"Discrete Probability Event Calculations",0,000000,1
8685,"Math",n00000224,"Applied Quantitative Problem Solving",0,000000,1
7823,"Math",n00000224,"Applied Quantitative Problem Solving",0,000000,1
8021,"Math",n00000224,"Applied Quantitative Problem Solving",0,000000,1
8468,"Math",n00000224,"Applied Quantitative Problem Solving",0,000000,1
8303,"Math",n00000151,"Advanced Combinatorial Partitioning and Counting",0,000000,1
7877,"Math",n00000152,"Applied Newtonian Mechanics and Work Calculations",0,000000,1
9994,"Physics",n00000092,"Nuclear and Radioactive Decay Calculations",0,000000,1
10277,"Physics",n00000065,"Geometric Optics of Thin Lenses and Systems",0,000000,1
10289,"Physics",n00000065,"Geometric Optics of Thin Lenses and Systems",0,000000,1
6866,"Economics",n00000523,"Fiscal Policy Multiplier Mechanisms",0,000000,1
7423,"Economics",n00000524,"Macroeconomic Growth and Productivity Metrics",0,000000,1
7065,"Economics",n00000239,"Econometric Time Series Model Diagnostics",0,000000,1
7671,"Economics",n00000158,"Microeconomic Production and Distribution Theory",0,000000,1
7392,"Economics",n00000159,"Applied Microeconomic Frameworks and Policy Instruments",0,000000,1
7382,"Economics",n00000158,"Microeconomic Production and Distribution Theory",0,000000,1
7008,"Economics",n00000079,"Demographic and Societal Indicators Analysis",-0,317964,2
7008,"Economics",n00000033,"Archaeological and Evolutionary Anthropology",-1,300589,2
5544,"Other",n00000166,"Discriminative Statement Verification Tasks",0,000000,1
5956,"Other",n00000169,"Pathophysiology and Disease Mechanism Fundamentals",-0,593154,2
5956,"Other",n00000079,"Demographic and Societal Indicators Analysis",-0,804261,2
5962,"Other",n00000079,"Demographic and Societal Indicators Analysis",0,000000,1
6742,"Health",n00000082,"Emergency Acute Clinical Presentations and Management",0,000000,1
6252,"Health",n00000082,"Emergency Acute Clinical Presentations and Management",0,000000,1
6446,"Health",n00000082,"Emergency Acute Clinical Presentations and Management",0,000000,1
6439,"Health",n00000083,"Diagnostic and Therapeutic Decision Making in Complex Clinical Scenarios",0,000000,1
6355,"Health",n00000080,"Human Anatomy and Physiological Function",0,000000,1
2296,"Psychology",n00000080,"Human Anatomy and Physiological Function",0,000000,1
5599,"Other",n00000080,"Human Anatomy and Physiological Function",0,000000,1
4062,"Chemistry",n00000192,"Aqueous Acid Base Equilibrium Calculations",0,000000,1
4072,"Chemistry",n00000192,"Aqueous Acid Base Equilibrium Calculations",0,000000,1
4132,"Chemistry",n00000192,"Aqueous Acid Base Equilibrium Calculations",0,000000,1
9413,"Physics",n00000157,"Quantum Photoelectric and Particle-Wave Duality Problems",0,000000,1
3657,"Chemistry",n00000030,"Thermodynamic Process Calculations in Real and Ideal Gases",0,000000,1
3858,"Chemistry",n00000092,"Nuclear and Radioactive Decay Calculations",0,000000,1
3649,"Chemistry",n00000030,"Thermodynamic Process Calculations in Real and Ideal Gases",0,000000,1
4729,"History",n00000033,"Archaeological and Evolutionary Anthropology",-0,574044,2
4729,"History",n00000104,"Colonial Encounter Justifications and Consequences",-0,828379,2
4859,"History",n00000104,"Colonial Encounter Justifications and Consequences",0,000000,1
4999,"History",n00000033,"Archaeological and Evolutionary Anthropology",0,000000,1
2240,"Psychology",n00000105,"Cognitive Processes in Learning and Memory",0,000000,1
2312,"Psychology",n00000105,"Cognitive Processes in Learning and Memory",0,000000,1
2268,"Psychology",n00000173,"Organizational and Social Psychological Theories of Behavior",0,000000,1
2556,"Psychology",n00000237,"Behavioral and Cognitive Response Mechanisms",0,000000,1
9953,"Physics",n00000030,"Thermodynamic Process Calculations in Real and Ideal Gases",0,000000,1
11987,"Engineering",n00000037,"Forced Convection Heat Transfer Analysis",0,000000,1
11800,"Engineering",n00000037,"Forced Convection Heat Transfer Analysis",0,000000,1
11343,"Engineering",n00000124,"Information Theory and Coding Fundamentals",0,000000,1
11410,"Engineering",n00000118,"Mechanical Power Transmission Design Calculations",0,000000,1
11393,"Engineering",n00000176,"Electrical Machine Performance and Efficiency Analysis",0,000000,1
5624,"Other",n00000166,"Discriminative Statement Verification Tasks",0,000000,1
2941,"Biology",n00000179,"Biological Response Mechanisms and Environmental Interactions",-0,310150,2
2941,"Biology",n00000178,"Comparative Evolutionary and Physiological Adaptations",-1,321771,2
272,"Business",n00000425,"Investment Valuation and Yield Analysis",0,000000,1
580,"Business",n00000218,"Business Profit Optimization and Cost Modeling",0,000000,1
8029,"Math",n00000219,"Applied Business Percentage Calculations",0,000000,1
8287,"Math",n00000224,"Applied Quantitative Problem Solving",0,000000,1
152,"Business",n00000217,"Retail Pricing Markup and Discount Analysis",0,000000,1
7897,"Math",n00000126,"Logical Statement Verification in Algebraic Structures",0,000000,1
1733,"Law",n00000189,"Real Property Interest Disputes and Transfers",0,000000,1
5139,"Other",n00000220,"Admissibility of Prior Incidents and Statements in Negligence Litigation",-0,414684,2
5139,"Other",n00000221,"Criminal Liability and Defenses in Unintended Outcomes",-1,080426,2
1019,"Law",n00000220,"Admissibility of Prior Incidents and Statements in Negligence Litigation",0,000000,1
1026,"Law",n00000220,"Admissibility of Prior Incidents and Statements in Negligence Litigation",0,000000,1
934,"Law",n00000220,"Admissibility of Prior Incidents and Statements in Negligence Litigation",0,000000,1
11030,"Philosophy",n00000138,"Philosophical and Legal Concept Definition",0,000000,1
11019,"Philosophy",n00000137,"Foundational Moral Theory Principles and Critiques",0,000000,1
11061,"Philosophy",n00000138,"Philosophical and Legal Concept Definition",-0,613777,2
11061,"Philosophy",n00000139,"Normative Ethical and Legal Argumentation Frameworks",-0,779364,2
10834,"Philosophy",n00000055,"Formal Logical Argument Validation",0,000000,1
8064,"Math",n00000144,"Advanced Algebraic Function Analysis",0,000000,1
8808,"Math",n00000147,"Advanced Limit and Differential Equation Analysis",0,000000,1
7853,"Math",n00000144,"Advanced Algebraic Function Analysis",0,000000,1
7863,"Math",n00000145,"Applied Linear Algebra and Multivariable Calculus",0,000000,1
7787,"Math",n00000145,"Applied Linear Algebra and Multivariable Calculus",0,000000,1
9016,"Math",n00000145,"Applied Linear Algebra and Multivariable Calculus",0,000000,1
7984,"Math",n00000145,"Applied Linear Algebra and Multivariable Calculus",0,000000,1
10678,"Computer science",n00000145,"Applied Linear Algebra and Multivariable Calculus",0,000000,1
8612,"Math",n00000146,"Applied Integral and Transform Methods",0,000000,1
7770,"Math",n00000147,"Advanced Limit and Differential Equation Analysis",0,000000,1
9037,"Math",n00000146,"Applied Integral and Transform Methods",0,000000,1
9008,"Math",n00000147,"Advanced Limit and Differential Equation Analysis",-0,609163,2
9008,"Math",n00000146,"Applied Integral and Transform Methods",-0,784837,2
8297,"Math",n00000146,"Applied Integral and Transform Methods",-0,354046,2
8297,"Math",n00000147,"Advanced Limit and Differential Equation Analysis",-1,210133,2
9022,"Math",n00000146,"Applied Integral and Transform Methods",0,000000,1
7962,"Math",n00000146,"Applied Integral and Transform Methods",0,000000,1
12183,"Engineering",n00000146,"Applied Integral and Transform Methods",0,000000,1
8207,"Math",n00000296,"Comparative Numerical and Geometric Ordering Principles",0,000000,1
8907,"Math",n00000295,"Elementary Arithmetic Operations and Applications",0,000000,1
8564,"Math",n00000295,"Elementary Arithmetic Operations and Applications",0,000000,1
9014,"Math",n00000151,"Advanced Combinatorial Partitioning and Counting",0,000000,1
157,"Business",n00000224,"Applied Quantitative Problem Solving",0,000000,1
7861,"Math",n00000151,"Advanced Combinatorial Partitioning and Counting",0,000000,1
10462,"Computer science",n00000151,"Advanced Combinatorial Partitioning and Counting",0,000000,1
10675,"Computer science",n00000151,"Advanced Combinatorial Partitioning and Counting",0,000000,1
3235,"Biology",n00000149,"Normal Distribution Probability Applications",0,000000,1
9262,"Physics",n00000155,"Gravitational Field and Orbital Mechanics Analysis",0,000000,1
9419,"Physics",n00000693,"Electrostatic Field and Charge Distribution Analysis",0,000000,1
9375,"Physics",n00000693,"Electrostatic Field and Charge Distribution Analysis",0,000000,1
10157,"Physics",n00000177,"Electrical Circuit Power and Energy Dynamics",-0,589841,2
10157,"Physics",n00000694,"Charged Particle Dynamics in Electromagnetic Fields",-0,808368,2
9464,"Physics",n00000694,"Charged Particle Dynamics in Electromagnetic Fields",0,000000,1
9484,"Physics",n00000693,"Electrostatic Field and Charge Distribution Analysis",0,000000,1
9928,"Physics",n00000694,"Charged Particle Dynamics in Electromagnetic Fields",0,000000,1
12224,"Engineering",n00000694,"Charged Particle Dynamics in Electromagnetic Fields",0,000000,1
10300,"Physics",n00000152,"Applied Newtonian Mechanics and Work Calculations",0,000000,1
9117,"Physics",n00000152,"Applied Newtonian Mechanics and Work Calculations",0,000000,1
5536,"Other",n00000177,"Electrical Circuit Power and Energy Dynamics",0,000000,1
9795,"Physics",n00000152,"Applied Newtonian Mechanics and Work Calculations",0,000000,1
9623,"Physics",n00000152,"Applied Newtonian Mechanics and Work Calculations",0,000000,1
4458,"Chemistry",n00000152,"Applied Newtonian Mechanics and Work Calculations",-0,547658,2
4458,"Chemistry",n00000227,"Special Relativity Kinematic Effects",-0,863467,2
9847,"Physics",n00000226,"Kinematic Motion Analysis and Problem Solving",0,000000,1
8198,"Math",n00000226,"Kinematic Motion Analysis and Problem Solving",0,000000,1
9100,"Physics",n00000226,"Kinematic Motion Analysis and Problem Solving",0,000000,1
9649,"Physics",n00000226,"Kinematic Motion Analysis and Problem Solving",0,000000,1
9541,"Physics",n00000226,"Kinematic Motion Analysis and Problem Solving",0,000000,1
5329,"Other",n00000227,"Special Relativity Kinematic Effects",0,000000,1
10028,"Physics",n00000157,"Quantum Photoelectric and Particle-Wave Duality Problems",0,000000,1
3646,"Chemistry",n00000157,"Quantum Photoelectric and Particle-Wave Duality Problems",0,000000,1
4178,"Chemistry",n00000157,"Quantum Photoelectric and Particle-Wave Duality Problems",0,000000,1
9159,"Physics",n00000235,"Wave Propagation and Antenna Parameters",0,000000,1
9426,"Physics",n00000235,"Wave Propagation and Antenna Parameters",0,000000,1
10295,"Physics",n00000234,"Optical Interference and Thin Film Phenomena",0,000000,1
9382,"Physics",n00000235,"Wave Propagation and Antenna Parameters",0,000000,1
10280,"Physics",n00000065,"Geometric Optics of Thin Lenses and Systems",-0,589661,2
10280,"Physics",n00000234,"Optical Interference and Thin Film Phenomena",-0,808592,2
9733,"Physics",n00000180,"Cellular Physiology and Systemic Integration",-0,433894,2
9733,"Physics",n00000234,"Optical Interference and Thin Film Phenomena",-1,044070,2
4268,"Chemistry",n00000234,"Optical Interference and Thin Film Phenomena",0,000000,1
9757,"Physics",n00000065,"Geometric Optics of Thin Lenses and Systems",0,000000,1
6832,"Economics",n00000523,"Fiscal Policy Multiplier Mechanisms",0,000000,1
6955,"Economics",n00000524,"Macroeconomic Growth and Productivity Metrics",0,000000,1
6971,"Economics",n00000524,"Macroeconomic Growth and Productivity Metrics",0,000000,1
5533,"Other",n00000524,"Macroeconomic Growth and Productivity Metrics",-0,306844,2
5533,"Other",n00000079,"Demographic and Societal Indicators Analysis",-1,330917,2
7153,"Economics",n00000190,"Monetary Policy Mechanisms and Money Supply Dynamics",0,000000,1
7393,"Economics",n00000190,"Monetary Policy Mechanisms and Money Supply Dynamics",0,000000,1
6987,"Economics",n00000252,"Market Structure Efficiency and Welfare Analysis",-0,422142,2
6987,"Economics",n00000253,"Market Price Determination and Elasticity Analysis",-1,066071,2
832,"Business",n00000218,"Business Profit Optimization and Cost Modeling",0,000000,1
7617,"Economics",n00000159,"Applied Microeconomic Frameworks and Policy Instruments",-0,668935,2
7617,"Economics",n00000158,"Microeconomic Production and Distribution Theory",-0,717960,2
10564,"Computer science",n00000076,"Security Dilemmas and State Sovereignty Frameworks",-0,437676,2
10564,"Computer science",n00000077,"Exclusion Criteria in Business Frameworks",-1,037146,2
7171,"Economics",n00000077,"Exclusion Criteria in Business Frameworks",0,000000,1
5912,"Other",n00000077,"Exclusion Criteria in Business Frameworks",-0,485556,2
5912,"Other",n00000172,"Psychometric Test Validity and Reliability Principles",-0,955435,2
5918,"Other",n00000077,"Exclusion Criteria in Business Frameworks",-0,599950,2
5918,"Other",n00000172,"Psychometric Test Validity and Reliability Principles",-0,795931,2
5269,"Other",n00000077,"Exclusion Criteria in Business Frameworks",0,000000,1
2383,"Psychology",n00000173,"Organizational and Social Psychological Theories of Behavior",0,000000,1
2754,"Psychology",n00000077,"Exclusion Criteria in Business Frameworks",0,000000,1
441,"Business",n00000077,"Exclusion Criteria in Business Frameworks",0,000000,1
126,"Business",n00000139,"Normative Ethical and Legal Argumentation Frameworks",0,000000,1
1056,"Law",n00000077,"Exclusion Criteria in Business Frameworks",0,000000,1
5361,"Other",n00000077,"Exclusion Criteria in Business Frameworks",-0,557016,2
5361,"Other",n00000079,"Demographic and Societal Indicators Analysis",-0,850774,2
5462,"Other",n00000079,"Demographic and Societal Indicators Analysis",0,000000,1
5482,"Other",n00000079,"Demographic and Societal Indicators Analysis",0,000000,1
5611,"Other",n00000079,"Demographic and Societal Indicators Analysis",0,000000,1
5514,"Other",n00000166,"Discriminative Statement Verification Tasks",0,000000,1
10971,"Philosophy",n00000166,"Discriminative Statement Verification Tasks",0,000000,1
5098,"Other",n00000033,"Archaeological and Evolutionary Anthropology",-0,548052,2
5098,"Other",n00000167,"Cultural and Media Trivia Identification",-0,862927,2
5318,"Other",n00000167,"Cultural and Media Trivia Identification",0,000000,1
6129,"Health",n00000168,"Nutrient Metabolism and Bioenergetics Fundamentals",0,000000,1
3218,"Biology",n00000168,"Nutrient Metabolism and Bioenergetics Fundamentals",0,000000,1
5740,"Other",n00000169,"Pathophysiology and Disease Mechanism Fundamentals",0,000000,1
6699,"Health",n00000169,"Pathophysiology and Disease Mechanism Fundamentals",0,000000,1
6393,"Health",n00000169,"Pathophysiology and Disease Mechanism Fundamentals",0,000000,1
5748,"Other",n00000080,"Human Anatomy and Physiological Function",0,000000,1
5807,"Other",n00000080,"Human Anatomy and Physiological Function",0,000000,1
6143,"Health",n00000080,"Human Anatomy and Physiological Function",0,000000,1
6798,"Health",n00000082,"Emergency Acute Clinical Presentations and Management",0,000000,1
3934,"Chemistry",n00000171,"Molecular Kinetic and Bonding Properties",-0,503769,2
3934,"Chemistry",n00000092,"Nuclear and Radioactive Decay Calculations",-0,926970,2
2955,"Biology",n00000092,"Nuclear and Radioactive Decay Calculations",0,000000,1
9778,"Physics",n00000092,"Nuclear and Radioactive Decay Calculations",0,000000,1
4047,"Chemistry",n00000255,"Chemical Equilibrium and Electrochemical Stoichiometry",0,000000,1
4217,"Chemistry",n00000255,"Chemical Equilibrium and Electrochemical Stoichiometry",0,000000,1
3787,"Chemistry",n00000170,"Molecular Spectroscopy and Thermodynamic Partition Functions",0,000000,1
4346,"Chemistry",n00000170,"Molecular Spectroscopy and Thermodynamic Partition Functions",0,000000,1
4195,"Chemistry",n00000254,"Colligative Properties and Molecular Weight Determination",0,000000,1
4467,"Chemistry",n00000192,"Aqueous Acid Base Equilibrium Calculations",0,000000,1
3666,"Chemistry",n00000192,"Aqueous Acid Base Equilibrium Calculations",0,000000,1
4372,"Chemistry",n00000192,"Aqueous Acid Base Equilibrium Calculations",0,000000,1
4236,"Chemistry",n00000192,"Aqueous Acid Base Equilibrium Calculations",0,000000,1
9688,"Physics",n00000030,"Thermodynamic Process Calculations in Real and Ideal Gases",0,000000,1
9775,"Physics",n00000170,"Molecular Spectroscopy and Thermodynamic Partition Functions",0,000000,1
9071,"Physics",n00000030,"Thermodynamic Process Calculations in Real and Ideal Gases",0,000000,1
10004,"Physics",n00000030,"Thermodynamic Process Calculations in Real and Ideal Gases",0,000000,1
3561,"Chemistry",n00000030,"Thermodynamic Process Calculations in Real and Ideal Gases",0,000000,1
3622,"Chemistry",n00000255,"Chemical Equilibrium and Electrochemical Stoichiometry",0,000000,1
4060,"Chemistry",n00000030,"Thermodynamic Process Calculations in Real and Ideal Gases",0,000000,1
4572,"Chemistry",n00000254,"Colligative Properties and Molecular Weight Determination",0,000000,1
4261,"Chemistry",n00000170,"Molecular Spectroscopy and Thermodynamic Partition Functions",0,000000,1
4492,"Chemistry",n00000030,"Thermodynamic Process Calculations in Real and Ideal Gases",0,000000,1
3868,"Chemistry",n00000030,"Thermodynamic Process Calculations in Real and Ideal Gases",0,000000,1
3922,"Chemistry",n00000030,"Thermodynamic Process Calculations in Real and Ideal Gases",0,000000,1
11590,"Engineering",n00000030,"Thermodynamic Process Calculations in Real and Ideal Gases",0,000000,1
12062,"Engineering",n00000030,"Thermodynamic Process Calculations in Real and Ideal Gases",0,000000,1
4996,"History",n00000033,"Archaeological and Evolutionary Anthropology",0,000000,1
4843,"History",n00000033,"Archaeological and Evolutionary Anthropology",0,000000,1
4869,"History",n00000033,"Archaeological and Evolutionary Anthropology",0,000000,1
4965,"History",n00000033,"Archaeological and Evolutionary Anthropology",0,000000,1
11245,"Philosophy",n00000033,"Archaeological and Evolutionary Anthropology",0,000000,1
4944,"History",n00000104,"Colonial Encounter Justifications and Consequences",0,000000,1
4812,"History",n00000104,"Colonial Encounter Justifications and Consequences",0,000000,1
4777,"History",n00000033,"Archaeological and Evolutionary Anthropology",0,000000,1
6459,"Health",n00000236,"Historical and Theoretical Personality Frameworks",-0,494076,2
6459,"Health",n00000107,"Psychotherapy Techniques and Ethical Practices",-0,941954,2
2069,"Psychology",n00000107,"Psychotherapy Techniques and Ethical Practices",0,000000,1
2477,"Psychology",n00000107,"Psychotherapy Techniques and Ethical Practices",0,000000,1
2695,"Psychology",n00000107,"Psychotherapy Techniques and Ethical Practices",0,000000,1
2344,"Psychology",n00000175,"Developmental Psychology and Attachment Theory",0,000000,1
2330,"Psychology",n00000237,"Behavioral and Cognitive Response Mechanisms",-0,348753,2
2330,"Psychology",n00000236,"Historical and Theoretical Personality Frameworks",-1,222705,2
2483,"Psychology",n00000105,"Cognitive Processes in Learning and Memory",-0,632832,2
2483,"Psychology",n00000175,"Developmental Psychology and Attachment Theory",-0,757335,2
314,"Business",n00000237,"Behavioral and Cognitive Response Mechanisms",0,000000,1
2040,"Psychology",n00000105,"Cognitive Processes in Learning and Memory",0,000000,1
2723,"Psychology",n00000105,"Cognitive Processes in Learning and Memory",0,000000,1
6469,"Health",n00000172,"Psychometric Test Validity and Reliability Principles",0,000000,1
2148,"Psychology",n00000172,"Psychometric Test Validity and Reliability Principles",0,000000,1
2004,"Psychology",n00000105,"Cognitive Processes in Learning and Memory",0,000000,1
2263,"Psychology",n00000105,"Cognitive Processes in Learning and Memory",0,000000,1
2314,"Psychology",n00000172,"Psychometric Test Validity and Reliability Principles",0,000000,1
2769,"Psychology",n00000173,"Organizational and Social Psychological Theories of Behavior",0,000000,1
2721,"Psychology",n00000172,"Psychometric Test Validity and Reliability Principles",0,000000,1
2568,"Psychology",n00000173,"Organizational and Social Psychological Theories of Behavior",0,000000,1
5771,"Other",n00000172,"Psychometric Test Validity and Reliability Principles",0,000000,1
2503,"Psychology",n00000172,"Psychometric Test Validity and Reliability Principles",0,000000,1
572,"Business",n00000173,"Organizational and Social Psychological Theories of Behavior",-0,448567,2
572,"Business",n00000137,"Foundational Moral Theory Principles and Critiques",-1,017610,2
11546,"Engineering",n00000118,"Mechanical Power Transmission Design Calculations",0,000000,1
9536,"Physics",n00000176,"Electrical Machine Performance and Efficiency Analysis",0,000000,1
11920,"Engineering",n00000176,"Electrical Machine Performance and Efficiency Analysis",0,000000,1
11678,"Engineering",n00000176,"Electrical Machine Performance and Efficiency Analysis",0,000000,1
11928,"Engineering",n00000176,"Electrical Machine Performance and Efficiency Analysis",0,000000,1
11603,"Engineering",n00000176,"Electrical Machine Performance and Efficiency Analysis",0,000000,1
11996,"Engineering",n00000176,"Electrical Machine Performance and Efficiency Analysis",-0,417129,2
11996,"Engineering",n00000118,"Mechanical Power Transmission Design Calculations",-1,075685,2
9889,"Physics",n00000177,"Electrical Circuit Power and Energy Dynamics",0,000000,1
11776,"Engineering",n00000177,"Electrical Circuit Power and Energy Dynamics",0,000000,1
7776,"Math",n00000037,"Forced Convection Heat Transfer Analysis",0,000000,1
11879,"Engineering",n00000037,"Forced Convection Heat Transfer Analysis",0,000000,1
12171,"Engineering",n00000037,"Forced Convection Heat Transfer Analysis",0,000000,1
11488,"Engineering",n00000037,"Forced Convection Heat Transfer Analysis",0,000000,1
12202,"Engineering",n00000037,"Forced Convection Heat Transfer Analysis",0,000000,1
11912,"Engineering",n00000037,"Forced Convection Heat Transfer Analysis",0,000000,1
11565,"Engineering",n00000037,"Forced Convection Heat Transfer Analysis",0,000000,1
11724,"Engineering",n00000037,"Forced Convection Heat Transfer Analysis",0,000000,1
11425,"Engineering",n00000037,"Forced Convection Heat Transfer Analysis",0,000000,1
3031,"Biology",n00000179,"Biological Response Mechanisms and Environmental Interactions",0,000000,1
3393,"Biology",n00000179,"Biological Response Mechanisms and Environmental Interactions",0,000000,1
3273,"Biology",n00000178,"Comparative Evolutionary and Physiological Adaptations",0,000000,1
4761,"History",n00000178,"Comparative Evolutionary and Physiological Adaptations",0,000000,1
2302,"Psychology",n00000179,"Biological Response Mechanisms and Environmental Interactions",0,000000,1
3406,"Biology",n00000178,"Comparative Evolutionary and Physiological Adaptations",0,000000,1
3436,"Biology",n00000180,"Cellular Physiology and Systemic Integration",0,000000,1
3516,"Biology",n00000181,"Molecular Biology of Macromolecules and Enzymes",-0,689744,2
3516,"Biology",n00000180,"Cellular Physiology and Systemic Integration",-0,696562,2
6198,"Health",n00000181,"Molecular Biology of Macromolecules and Enzymes",0,000000,1
3509,"Biology",n00000181,"Molecular Biology of Macromolecules and Enzymes",0,000000,1
3207,"Biology",n00000181,"Molecular Biology of Macromolecules and Enzymes",0,000000,1
3379,"Biology",n00000181,"Molecular Biology of Macromolecules and Enzymes",0,000000,1
6162,"Health",n00000121,"Mendelian and Quantitative Genetic Inheritance Patterns",0,000000,1
3012,"Biology",n00000121,"Mendelian and Quantitative Genetic Inheritance Patterns",0,000000,1
2987,"Biology",n00000182,"Population Genetics and Evolutionary Mechanisms",0,000000,1
8562,"Math",n00000219,"Applied Business Percentage Calculations",0,000000,1
8134,"Math",n00000219,"Applied Business Percentage Calculations",0,000000,1
5168,"Other",n00000219,"Applied Business Percentage Calculations",0,000000,1
422,"Business",n00000219,"Applied Business Percentage Calculations",0,000000,1
7037,"Economics",n00000426,"Business Financial Calculations and Insurance Mathematics",0,000000,1
107,"Business",n00000219,"Applied Business Percentage Calculations",0,000000,1
818,"Business",n00000219,"Applied Business Percentage Calculations",0,000000,1
613,"Business",n00000426,"Business Financial Calculations and Insurance Mathematics",0,000000,1
341,"Business",n00000219,"Applied Business Percentage Calculations",0,000000,1
8094,"Math",n00000403,"Consumer Loan Interest Calculation Methods",0,000000,1
5850,"Other",n00000426,"Business Financial Calculations and Insurance Mathematics",0,000000,1
534,"Business",n00000403,"Consumer Loan Interest Calculation Methods",0,000000,1
8778,"Math",n00000126,"Logical Statement Verification in Algebraic Structures",0,000000,1
8666,"Math",n00000186,"Fundamental Statistical Inference Principles",0,000000,1
6909,"Economics",n00000186,"Fundamental Statistical Inference Principles",0,000000,1
10653,"Computer science",n00000238,"Machine Learning Model Properties and Tradeoffs",0,000000,1
8663,"Math",n00000186,"Fundamental Statistical Inference Principles",0,000000,1
7179,"Economics",n00000239,"Econometric Time Series Model Diagnostics",0,000000,1
6990,"Economics",n00000239,"Econometric Time Series Model Diagnostics",0,000000,1
11498,"Engineering",n00000124,"Information Theory and Coding Fundamentals",0,000000,1
10685,"Computer science",n00000124,"Information Theory and Coding Fundamentals",0,000000,1
10435,"Computer science",n00000234,"Optical Interference and Thin Film Phenomena",-0,595420,2
10435,"Computer science",n00000124,"Information Theory and Coding Fundamentals",-0,801470,2
10622,"Computer science",n00000185,"Fundamental Computing and Electrical Principles",0,000000,1
8057,"Math",n00000126,"Logical Statement Verification in Algebraic Structures",0,000000,1
11890,"Engineering",n00000124,"Information Theory and Coding Fundamentals",-0,617098,2
11890,"Engineering",n00000185,"Fundamental Computing and Electrical Principles",-0,775460,2
10637,"Computer science",n00000185,"Fundamental Computing and Electrical Principles",0,000000,1
1614,"Law",n00000220,"Admissibility of Prior Incidents and Statements in Negligence Litigation",0,000000,1
1329,"Law",n00000221,"Criminal Liability and Defenses in Unintended Outcomes",0,000000,1
1703,"Law",n00000128,"Constitutional Challenges to State Regulatory Laws",0,000000,1
1607,"Law",n00000128,"Constitutional Challenges to State Regulatory Laws",0,000000,1
4742,"History",n00000220,"Admissibility of Prior Incidents and Statements in Negligence Litigation",-0,528136,2
4742,"History",n00000128,"Constitutional Challenges to State Regulatory Laws",-0,890874,2
1752,"Law",n00000128,"Constitutional Challenges to State Regulatory Laws",0,000000,1
997,"Law",n00000189,"Real Property Interest Disputes and Transfers",0,000000,1
1717,"Law",n00000189,"Real Property Interest Disputes and Transfers",0,000000,1
1231,"Law",n00000188,"Contract Formation and Enforceability Disputes",0,000000,1
6781,"Health",n00000139,"Normative Ethical and Legal Argumentation Frameworks",0,000000,1
629,"Business",n00000139,"Normative Ethical and Legal Argumentation Frameworks",-0,444291,2
629,"Business",n00000137,"Foundational Moral Theory Principles and Critiques",-1,025209,2
971,"Law",n00000138,"Philosophical and Legal Concept Definition",0,000000,1
10964,"Philosophy",n00000139,"Normative Ethical and Legal Argumentation Frameworks",0,000000,1
11010,"Philosophy",n00000055,"Formal Logical Argument Validation",0,000000,1
7874,"Math",n00000146,"Applied Integral and Transform Methods",0,000000,1
8718,"Math",n00000146,"Applied Integral and Transform Methods",0,000000,1
8270,"Math",n00000147,"Advanced Limit and Differential Equation Analysis",0,000000,1
8844,"Math",n00000126,"Logical Statement Verification in Algebraic Structures",-0,513497,2
8844,"Math",n00000146,"Applied Integral and Transform Methods",-0,912297,2
8839,"Math",n00000146,"Applied Integral and Transform Methods",0,000000,1
8953,"Math",n00000146,"Applied Integral and Transform Methods",0,000000,1
7836,"Math",n00000147,"Advanced Limit and Differential Equation Analysis",0,000000,1
12106,"Engineering",n00000146,"Applied Integral and Transform Methods",0,000000,1
8527,"Math",n00000147,"Advanced Limit and Differential Equation Analysis",0,000000,1
7858,"Math",n00000147,"Advanced Limit and Differential Equation Analysis",0,000000,1
8945,"Math",n00000147,"Advanced Limit and Differential Equation Analysis",0,000000,1
8640,"Math",n00000147,"Advanced Limit and Differential Equation Analysis",0,000000,1
12028,"Engineering",n00000146,"Applied Integral and Transform Methods",0,000000,1
11934,"Engineering",n00000146,"Applied Integral and Transform Methods",0,000000,1
11408,"Engineering",n00000146,"Applied Integral and Transform Methods",0,000000,1
11734,"Engineering",n00000146,"Applied Integral and Transform Methods",0,000000,1
12008,"Engineering",n00000147,"Advanced Limit and Differential Equation Analysis",0,000000,1
8512,"Math",n00000151,"Advanced Combinatorial Partitioning and Counting",0,000000,1
8044,"Math",n00000151,"Advanced Combinatorial Partitioning and Counting",0,000000,1
8003,"Math",n00000145,"Applied Linear Algebra and Multivariable Calculus",0,000000,1
8079,"Math",n00000126,"Logical Statement Verification in Algebraic Structures",0,000000,1
8585,"Math",n00000145,"Applied Linear Algebra and Multivariable Calculus",-0,551704,2
8585,"Math",n00000144,"Advanced Algebraic Function Analysis",-0,857946,2
8001,"Math",n00000145,"Applied Linear Algebra and Multivariable Calculus",0,000000,1
8877,"Math",n00000145,"Applied Linear Algebra and Multivariable Calculus",0,000000,1
8087,"Math",n00000185,"Fundamental Computing and Electrical Principles",0,000000,1
7976,"Math",n00000144,"Advanced Algebraic Function Analysis",0,000000,1
8486,"Math",n00000145,"Applied Linear Algebra and Multivariable Calculus",-0,531515,2
8486,"Math",n00000144,"Advanced Algebraic Function Analysis",-0,886038,2
8593,"Math",n00000144,"Advanced Algebraic Function Analysis",0,000000,1
8921,"Math",n00000144,"Advanced Algebraic Function Analysis",0,000000,1
8906,"Math",n00000144,"Advanced Algebraic Function Analysis",-0,434169,2
8906,"Math",n00000296,"Comparative Numerical and Geometric Ordering Principles",-1,043564,2
7953,"Math",n00000147,"Advanced Limit and Differential Equation Analysis",0,000000,1
7945,"Math",n00000144,"Advanced Algebraic Function Analysis",0,000000,1
8495,"Math",n00000144,"Advanced Algebraic Function Analysis",0,000000,1
8815,"Math",n00000144,"Advanced Algebraic Function Analysis",0,000000,1
8453,"Math",n00000149,"Normal Distribution Probability Applications",-0,677133,2
8453,"Math",n00000296,"Comparative Numerical and Geometric Ordering Principles",-0,709422,2
7905,"Math",n00000149,"Normal Distribution Probability Applications",0,000000,1
8883,"Math",n00000149,"Normal Distribution Probability Applications",0,000000,1
7796,"Math",n00000186,"Fundamental Statistical Inference Principles",0,000000,1
8648,"Math",n00000148,"Discrete Probability Event Calculations",0,000000,1
11958,"Engineering",n00000148,"Discrete Probability Event Calculations",0,000000,1
7869,"Math",n00000151,"Advanced Combinatorial Partitioning and Counting",0,000000,1
8153,"Math",n00000151,"Advanced Combinatorial Partitioning and Counting",0,000000,1
8083,"Math",n00000151,"Advanced Combinatorial Partitioning and Counting",0,000000,1
9012,"Math",n00000151,"Advanced Combinatorial Partitioning and Counting",0,000000,1
8986,"Math",n00000224,"Applied Quantitative Problem Solving",0,000000,1
8061,"Math",n00000151,"Advanced Combinatorial Partitioning and Counting",0,000000,1
8872,"Math",n00000151,"Advanced Combinatorial Partitioning and Counting",0,000000,1
10372,"Computer science",n00000151,"Advanced Combinatorial Partitioning and Counting",0,000000,1
8456,"Math",n00000037,"Forced Convection Heat Transfer Analysis",0,000000,1
7931,"Math",n00000296,"Comparative Numerical and Geometric Ordering Principles",0,000000,1
8145,"Math",n00000224,"Applied Quantitative Problem Solving",0,000000,1
8818,"Math",n00000151,"Advanced Combinatorial Partitioning and Counting",-0,571584,2
8818,"Math",n00000224,"Applied Quantitative Problem Solving",-0,831560,2
7735,"Math",n00000224,"Applied Quantitative Problem Solving",0,000000,1
8282,"Math",n00000224,"Applied Quantitative Problem Solving",0,000000,1
8463,"Math",n00000224,"Applied Quantitative Problem Solving",0,000000,1
8458,"Math",n00000295,"Elementary Arithmetic Operations and Applications",0,000000,1
7812,"Math",n00000295,"Elementary Arithmetic Operations and Applications",0,000000,1
8140,"Math",n00000295,"Elementary Arithmetic Operations and Applications",0,000000,1
8375,"Math",n00000151,"Advanced Combinatorial Partitioning and Counting",0,000000,1
8272,"Math",n00000295,"Elementary Arithmetic Operations and Applications",0,000000,1
8569,"Math",n00000295,"Elementary Arithmetic Operations and Applications",0,000000,1
8144,"Math",n00000295,"Elementary Arithmetic Operations and Applications",0,000000,1
8901,"Math",n00000224,"Applied Quantitative Problem Solving",-0,637326,2
8901,"Math",n00000296,"Comparative Numerical and Geometric Ordering Principles",-0,752269,2
8985,"Math",n00000224,"Applied Quantitative Problem Solving",0,000000,1
8264,"Math",n00000295,"Elementary Arithmetic Operations and Applications",0,000000,1
8728,"Math",n00000296,"Comparative Numerical and Geometric Ordering Principles",0,000000,1
8727,"Math",n00000296,"Comparative Numerical and Geometric Ordering Principles",0,000000,1
8400,"Math",n00000296,"Comparative Numerical and Geometric Ordering Principles",0,000000,1
8243,"Math",n00000295,"Elementary Arithmetic Operations and Applications",0,000000,1
7969,"Math",n00000296,"Comparative Numerical and Geometric Ordering Principles",0,000000,1
10320,"Physics",n00000155,"Gravitational Field and Orbital Mechanics Analysis",0,000000,1
9691,"Physics",n00000226,"Kinematic Motion Analysis and Problem Solving",0,000000,1
10174,"Physics",n00000155,"Gravitational Field and Orbital Mechanics Analysis",0,000000,1
9646,"Physics",n00000155,"Gravitational Field and Orbital Mechanics Analysis",0,000000,1
9211,"Physics",n00000155,"Gravitational Field and Orbital Mechanics Analysis",0,000000,1
9309,"Physics",n00000155,"Gravitational Field and Orbital Mechanics Analysis",0,000000,1
8765,"Math",n00000226,"Kinematic Motion Analysis and Problem Solving",0,000000,1
10044,"Physics",n00000152,"Applied Newtonian Mechanics and Work Calculations",0,000000,1
10045,"Physics",n00000152,"Applied Newtonian Mechanics and Work Calculations",0,000000,1
10124,"Physics",n00000152,"Applied Newtonian Mechanics and Work Calculations",0,000000,1
10271,"Physics",n00000226,"Kinematic Motion Analysis and Problem Solving",0,000000,1
9103,"Physics",n00000152,"Applied Newtonian Mechanics and Work Calculations",-0,313198,2
9103,"Physics",n00000226,"Kinematic Motion Analysis and Problem Solving",-1,313434,2
9210,"Physics",n00000226,"Kinematic Motion Analysis and Problem Solving",0,000000,1
10113,"Physics",n00000227,"Special Relativity Kinematic Effects",0,000000,1
10158,"Physics",n00000227,"Special Relativity Kinematic Effects",0,000000,1
10247,"Physics",n00000227,"Special Relativity Kinematic Effects",0,000000,1
9305,"Physics",n00000227,"Special Relativity Kinematic Effects",-0,388580,2
9305,"Physics",n00000235,"Wave Propagation and Antenna Parameters",-1,133262,2
9278,"Physics",n00000226,"Kinematic Motion Analysis and Problem Solving",0,000000,1
9721,"Physics",n00000226,"Kinematic Motion Analysis and Problem Solving",0,000000,1
9099,"Physics",n00000226,"Kinematic Motion Analysis and Problem Solving",-0,581597,2
9099,"Physics",n00000227,"Special Relativity Kinematic Effects",-0,818721,2
9411,"Physics",n00000226,"Kinematic Motion Analysis and Problem Solving",0,000000,1
3779,"Chemistry",n00000227,"Special Relativity Kinematic Effects",0,000000,1
10215,"Physics",n00000694,"Charged Particle Dynamics in Electromagnetic Fields",0,000000,1
9234,"Physics",n00000693,"Electrostatic Field and Charge Distribution Analysis",0,000000,1
9454,"Physics",n00000694,"Charged Particle Dynamics in Electromagnetic Fields",0,000000,1
9485,"Physics",n00000693,"Electrostatic Field and Charge Distribution Analysis",0,000000,1
9058,"Physics",n00000234,"Optical Interference and Thin Film Phenomena",0,000000,1
9963,"Physics",n00000693,"Electrostatic Field and Charge Distribution Analysis",0,000000,1
10274,"Physics",n00000693,"Electrostatic Field and Charge Distribution Analysis",0,000000,1
11685,"Engineering",n00000693,"Electrostatic Field and Charge Distribution Analysis",0,000000,1
11687,"Engineering",n00000694,"Charged Particle Dynamics in Electromagnetic Fields",-0,516842,2
11687,"Engineering",n00000693,"Electrostatic Field and Charge Distribution Analysis",-0,907334,2
9475,"Physics",n00000157,"Quantum Photoelectric and Particle-Wave Duality Problems",0,000000,1
10269,"Physics",n00000157,"Quantum Photoelectric and Particle-Wave Duality Problems",0,000000,1
9053,"Physics",n00000157,"Quantum Photoelectric and Particle-Wave Duality Problems",0,000000,1
9791,"Physics",n00000157,"Quantum Photoelectric and Particle-Wave Duality Problems",0,000000,1
10288,"Physics",n00000157,"Quantum Photoelectric and Particle-Wave Duality Problems",0,000000,1
9835,"Physics",n00000157,"Quantum Photoelectric and Particle-Wave Duality Problems",0,000000,1
3998,"Chemistry",n00000157,"Quantum Photoelectric and Particle-Wave Duality Problems",0,000000,1
4000,"Chemistry",n00000157,"Quantum Photoelectric and Particle-Wave Duality Problems",0,000000,1
9056,"Physics",n00000157,"Quantum Photoelectric and Particle-Wave Duality Problems",0,000000,1
9428,"Physics",n00000092,"Nuclear and Radioactive Decay Calculations",0,000000,1
9085,"Physics",n00000157,"Quantum Photoelectric and Particle-Wave Duality Problems",0,000000,1
9168,"Physics",n00000227,"Special Relativity Kinematic Effects",0,000000,1
10264,"Physics",n00000155,"Gravitational Field and Orbital Mechanics Analysis",0,000000,1
4597,"Chemistry",n00000227,"Special Relativity Kinematic Effects",-0,614127,2
4597,"Chemistry",n00000157,"Quantum Photoelectric and Particle-Wave Duality Problems",-0,778952,2
10293,"Physics",n00000065,"Geometric Optics of Thin Lenses and Systems",0,000000,1
9388,"Physics",n00000065,"Geometric Optics of Thin Lenses and Systems",0,000000,1
10282,"Physics",n00000065,"Geometric Optics of Thin Lenses and Systems",0,000000,1
9724,"Physics",n00000065,"Geometric Optics of Thin Lenses and Systems",0,000000,1
8997,"Math",n00000296,"Comparative Numerical and Geometric Ordering Principles",0,000000,1
9482,"Physics",n00000234,"Optical Interference and Thin Film Phenomena",0,000000,1
9285,"Physics",n00000155,"Gravitational Field and Orbital Mechanics Analysis",0,000000,1
9793,"Physics",n00000235,"Wave Propagation and Antenna Parameters",0,000000,1
9368,"Physics",n00000155,"Gravitational Field and Orbital Mechanics Analysis",-0,400788,2
9368,"Physics",n00000234,"Optical Interference and Thin Film Phenomena",-1,108032,2
9658,"Physics",n00000234,"Optical Interference and Thin Film Phenomena",0,000000,1
11849,"Engineering",n00000235,"Wave Propagation and Antenna Parameters",0,000000,1
11360,"Engineering",n00000234,"Optical Interference and Thin Film Phenomena",0,000000,1
11964,"Engineering",n00000235,"Wave Propagation and Antenna Parameters",0,000000,1
9902,"Physics",n00000234,"Optical Interference and Thin Film Phenomena",0,000000,1
9571,"Physics",n00000234,"Optical Interference and Thin Film Phenomena",0,000000,1
9170,"Physics",n00000234,"Optical Interference and Thin Film Phenomena",0,000000,1
9569,"Physics",n00000234,"Optical Interference and Thin Film Phenomena",0,000000,1
9593,"Physics",n00000234,"Optical Interference and Thin Film Phenomena",0,000000,1
10070,"Physics",n00000234,"Optical Interference and Thin Film Phenomena",0,000000,1
3645,"Chemistry",n00000234,"Optical Interference and Thin Film Phenomena",0,000000,1
3901,"Chemistry",n00000234,"Optical Interference and Thin Film Phenomena",0,000000,1
10538,"Computer science",n00000124,"Information Theory and Coding Fundamentals",0,000000,1
6964,"Economics",n00000190,"Monetary Policy Mechanisms and Money Supply Dynamics",0,000000,1
7565,"Economics",n00000523,"Fiscal Policy Multiplier Mechanisms",0,000000,1
7387,"Economics",n00000524,"Macroeconomic Growth and Productivity Metrics",-0,424737,2
7387,"Economics",n00000523,"Fiscal Policy Multiplier Mechanisms",-1,061149,2
7484,"Economics",n00000190,"Monetary Policy Mechanisms and Money Supply Dynamics",0,000000,1
6897,"Economics",n00000159,"Applied Microeconomic Frameworks and Policy Instruments",-0,529638,2
6897,"Economics",n00000523,"Fiscal Policy Multiplier Mechanisms",-0,888719,2
7563,"Economics",n00000190,"Monetary Policy Mechanisms and Money Supply Dynamics",0,000000,1
7017,"Economics",n00000190,"Monetary Policy Mechanisms and Money Supply Dynamics",-0,686515,2
7017,"Economics",n00000523,"Fiscal Policy Multiplier Mechanisms",-0,699823,2
7359,"Economics",n00000190,"Monetary Policy Mechanisms and Money Supply Dynamics",-0,295206,2
7359,"Economics",n00000253,"Market Price Determination and Elasticity Analysis",-1,364056,2
7478,"Economics",n00000524,"Macroeconomic Growth and Productivity Metrics",0,000000,1
7208,"Economics",n00000190,"Monetary Policy Mechanisms and Money Supply Dynamics",0,000000,1
7339,"Economics",n00000190,"Monetary Policy Mechanisms and Money Supply Dynamics",0,000000,1
7643,"Economics",n00000076,"Security Dilemmas and State Sovereignty Frameworks",-0,603316,2
7643,"Economics",n00000077,"Exclusion Criteria in Business Frameworks",-0,791852,2
7641,"Economics",n00000190,"Monetary Policy Mechanisms and Money Supply Dynamics",0,000000,1
7256,"Economics",n00000190,"Monetary Policy Mechanisms and Money Supply Dynamics",0,000000,1
7682,"Economics",n00000190,"Monetary Policy Mechanisms and Money Supply Dynamics",0,000000,1
7674,"Economics",n00000190,"Monetary Policy Mechanisms and Money Supply Dynamics",-0,311704,2
7674,"Economics",n00000524,"Macroeconomic Growth and Productivity Metrics",-1,317509,2
7080,"Economics",n00000190,"Monetary Policy Mechanisms and Money Supply Dynamics",0,000000,1
6967,"Economics",n00000190,"Monetary Policy Mechanisms and Money Supply Dynamics",0,000000,1
7345,"Economics",n00000190,"Monetary Policy Mechanisms and Money Supply Dynamics",0,000000,1
7432,"Economics",n00000190,"Monetary Policy Mechanisms and Money Supply Dynamics",0,000000,1
7194,"Economics",n00000524,"Macroeconomic Growth and Productivity Metrics",0,000000,1
7637,"Economics",n00000524,"Macroeconomic Growth and Productivity Metrics",0,000000,1
7287,"Economics",n00000524,"Macroeconomic Growth and Productivity Metrics",0,000000,1
6947,"Economics",n00000524,"Macroeconomic Growth and Productivity Metrics",0,000000,1
6894,"Economics",n00000524,"Macroeconomic Growth and Productivity Metrics",0,000000,1
7000,"Economics",n00000524,"Macroeconomic Growth and Productivity Metrics",0,000000,1
7218,"Economics",n00000524,"Macroeconomic Growth and Productivity Metrics",0,000000,1
7338,"Economics",n00000523,"Fiscal Policy Multiplier Mechanisms",0,000000,1
7612,"Economics",n00000190,"Monetary Policy Mechanisms and Money Supply Dynamics",0,000000,1
5554,"Other",n00000523,"Fiscal Policy Multiplier Mechanisms",0,000000,1
6984,"Economics",n00000252,"Market Structure Efficiency and Welfare Analysis",0,000000,1
7567,"Economics",n00000253,"Market Price Determination and Elasticity Analysis",0,000000,1
7045,"Economics",n00000252,"Market Structure Efficiency and Welfare Analysis",0,000000,1
7570,"Economics",n00000252,"Market Structure Efficiency and Welfare Analysis",0,000000,1
6834,"Economics",n00000252,"Market Structure Efficiency and Welfare Analysis",0,000000,1
7668,"Economics",n00000253,"Market Price Determination and Elasticity Analysis",0,000000,1
6906,"Economics",n00000252,"Market Structure Efficiency and Welfare Analysis",0,000000,1
7043,"Economics",n00000252,"Market Structure Efficiency and Welfare Analysis",0,000000,1
210,"Business",n00000253,"Market Price Determination and Elasticity Analysis",0,000000,1
204,"Business",n00000252,"Market Structure Efficiency and Welfare Analysis",-0,565424,2
204,"Business",n00000218,"Business Profit Optimization and Cost Modeling",-0,839605,2
6862,"Economics",n00000158,"Microeconomic Production and Distribution Theory",0,000000,1
435,"Business",n00000077,"Exclusion Criteria in Business Frameworks",0,000000,1
6877,"Economics",n00000158,"Microeconomic Production and Distribution Theory",0,000000,1
7280,"Economics",n00000158,"Microeconomic Production and Distribution Theory",0,000000,1
7549,"Economics",n00000158,"Microeconomic Production and Distribution Theory",0,000000,1
7580,"Economics",n00000158,"Microeconomic Production and Distribution Theory",0,000000,1
7486,"Economics",n00000158,"Microeconomic Production and Distribution Theory",0,000000,1
6953,"Economics",n00000158,"Microeconomic Production and Distribution Theory",0,000000,1
6879,"Economics",n00000158,"Microeconomic Production and Distribution Theory",0,000000,1
7082,"Economics",n00000158,"Microeconomic Production and Distribution Theory",0,000000,1
5424,"Other",n00000158,"Microeconomic Production and Distribution Theory",0,000000,1
5097,"Other",n00000185,"Fundamental Computing and Electrical Principles",-0,653493,2
5097,"Other",n00000080,"Human Anatomy and Physiological Function",-0,734439,2
10368,"Computer science",n00000185,"Fundamental Computing and Electrical Principles",0,000000,1
7219,"Economics",n00000166,"Discriminative Statement Verification Tasks",0,000000,1
5456,"Other",n00000159,"Applied Microeconomic Frameworks and Policy Instruments",0,000000,1
5637,"Other",n00000077,"Exclusion Criteria in Business Frameworks",0,000000,1
5496,"Other",n00000077,"Exclusion Criteria in Business Frameworks",0,000000,1
5478,"Other",n00000077,"Exclusion Criteria in Business Frameworks",-0,619050,2
5478,"Other",n00000172,"Psychometric Test Validity and Reliability Principles",-0,773177,2
5114,"Other",n00000077,"Exclusion Criteria in Business Frameworks",0,000000,1
5183,"Other",n00000172,"Psychometric Test Validity and Reliability Principles",0,000000,1
5316,"Other",n00000076,"Security Dilemmas and State Sovereignty Frameworks",0,000000,1
5948,"Other",n00000077,"Exclusion Criteria in Business Frameworks",0,000000,1
433,"Business",n00000077,"Exclusion Criteria in Business Frameworks",0,000000,1
573,"Business",n00000077,"Exclusion Criteria in Business Frameworks",0,000000,1
363,"Business",n00000077,"Exclusion Criteria in Business Frameworks",0,000000,1
758,"Business",n00000077,"Exclusion Criteria in Business Frameworks",0,000000,1
10358,"Computer science",n00000077,"Exclusion Criteria in Business Frameworks",-0,409630,2
10358,"Computer science",n00000076,"Security Dilemmas and State Sovereignty Frameworks",-1,090334,2
5224,"Other",n00000079,"Demographic and Societal Indicators Analysis",0,000000,1
5755,"Other",n00000079,"Demographic and Societal Indicators Analysis",0,000000,1
6000,"Other",n00000079,"Demographic and Societal Indicators Analysis",0,000000,1
5678,"Other",n00000079,"Demographic and Societal Indicators Analysis",0,000000,1
5531,"Other",n00000079,"Demographic and Societal Indicators Analysis",0,000000,1
5306,"Other",n00000076,"Security Dilemmas and State Sovereignty Frameworks",0,000000,1
5161,"Other",n00000175,"Developmental Psychology and Attachment Theory",0,000000,1
5308,"Other",n00000079,"Demographic and Societal Indicators Analysis",0,000000,1
2204,"Psychology",n00000079,"Demographic and Societal Indicators Analysis",-0,415857,2
2204,"Psychology",n00000055,"Formal Logical Argument Validation",-1,078148,2
5365,"Other",n00000139,"Normative Ethical and Legal Argumentation Frameworks",0,000000,1
5658,"Other",n00000076,"Security Dilemmas and State Sovereignty Frameworks",0,000000,1
5327,"Other",n00000079,"Demographic and Societal Indicators Analysis",0,000000,1
5655,"Other",n00000103,"Historical Rhetoric and Political Persuasion Analysis",-0,453801,2
5655,"Other",n00000076,"Security Dilemmas and State Sovereignty Frameworks",-1,008431,2
5589,"Other",n00000076,"Security Dilemmas and State Sovereignty Frameworks",-0,959250,3
5589,"Other",n00000079,"Demographic and Societal Indicators Analysis",-1,112699,3
5589,"Other",n00000166,"Discriminative Statement Verification Tasks",-1,244277,3
5067,"Other",n00000076,"Security Dilemmas and State Sovereignty Frameworks",0,000000,1
9165,"Physics",n00000155,"Gravitational Field and Orbital Mechanics Analysis",0,000000,1
9046,"Physics",n00000155,"Gravitational Field and Orbital Mechanics Analysis",0,000000,1
10297,"Physics",n00000155,"Gravitational Field and Orbital Mechanics Analysis",0,000000,1
5340,"Other",n00000167,"Cultural and Media Trivia Identification",0,000000,1
5171,"Other",n00000167,"Cultural and Media Trivia Identification",0,000000,1
5897,"Other",n00000167,"Cultural and Media Trivia Identification",0,000000,1
5314,"Other",n00000167,"Cultural and Media Trivia Identification",0,000000,1
5904,"Other",n00000167,"Cultural and Media Trivia Identification",0,000000,1
5893,"Other",n00000167,"Cultural and Media Trivia Identification",0,000000,1
5732,"Other",n00000166,"Discriminative Statement Verification Tasks",0,000000,1
5706,"Other",n00000167,"Cultural and Media Trivia Identification",0,000000,1
5980,"Other",n00000167,"Cultural and Media Trivia Identification",0,000000,1
5254,"Other",n00000167,"Cultural and Media Trivia Identification",-0,531846,2
5254,"Other",n00000169,"Pathophysiology and Disease Mechanism Fundamentals",-0,885566,2
5830,"Other",n00000167,"Cultural and Media Trivia Identification",0,000000,1
11095,"Philosophy",n00000166,"Discriminative Statement Verification Tasks",0,000000,1
5677,"Other",n00000169,"Pathophysiology and Disease Mechanism Fundamentals",0,000000,1
6662,"Health",n00000080,"Human Anatomy and Physiological Function",0,000000,1
6741,"Health",n00000080,"Human Anatomy and Physiological Function",0,000000,1
6526,"Health",n00000080,"Human Anatomy and Physiological Function",0,000000,1
6724,"Health",n00000169,"Pathophysiology and Disease Mechanism Fundamentals",-0,522685,2
6724,"Health",n00000080,"Human Anatomy and Physiological Function",-0,898761,2
6281,"Health",n00000080,"Human Anatomy and Physiological Function",0,000000,1
6354,"Health",n00000080,"Human Anatomy and Physiological Function",0,000000,1
6031,"Health",n00000080,"Human Anatomy and Physiological Function",0,000000,1
6264,"Health",n00000168,"Nutrient Metabolism and Bioenergetics Fundamentals",0,000000,1
6055,"Health",n00000168,"Nutrient Metabolism and Bioenergetics Fundamentals",-0,565447,2
6055,"Health",n00000169,"Pathophysiology and Disease Mechanism Fundamentals",-0,839576,2
6063,"Health",n00000168,"Nutrient Metabolism and Bioenergetics Fundamentals",0,000000,1
6813,"Health",n00000168,"Nutrient Metabolism and Bioenergetics Fundamentals",0,000000,1
6818,"Health",n00000168,"Nutrient Metabolism and Bioenergetics Fundamentals",0,000000,1
3499,"Biology",n00000168,"Nutrient Metabolism and Bioenergetics Fundamentals",0,000000,1
6395,"Health",n00000169,"Pathophysiology and Disease Mechanism Fundamentals",0,000000,1
6452,"Health",n00000169,"Pathophysiology and Disease Mechanism Fundamentals",0,000000,1
6057,"Health",n00000169,"Pathophysiology and Disease Mechanism Fundamentals",0,000000,1
6718,"Health",n00000169,"Pathophysiology and Disease Mechanism Fundamentals",-0,450833,2
6718,"Health",n00000080,"Human Anatomy and Physiological Function",-1,013620,2
6535,"Health",n00000169,"Pathophysiology and Disease Mechanism Fundamentals",0,000000,1
6130,"Health",n00000169,"Pathophysiology and Disease Mechanism Fundamentals",0,000000,1
6716,"Health",n00000169,"Pathophysiology and Disease Mechanism Fundamentals",0,000000,1
6401,"Health",n00000168,"Nutrient Metabolism and Bioenergetics Fundamentals",-0,632258,2
6401,"Health",n00000169,"Pathophysiology and Disease Mechanism Fundamentals",-0,757986,2
6071,"Health",n00000169,"Pathophysiology and Disease Mechanism Fundamentals",0,000000,1
6176,"Health",n00000082,"Emergency Acute Clinical Presentations and Management",0,000000,1
6230,"Health",n00000083,"Diagnostic and Therapeutic Decision Making in Complex Clinical Scenarios",0,000000,1
6207,"Health",n00000080,"Human Anatomy and Physiological Function",0,000000,1
2064,"Psychology",n00000083,"Diagnostic and Therapeutic Decision Making in Complex Clinical Scenarios",0,000000,1
6226,"Health",n00000082,"Emergency Acute Clinical Presentations and Management",0,000000,1
6666,"Health",n00000082,"Emergency Acute Clinical Presentations and Management",0,000000,1
6236,"Health",n00000082,"Emergency Acute Clinical Presentations and Management",0,000000,1
6612,"Health",n00000082,"Emergency Acute Clinical Presentations and Management",0,000000,1
10315,"Physics",n00000030,"Thermodynamic Process Calculations in Real and Ideal Gases",0,000000,1
9774,"Physics",n00000030,"Thermodynamic Process Calculations in Real and Ideal Gases",0,000000,1
9689,"Physics",n00000030,"Thermodynamic Process Calculations in Real and Ideal Gases",0,000000,1
3681,"Chemistry",n00000030,"Thermodynamic Process Calculations in Real and Ideal Gases",0,000000,1
4475,"Chemistry",n00000037,"Forced Convection Heat Transfer Analysis",0,000000,1
4125,"Chemistry",n00000030,"Thermodynamic Process Calculations in Real and Ideal Gases",0,000000,1
3704,"Chemistry",n00000030,"Thermodynamic Process Calculations in Real and Ideal Gases",0,000000,1
4066,"Chemistry",n00000030,"Thermodynamic Process Calculations in Real and Ideal Gases",0,000000,1
4413,"Chemistry",n00000171,"Molecular Kinetic and Bonding Properties",-0,688555,2
4413,"Chemistry",n00000030,"Thermodynamic Process Calculations in Real and Ideal Gases",-0,697760,2
3555,"Chemistry",n00000030,"Thermodynamic Process Calculations in Real and Ideal Gases",0,000000,1
6461,"Health",n00000092,"Nuclear and Radioactive Decay Calculations",0,000000,1
4411,"Chemistry",n00000254,"Colligative Properties and Molecular Weight Determination",0,000000,1
4491,"Chemistry",n00000030,"Thermodynamic Process Calculations in Real and Ideal Gases",0,000000,1
4502,"Chemistry",n00000254,"Colligative Properties and Molecular Weight Determination",0,000000,1
3832,"Chemistry",n00000030,"Thermodynamic Process Calculations in Real and Ideal Gases",0,000000,1
4453,"Chemistry",n00000030,"Thermodynamic Process Calculations in Real and Ideal Gases",0,000000,1
4376,"Chemistry",n00000030,"Thermodynamic Process Calculations in Real and Ideal Gases",0,000000,1
3927,"Chemistry",n00000030,"Thermodynamic Process Calculations in Real and Ideal Gases",0,000000,1
4279,"Chemistry",n00000030,"Thermodynamic Process Calculations in Real and Ideal Gases",0,000000,1
4402,"Chemistry",n00000030,"Thermodynamic Process Calculations in Real and Ideal Gases",0,000000,1
3984,"Chemistry",n00000030,"Thermodynamic Process Calculations in Real and Ideal Gases",0,000000,1
3956,"Chemistry",n00000030,"Thermodynamic Process Calculations in Real and Ideal Gases",0,000000,1
3774,"Chemistry",n00000030,"Thermodynamic Process Calculations in Real and Ideal Gases",0,000000,1
4015,"Chemistry",n00000030,"Thermodynamic Process Calculations in Real and Ideal Gases",0,000000,1
4234,"Chemistry",n00000030,"Thermodynamic Process Calculations in Real and Ideal Gases",0,000000,1
4328,"Chemistry",n00000030,"Thermodynamic Process Calculations in Real and Ideal Gases",0,000000,1
4020,"Chemistry",n00000030,"Thermodynamic Process Calculations in Real and Ideal Gases",0,000000,1
3656,"Chemistry",n00000030,"Thermodynamic Process Calculations in Real and Ideal Gases",0,000000,1
4560,"Chemistry",n00000030,"Thermodynamic Process Calculations in Real and Ideal Gases",0,000000,1
4336,"Chemistry",n00000030,"Thermodynamic Process Calculations in Real and Ideal Gases",0,000000,1
4629,"Chemistry",n00000030,"Thermodynamic Process Calculations in Real and Ideal Gases",0,000000,1
3817,"Chemistry",n00000030,"Thermodynamic Process Calculations in Real and Ideal Gases",0,000000,1
4205,"Chemistry",n00000030,"Thermodynamic Process Calculations in Real and Ideal Gases",0,000000,1
4635,"Chemistry",n00000030,"Thermodynamic Process Calculations in Real and Ideal Gases",0,000000,1
4619,"Chemistry",n00000030,"Thermodynamic Process Calculations in Real and Ideal Gases",0,000000,1
4186,"Chemistry",n00000030,"Thermodynamic Process Calculations in Real and Ideal Gases",0,000000,1
4220,"Chemistry",n00000030,"Thermodynamic Process Calculations in Real and Ideal Gases",0,000000,1
3710,"Chemistry",n00000030,"Thermodynamic Process Calculations in Real and Ideal Gases",0,000000,1
12139,"Engineering",n00000030,"Thermodynamic Process Calculations in Real and Ideal Gases",0,000000,1
11509,"Engineering",n00000037,"Forced Convection Heat Transfer Analysis",0,000000,1
12180,"Engineering",n00000030,"Thermodynamic Process Calculations in Real and Ideal Gases",0,000000,1
8637,"Math",n00000092,"Nuclear and Radioactive Decay Calculations",0,000000,1
4059,"Chemistry",n00000092,"Nuclear and Radioactive Decay Calculations",0,000000,1
4337,"Chemistry",n00000255,"Chemical Equilibrium and Electrochemical Stoichiometry",0,000000,1
3928,"Chemistry",n00000255,"Chemical Equilibrium and Electrochemical Stoichiometry",0,000000,1
4538,"Chemistry",n00000255,"Chemical Equilibrium and Electrochemical Stoichiometry",0,000000,1
4210,"Chemistry",n00000092,"Nuclear and Radioactive Decay Calculations",0,000000,1
4627,"Chemistry",n00000255,"Chemical Equilibrium and Electrochemical Stoichiometry",0,000000,1
3604,"Chemistry",n00000092,"Nuclear and Radioactive Decay Calculations",0,000000,1
3844,"Chemistry",n00000255,"Chemical Equilibrium and Electrochemical Stoichiometry",0,000000,1
3778,"Chemistry",n00000255,"Chemical Equilibrium and Electrochemical Stoichiometry",0,000000,1
3988,"Chemistry",n00000092,"Nuclear and Radioactive Decay Calculations",0,000000,1
3723,"Chemistry",n00000255,"Chemical Equilibrium and Electrochemical Stoichiometry",0,000000,1
4307,"Chemistry",n00000255,"Chemical Equilibrium and Electrochemical Stoichiometry",0,000000,1
4124,"Chemistry",n00000255,"Chemical Equilibrium and Electrochemical Stoichiometry",0,000000,1
4075,"Chemistry",n00000255,"Chemical Equilibrium and Electrochemical Stoichiometry",0,000000,1
9148,"Physics",n00000171,"Molecular Kinetic and Bonding Properties",-0,405598,2
9148,"Physics",n00000092,"Nuclear and Radioactive Decay Calculations",-1,098346,2
10027,"Physics",n00000092,"Nuclear and Radioactive Decay Calculations",0,000000,1
9391,"Physics",n00000092,"Nuclear and Radioactive Decay Calculations",0,000000,1
3662,"Chemistry",n00000171,"Molecular Kinetic and Bonding Properties",0,000000,1
3807,"Chemistry",n00000171,"Molecular Kinetic and Bonding Properties",0,000000,1
3541,"Chemistry",n00000171,"Molecular Kinetic and Bonding Properties",0,000000,1
3883,"Chemistry",n00000171,"Molecular Kinetic and Bonding Properties",0,000000,1
4019,"Chemistry",n00000171,"Molecular Kinetic and Bonding Properties",0,000000,1
4375,"Chemistry",n00000030,"Thermodynamic Process Calculations in Real and Ideal Gases",0,000000,1
3929,"Chemistry",n00000254,"Colligative Properties and Molecular Weight Determination",0,000000,1
4251,"Chemistry",n00000192,"Aqueous Acid Base Equilibrium Calculations",0,000000,1
3838,"Chemistry",n00000254,"Colligative Properties and Molecular Weight Determination",0,000000,1
3535,"Chemistry",n00000192,"Aqueous Acid Base Equilibrium Calculations",0,000000,1
3863,"Chemistry",n00000192,"Aqueous Acid Base Equilibrium Calculations",0,000000,1
4230,"Chemistry",n00000192,"Aqueous Acid Base Equilibrium Calculations",0,000000,1
4465,"Chemistry",n00000254,"Colligative Properties and Molecular Weight Determination",0,000000,1
4292,"Chemistry",n00000254,"Colligative Properties and Molecular Weight Determination",0,000000,1
3620,"Chemistry",n00000192,"Aqueous Acid Base Equilibrium Calculations",0,000000,1
3614,"Chemistry",n00000254,"Colligative Properties and Molecular Weight Determination",0,000000,1
4155,"Chemistry",n00000255,"Chemical Equilibrium and Electrochemical Stoichiometry",0,000000,1
7606,"Economics",n00000104,"Colonial Encounter Justifications and Consequences",0,000000,1
5621,"Other",n00000169,"Pathophysiology and Disease Mechanism Fundamentals",0,000000,1
4925,"History",n00000103,"Historical Rhetoric and Political Persuasion Analysis",0,000000,1
4973,"History",n00000104,"Colonial Encounter Justifications and Consequences",0,000000,1
4891,"History",n00000104,"Colonial Encounter Justifications and Consequences",0,000000,1
5027,"History",n00000103,"Historical Rhetoric and Political Persuasion Analysis",0,000000,1
4895,"History",n00000104,"Colonial Encounter Justifications and Consequences",0,000000,1
4953,"History",n00000104,"Colonial Encounter Justifications and Consequences",0,000000,1
4751,"History",n00000104,"Colonial Encounter Justifications and Consequences",0,000000,1
5052,"History",n00000104,"Colonial Encounter Justifications and Consequences",0,000000,1
11097,"Philosophy",n00000104,"Colonial Encounter Justifications and Consequences",0,000000,1
7667,"Economics",n00000104,"Colonial Encounter Justifications and Consequences",0,000000,1
5739,"Other",n00000076,"Security Dilemmas and State Sovereignty Frameworks",0,000000,1
5138,"Other",n00000103,"Historical Rhetoric and Political Persuasion Analysis",0,000000,1
5513,"Other",n00000103,"Historical Rhetoric and Political Persuasion Analysis",0,000000,1
5080,"Other",n00000103,"Historical Rhetoric and Political Persuasion Analysis",0,000000,1
4740,"History",n00000103,"Historical Rhetoric and Political Persuasion Analysis",0,000000,1
4988,"History",n00000104,"Colonial Encounter Justifications and Consequences",0,000000,1
4961,"History",n00000103,"Historical Rhetoric and Political Persuasion Analysis",0,000000,1
4791,"History",n00000103,"Historical Rhetoric and Political Persuasion Analysis",0,000000,1
4800,"History",n00000103,"Historical Rhetoric and Political Persuasion Analysis",0,000000,1
4862,"History",n00000033,"Archaeological and Evolutionary Anthropology",0,000000,1
4813,"History",n00000033,"Archaeological and Evolutionary Anthropology",-0,377137,2
4813,"History",n00000104,"Colonial Encounter Justifications and Consequences",-1,157795,2
4873,"History",n00000033,"Archaeological and Evolutionary Anthropology",0,000000,1
4819,"History",n00000033,"Archaeological and Evolutionary Anthropology",0,000000,1
5033,"History",n00000076,"Security Dilemmas and State Sovereignty Frameworks",-0,688330,2
5033,"History",n00000077,"Exclusion Criteria in Business Frameworks",-0,697988,2
4840,"History",n00000033,"Archaeological and Evolutionary Anthropology",0,000000,1
4676,"History",n00000033,"Archaeological and Evolutionary Anthropology",0,000000,1
4704,"History",n00000033,"Archaeological and Evolutionary Anthropology",0,000000,1
8444,"Math",n00000172,"Psychometric Test Validity and Reliability Principles",0,000000,1
5494,"Other",n00000173,"Organizational and Social Psychological Theories of Behavior",-0,471523,2
5494,"Other",n00000172,"Psychometric Test Validity and Reliability Principles",-0,978302,2
5898,"Other",n00000173,"Organizational and Social Psychological Theories of Behavior",0,000000,1
2762,"Psychology",n00000173,"Organizational and Social Psychological Theories of Behavior",0,000000,1
2687,"Psychology",n00000236,"Historical and Theoretical Personality Frameworks",0,000000,1
2313,"Psychology",n00000236,"Historical and Theoretical Personality Frameworks",-0,406899,2
2313,"Psychology",n00000175,"Developmental Psychology and Attachment Theory",-1,095751,2
2799,"Psychology",n00000236,"Historical and Theoretical Personality Frameworks",-0,625270,2
2799,"Psychology",n00000237,"Behavioral and Cognitive Response Mechanisms",-0,765969,2
2376,"Psychology",n00000173,"Organizational and Social Psychological Theories of Behavior",0,000000,1
2082,"Psychology",n00000175,"Developmental Psychology and Attachment Theory",0,000000,1
2367,"Psychology",n00000236,"Historical and Theoretical Personality Frameworks",0,000000,1
2522,"Psychology",n00000173,"Organizational and Social Psychological Theories of Behavior",0,000000,1
2498,"Psychology",n00000105,"Cognitive Processes in Learning and Memory",0,000000,1
767,"Business",n00000173,"Organizational and Social Psychological Theories of Behavior",0,000000,1
684,"Business",n00000236,"Historical and Theoretical Personality Frameworks",-0,541327,2
684,"Business",n00000173,"Organizational and Social Psychological Theories of Behavior",-0,872215,2
11233,"Philosophy",n00000139,"Normative Ethical and Legal Argumentation Frameworks",-0,507820,2
11233,"Philosophy",n00000173,"Organizational and Social Psychological Theories of Behavior",-0,920817,2
8783,"Math",n00000172,"Psychometric Test Validity and Reliability Principles",0,000000,1
1990,"Psychology",n00000186,"Fundamental Statistical Inference Principles",0,000000,1
2536,"Psychology",n00000105,"Cognitive Processes in Learning and Memory",0,000000,1
2399,"Psychology",n00000172,"Psychometric Test Validity and Reliability Principles",0,000000,1
2249,"Psychology",n00000172,"Psychometric Test Validity and Reliability Principles",-0,536116,2
2249,"Psychology",n00000105,"Cognitive Processes in Learning and Memory",-0,879515,2
2422,"Psychology",n00000105,"Cognitive Processes in Learning and Memory",-0,566162,2
2422,"Psychology",n00000172,"Psychometric Test Validity and Reliability Principles",-0,838636,2
2248,"Psychology",n00000080,"Human Anatomy and Physiological Function",-0,522892,2
2248,"Psychology",n00000105,"Cognitive Processes in Learning and Memory",-0,898460,2
5179,"Other",n00000105,"Cognitive Processes in Learning and Memory",0,000000,1
6291,"Health",n00000173,"Organizational and Social Psychological Theories of Behavior",-0,347989,2
6291,"Health",n00000172,"Psychometric Test Validity and Reliability Principles",-1,224538,2
6531,"Health",n00000236,"Historical and Theoretical Personality Frameworks",-0,619262,2
6531,"Health",n00000105,"Cognitive Processes in Learning and Memory",-0,772930,2
6411,"Health",n00000105,"Cognitive Processes in Learning and Memory",-0,321381,2
6411,"Health",n00000236,"Historical and Theoretical Personality Frameworks",-1,291519,2
2226,"Psychology",n00000105,"Cognitive Processes in Learning and Memory",-0,559340,2
2226,"Psychology",n00000175,"Developmental Psychology and Attachment Theory",-0,847666,2
2678,"Psychology",n00000105,"Cognitive Processes in Learning and Memory",0,000000,1
2075,"Psychology",n00000105,"Cognitive Processes in Learning and Memory",0,000000,1
2712,"Psychology",n00000175,"Developmental Psychology and Attachment Theory",0,000000,1
2587,"Psychology",n00000105,"Cognitive Processes in Learning and Memory",0,000000,1
2484,"Psychology",n00000105,"Cognitive Processes in Learning and Memory",0,000000,1
6293,"Health",n00000105,"Cognitive Processes in Learning and Memory",0,000000,1
2223,"Psychology",n00000105,"Cognitive Processes in Learning and Memory",0,000000,1
2026,"Psychology",n00000105,"Cognitive Processes in Learning and Memory",0,000000,1
2729,"Psychology",n00000105,"Cognitive Processes in Learning and Memory",-0,317092,2
2729,"Psychology",n00000180,"Cellular Physiology and Systemic Integration",-1,302923,2
2613,"Psychology",n00000105,"Cognitive Processes in Learning and Memory",0,000000,1
2368,"Psychology",n00000105,"Cognitive Processes in Learning and Memory",0,000000,1
2675,"Psychology",n00000105,"Cognitive Processes in Learning and Memory",0,000000,1
5083,"Other",n00000237,"Behavioral and Cognitive Response Mechanisms",0,000000,1
2322,"Psychology",n00000236,"Historical and Theoretical Personality Frameworks",-0,582544,2
2322,"Psychology",n00000237,"Behavioral and Cognitive Response Mechanisms",-0,817522,2
2513,"Psychology",n00000107,"Psychotherapy Techniques and Ethical Practices",0,000000,1
2672,"Psychology",n00000237,"Behavioral and Cognitive Response Mechanisms",0,000000,1
2035,"Psychology",n00000175,"Developmental Psychology and Attachment Theory",0,000000,1
2287,"Psychology",n00000237,"Behavioral and Cognitive Response Mechanisms",0,000000,1
2580,"Psychology",n00000079,"Demographic and Societal Indicators Analysis",0,000000,1
2783,"Psychology",n00000236,"Historical and Theoretical Personality Frameworks",-0,507108,2
2783,"Psychology",n00000175,"Developmental Psychology and Attachment Theory",-0,921893,2
2273,"Psychology",n00000175,"Developmental Psychology and Attachment Theory",0,000000,1
2233,"Psychology",n00000236,"Historical and Theoretical Personality Frameworks",0,000000,1
2787,"Psychology",n00000237,"Behavioral and Cognitive Response Mechanisms",-0,565477,2
2787,"Psychology",n00000107,"Psychotherapy Techniques and Ethical Practices",-0,839536,2
2800,"Psychology",n00000236,"Historical and Theoretical Personality Frameworks",0,000000,1
2592,"Psychology",n00000175,"Developmental Psychology and Attachment Theory",0,000000,1
2772,"Psychology",n00000107,"Psychotherapy Techniques and Ethical Practices",0,000000,1
2359,"Psychology",n00000083,"Diagnostic and Therapeutic Decision Making in Complex Clinical Scenarios",0,000000,1
2135,"Psychology",n00000107,"Psychotherapy Techniques and Ethical Practices",0,000000,1
2059,"Psychology",n00000107,"Psychotherapy Techniques and Ethical Practices",0,000000,1
11268,"Philosophy",n00000107,"Psychotherapy Techniques and Ethical Practices",0,000000,1
9624,"Physics",n00000037,"Forced Convection Heat Transfer Analysis",0,000000,1
9715,"Physics",n00000037,"Forced Convection Heat Transfer Analysis",0,000000,1
12030,"Engineering",n00000037,"Forced Convection Heat Transfer Analysis",0,000000,1
11350,"Engineering",n00000037,"Forced Convection Heat Transfer Analysis",0,000000,1
12098,"Engineering",n00000037,"Forced Convection Heat Transfer Analysis",0,000000,1
11723,"Engineering",n00000037,"Forced Convection Heat Transfer Analysis",0,000000,1
11909,"Engineering",n00000037,"Forced Convection Heat Transfer Analysis",0,000000,1
11403,"Engineering",n00000037,"Forced Convection Heat Transfer Analysis",0,000000,1
11664,"Engineering",n00000037,"Forced Convection Heat Transfer Analysis",0,000000,1
11704,"Engineering",n00000037,"Forced Convection Heat Transfer Analysis",0,000000,1
11331,"Engineering",n00000037,"Forced Convection Heat Transfer Analysis",0,000000,1
11620,"Engineering",n00000037,"Forced Convection Heat Transfer Analysis",0,000000,1
11719,"Engineering",n00000037,"Forced Convection Heat Transfer Analysis",0,000000,1
12094,"Engineering",n00000037,"Forced Convection Heat Transfer Analysis",0,000000,1
11960,"Engineering",n00000037,"Forced Convection Heat Transfer Analysis",0,000000,1
8202,"Math",n00000146,"Applied Integral and Transform Methods",0,000000,1
9821,"Physics",n00000037,"Forced Convection Heat Transfer Analysis",-0,337791,2
9821,"Physics",n00000030,"Thermodynamic Process Calculations in Real and Ideal Gases",-1,249474,2
4211,"Chemistry",n00000254,"Colligative Properties and Molecular Weight Determination",0,000000,1
11913,"Engineering",n00000037,"Forced Convection Heat Transfer Analysis",0,000000,1
12196,"Engineering",n00000037,"Forced Convection Heat Transfer Analysis",0,000000,1
11558,"Engineering",n00000037,"Forced Convection Heat Transfer Analysis",0,000000,1
11291,"Engineering",n00000037,"Forced Convection Heat Transfer Analysis",0,000000,1
11518,"Engineering",n00000037,"Forced Convection Heat Transfer Analysis",0,000000,1
12053,"Engineering",n00000037,"Forced Convection Heat Transfer Analysis",0,000000,1
12111,"Engineering",n00000037,"Forced Convection Heat Transfer Analysis",0,000000,1
11510,"Engineering",n00000037,"Forced Convection Heat Transfer Analysis",0,000000,1
12059,"Engineering",n00000037,"Forced Convection Heat Transfer Analysis",0,000000,1
9291,"Physics",n00000177,"Electrical Circuit Power and Energy Dynamics",-0,506333,2
9291,"Physics",n00000176,"Electrical Machine Performance and Efficiency Analysis",-0,923068,2
9598,"Physics",n00000177,"Electrical Circuit Power and Energy Dynamics",0,000000,1
11521,"Engineering",n00000176,"Electrical Machine Performance and Efficiency Analysis",0,000000,1
11354,"Engineering",n00000177,"Electrical Circuit Power and Energy Dynamics",0,000000,1
9907,"Physics",n00000118,"Mechanical Power Transmission Design Calculations",0,000000,1
10181,"Physics",n00000118,"Mechanical Power Transmission Design Calculations",0,000000,1
9403,"Physics",n00000118,"Mechanical Power Transmission Design Calculations",0,000000,1
9073,"Physics",n00000118,"Mechanical Power Transmission Design Calculations",0,000000,1
12177,"Engineering",n00000118,"Mechanical Power Transmission Design Calculations",0,000000,1
11414,"Engineering",n00000118,"Mechanical Power Transmission Design Calculations",0,000000,1
12175,"Engineering",n00000118,"Mechanical Power Transmission Design Calculations",0,000000,1
11859,"Engineering",n00000118,"Mechanical Power Transmission Design Calculations",0,000000,1
9182,"Physics",n00000177,"Electrical Circuit Power and Energy Dynamics",0,000000,1
12150,"Engineering",n00000176,"Electrical Machine Performance and Efficiency Analysis",0,000000,1
11762,"Engineering",n00000176,"Electrical Machine Performance and Efficiency Analysis",0,000000,1
12161,"Engineering",n00000176,"Electrical Machine Performance and Efficiency Analysis",0,000000,1
11527,"Engineering",n00000176,"Electrical Machine Performance and Efficiency Analysis",0,000000,1
11927,"Engineering",n00000176,"Electrical Machine Performance and Efficiency Analysis",0,000000,1
12001,"Engineering",n00000176,"Electrical Machine Performance and Efficiency Analysis",0,000000,1
12210,"Engineering",n00000176,"Electrical Machine Performance and Efficiency Analysis",0,000000,1
10254,"Physics",n00000179,"Biological Response Mechanisms and Environmental Interactions",0,000000,1
6277,"Health",n00000178,"Comparative Evolutionary and Physiological Adaptations",0,000000,1
5174,"Other",n00000178,"Comparative Evolutionary and Physiological Adaptations",-0,532762,2
5174,"Other",n00000179,"Biological Response Mechanisms and Environmental Interactions",-0,884262,2
4758,"History",n00000179,"Biological Response Mechanisms and Environmental Interactions",0,000000,1
4864,"History",n00000178,"Comparative Evolutionary and Physiological Adaptations",0,000000,1
4967,"History",n00000178,"Comparative Evolutionary and Physiological Adaptations",0,000000,1
2961,"Biology",n00000178,"Comparative Evolutionary and Physiological Adaptations",0,000000,1
2994,"Biology",n00000179,"Biological Response Mechanisms and Environmental Interactions",0,000000,1
3330,"Biology",n00000179,"Biological Response Mechanisms and Environmental Interactions",0,000000,1
3230,"Biology",n00000178,"Comparative Evolutionary and Physiological Adaptations",0,000000,1
3256,"Biology",n00000178,"Comparative Evolutionary and Physiological Adaptations",-0,379814,2
3256,"Biology",n00000179,"Biological Response Mechanisms and Environmental Interactions",-1,151978,2
3253,"Biology",n00000178,"Comparative Evolutionary and Physiological Adaptations",0,000000,1
3051,"Biology",n00000179,"Biological Response Mechanisms and Environmental Interactions",0,000000,1
3123,"Biology",n00000178,"Comparative Evolutionary and Physiological Adaptations",0,000000,1
6004,"Health",n00000181,"Molecular Biology of Macromolecules and Enzymes",0,000000,1
3334,"Biology",n00000180,"Cellular Physiology and Systemic Integration",-0,400317,2
3334,"Biology",n00000181,"Molecular Biology of Macromolecules and Enzymes",-1,108989,2
3110,"Biology",n00000183,"Molecular Genetics and Mutational Mechanisms",0,000000,1
2821,"Biology",n00000181,"Molecular Biology of Macromolecules and Enzymes",0,000000,1
2917,"Biology",n00000180,"Cellular Physiology and Systemic Integration",-0,316392,2
2917,"Biology",n00000181,"Molecular Biology of Macromolecules and Enzymes",-1,304802,2
2861,"Biology",n00000180,"Cellular Physiology and Systemic Integration",0,000000,1
3064,"Biology",n00000179,"Biological Response Mechanisms and Environmental Interactions",-0,442514,2
3064,"Biology",n00000181,"Molecular Biology of Macromolecules and Enzymes",-1,028394,2
9315,"Physics",n00000185,"Fundamental Computing and Electrical Principles",0,000000,1
5218,"Other",n00000180,"Cellular Physiology and Systemic Integration",0,000000,1
2679,"Psychology",n00000183,"Molecular Genetics and Mutational Mechanisms",0,000000,1
2664,"Psychology",n00000180,"Cellular Physiology and Systemic Integration",0,000000,1
2496,"Psychology",n00000105,"Cognitive Processes in Learning and Memory",0,000000,1
3411,"Biology",n00000179,"Biological Response Mechanisms and Environmental Interactions",-0,317398,2
3411,"Biology",n00000180,"Cellular Physiology and Systemic Integration",-1,302104,2
2877,"Biology",n00000178,"Comparative Evolutionary and Physiological Adaptations",0,000000,1
6097,"Health",n00000182,"Population Genetics and Evolutionary Mechanisms",-0,402901,2
6097,"Health",n00000121,"Mendelian and Quantitative Genetic Inheritance Patterns",-1,103760,2
2984,"Biology",n00000182,"Population Genetics and Evolutionary Mechanisms",0,000000,1
3084,"Biology",n00000121,"Mendelian and Quantitative Genetic Inheritance Patterns",0,000000,1
3025,"Biology",n00000121,"Mendelian and Quantitative Genetic Inheritance Patterns",0,000000,1
3454,"Biology",n00000121,"Mendelian and Quantitative Genetic Inheritance Patterns",0,000000,1
3241,"Biology",n00000121,"Mendelian and Quantitative Genetic Inheritance Patterns",0,000000,1
2832,"Biology",n00000121,"Mendelian and Quantitative Genetic Inheritance Patterns",0,000000,1
3138,"Biology",n00000121,"Mendelian and Quantitative Genetic Inheritance Patterns",0,000000,1
3360,"Biology",n00000121,"Mendelian and Quantitative Genetic Inheritance Patterns",0,000000,1
6653,"Health",n00000181,"Molecular Biology of Macromolecules and Enzymes",-0,636438,2
6653,"Health",n00000183,"Molecular Genetics and Mutational Mechanisms",-0,753266,2
6773,"Health",n00000182,"Population Genetics and Evolutionary Mechanisms",0,000000,1
2300,"Psychology",n00000182,"Population Genetics and Evolutionary Mechanisms",0,000000,1
3105,"Biology",n00000121,"Mendelian and Quantitative Genetic Inheritance Patterns",-0,419548,2
3105,"Biology",n00000182,"Population Genetics and Evolutionary Mechanisms",-1,071028,2
3461,"Biology",n00000183,"Molecular Genetics and Mutational Mechanisms",0,000000,1
3278,"Biology",n00000183,"Molecular Genetics and Mutational Mechanisms",0,000000,1
2824,"Biology",n00000182,"Population Genetics and Evolutionary Mechanisms",-0,670120,2
2824,"Biology",n00000183,"Molecular Genetics and Mutational Mechanisms",-0,716717,2
3285,"Biology",n00000183,"Molecular Genetics and Mutational Mechanisms",0,000000,1
2872,"Biology",n00000183,"Molecular Genetics and Mutational Mechanisms",0,000000,1
8697,"Math",n00000219,"Applied Business Percentage Calculations",0,000000,1
6981,"Economics",n00000077,"Exclusion Criteria in Business Frameworks",-0,597221,2
6981,"Economics",n00000219,"Applied Business Percentage Calculations",-0,799261,2
639,"Business",n00000403,"Consumer Loan Interest Calculation Methods",0,000000,1
232,"Business",n00000219,"Applied Business Percentage Calculations",-0,289115,2
232,"Business",n00000218,"Business Profit Optimization and Cost Modeling",-1,382008,2
342,"Business",n00000219,"Applied Business Percentage Calculations",-0,354239,2
342,"Business",n00000217,"Retail Pricing Markup and Discount Analysis",-1,209681,2
421,"Business",n00000217,"Retail Pricing Markup and Discount Analysis",-0,622965,2
421,"Business",n00000403,"Consumer Loan Interest Calculation Methods",-0,768629,2
327,"Business",n00000217,"Retail Pricing Markup and Discount Analysis",0,000000,1
673,"Business",n00000217,"Retail Pricing Markup and Discount Analysis",0,000000,1
182,"Business",n00000219,"Applied Business Percentage Calculations",0,000000,1
644,"Business",n00000403,"Consumer Loan Interest Calculation Methods",0,000000,1
562,"Business",n00000219,"Applied Business Percentage Calculations",0,000000,1
712,"Business",n00000219,"Applied Business Percentage Calculations",0,000000,1
425,"Business",n00000403,"Consumer Loan Interest Calculation Methods",0,000000,1
793,"Business",n00000219,"Applied Business Percentage Calculations",0,000000,1
809,"Business",n00000403,"Consumer Loan Interest Calculation Methods",0,000000,1
658,"Business",n00000403,"Consumer Loan Interest Calculation Methods",0,000000,1
480,"Business",n00000219,"Applied Business Percentage Calculations",0,000000,1
304,"Business",n00000218,"Business Profit Optimization and Cost Modeling",0,000000,1
593,"Business",n00000403,"Consumer Loan Interest Calculation Methods",0,000000,1
530,"Business",n00000217,"Retail Pricing Markup and Discount Analysis",0,000000,1
817,"Business",n00000403,"Consumer Loan Interest Calculation Methods",0,000000,1
511,"Business",n00000403,"Consumer Loan Interest Calculation Methods",-0,457808,2
511,"Business",n00000425,"Investment Valuation and Yield Analysis",-1,001492,2
209,"Business",n00000403,"Consumer Loan Interest Calculation Methods",0,000000,1
482,"Business",n00000425,"Investment Valuation and Yield Analysis",0,000000,1
635,"Business",n00000425,"Investment Valuation and Yield Analysis",0,000000,1
444,"Business",n00000425,"Investment Valuation and Yield Analysis",-0,524650,2
444,"Business",n00000147,"Advanced Limit and Differential Equation Analysis",-0,895906,2
695,"Business",n00000403,"Consumer Loan Interest Calculation Methods",0,000000,1
735,"Business",n00000425,"Investment Valuation and Yield Analysis",0,000000,1
536,"Business",n00000425,"Investment Valuation and Yield Analysis",-0,365427,2
536,"Business",n00000403,"Consumer Loan Interest Calculation Methods",-1,183845,2
678,"Business",n00000403,"Consumer Loan Interest Calculation Methods",0,000000,1
370,"Business",n00000425,"Investment Valuation and Yield Analysis",0,000000,1
660,"Business",n00000425,"Investment Valuation and Yield Analysis",0,000000,1
6883,"Economics",n00000426,"Business Financial Calculations and Insurance Mathematics",0,000000,1
5986,"Other",n00000426,"Business Financial Calculations and Insurance Mathematics",0,000000,1
5267,"Other",n00000426,"Business Financial Calculations and Insurance Mathematics",0,000000,1
643,"Business",n00000219,"Applied Business Percentage Calculations",0,000000,1
330,"Business",n00000426,"Business Financial Calculations and Insurance Mathematics",0,000000,1
797,"Business",n00000219,"Applied Business Percentage Calculations",0,000000,1
104,"Business",n00000219,"Applied Business Percentage Calculations",0,000000,1
773,"Business",n00000426,"Business Financial Calculations and Insurance Mathematics",0,000000,1
494,"Business",n00000219,"Applied Business Percentage Calculations",0,000000,1
786,"Business",n00000426,"Business Financial Calculations and Insurance Mathematics",0,000000,1
7473,"Economics",n00000425,"Investment Valuation and Yield Analysis",0,000000,1
5185,"Other",n00000425,"Investment Valuation and Yield Analysis",0,000000,1
181,"Business",n00000425,"Investment Valuation and Yield Analysis",0,000000,1
294,"Business",n00000425,"Investment Valuation and Yield Analysis",0,000000,1
393,"Business",n00000218,"Business Profit Optimization and Cost Modeling",0,000000,1
242,"Business",n00000425,"Investment Valuation and Yield Analysis",0,000000,1
423,"Business",n00000218,"Business Profit Optimization and Cost Modeling",0,000000,1
10773,"Computer science",n00000184,"Programming Logic and Debugging Fundamentals",0,000000,1
10515,"Computer science",n00000184,"Programming Logic and Debugging Fundamentals",-0,368423,2
10515,"Computer science",n00000124,"Information Theory and Coding Fundamentals",-1,177087,2
10467,"Computer science",n00000184,"Programming Logic and Debugging Fundamentals",0,000000,1
10735,"Computer science",n00000184,"Programming Logic and Debugging Fundamentals",0,000000,1
10748,"Computer science",n00000184,"Programming Logic and Debugging Fundamentals",0,000000,1
10379,"Computer science",n00000184,"Programming Logic and Debugging Fundamentals",0,000000,1
10754,"Computer science",n00000184,"Programming Logic and Debugging Fundamentals",0,000000,1
9214,"Physics",n00000185,"Fundamental Computing and Electrical Principles",-0,329610,2
9214,"Physics",n00000177,"Electrical Circuit Power and Energy Dynamics",-1,270127,2
9542,"Physics",n00000185,"Fundamental Computing and Electrical Principles",0,000000,1
3531,"Chemistry",n00000171,"Molecular Kinetic and Bonding Properties",0,000000,1
11966,"Engineering",n00000185,"Fundamental Computing and Electrical Principles",0,000000,1
10638,"Computer science",n00000238,"Machine Learning Model Properties and Tradeoffs",-0,408675,2
10638,"Computer science",n00000126,"Logical Statement Verification in Algebraic Structures",-1,092223,2
10518,"Computer science",n00000185,"Fundamental Computing and Electrical Principles",0,000000,1
10459,"Computer science",n00000185,"Fundamental Computing and Electrical Principles",0,000000,1
11496,"Engineering",n00000124,"Information Theory and Coding Fundamentals",0,000000,1
11481,"Engineering",n00000124,"Information Theory and Coding Fundamentals",0,000000,1
8884,"Math",n00000186,"Fundamental Statistical Inference Principles",0,000000,1
8880,"Math",n00000186,"Fundamental Statistical Inference Principles",0,000000,1
7902,"Math",n00000186,"Fundamental Statistical Inference Principles",0,000000,1
8649,"Math",n00000186,"Fundamental Statistical Inference Principles",-0,550926,2
8649,"Math",n00000149,"Normal Distribution Probability Applications",-0,859003,2
8105,"Math",n00000186,"Fundamental Statistical Inference Principles",0,000000,1
8066,"Math",n00000238,"Machine Learning Model Properties and Tradeoffs",-0,423069,2
8066,"Math",n00000186,"Fundamental Statistical Inference Principles",-1,064308,2
7250,"Economics",n00000239,"Econometric Time Series Model Diagnostics",0,000000,1
7185,"Economics",n00000239,"Econometric Time Series Model Diagnostics",0,000000,1
6844,"Economics",n00000239,"Econometric Time Series Model Diagnostics",0,000000,1
7318,"Economics",n00000172,"Psychometric Test Validity and Reliability Principles",0,000000,1
7180,"Economics",n00000239,"Econometric Time Series Model Diagnostics",-0,324613,2
7180,"Economics",n00000159,"Applied Microeconomic Frameworks and Policy Instruments",-1,283040,2
10633,"Computer science",n00000239,"Econometric Time Series Model Diagnostics",-0,335045,2
10633,"Computer science",n00000238,"Machine Learning Model Properties and Tradeoffs",-1,256341,2
8332,"Math",n00000126,"Logical Statement Verification in Algebraic Structures",0,000000,1
10526,"Computer science",n00000238,"Machine Learning Model Properties and Tradeoffs",0,000000,1
10490,"Computer science",n00000238,"Machine Learning Model Properties and Tradeoffs",0,000000,1
10392,"Computer science",n00000238,"Machine Learning Model Properties and Tradeoffs",0,000000,1
10693,"Computer science",n00000238,"Machine Learning Model Properties and Tradeoffs",0,000000,1
10393,"Computer science",n00000238,"Machine Learning Model Properties and Tradeoffs",0,000000,1
10419,"Computer science",n00000238,"Machine Learning Model Properties and Tradeoffs",0,000000,1
10630,"Computer science",n00000238,"Machine Learning Model Properties and Tradeoffs",0,000000,1
1925,"Law",n00000188,"Contract Formation and Enforceability Disputes",0,000000,1
1069,"Law",n00000188,"Contract Formation and Enforceability Disputes",0,000000,1
1220,"Law",n00000188,"Contract Formation and Enforceability Disputes",0,000000,1
1748,"Law",n00000188,"Contract Formation and Enforceability Disputes",0,000000,1
921,"Law",n00000188,"Contract Formation and Enforceability Disputes",0,000000,1
1118,"Law",n00000188,"Contract Formation and Enforceability Disputes",0,000000,1
1765,"Law",n00000188,"Contract Formation and Enforceability Disputes",0,000000,1
1616,"Law",n00000188,"Contract Formation and Enforceability Disputes",0,000000,1
1452,"Law",n00000188,"Contract Formation and Enforceability Disputes",0,000000,1
1985,"Law",n00000189,"Real Property Interest Disputes and Transfers",0,000000,1
1957,"Law",n00000189,"Real Property Interest Disputes and Transfers",0,000000,1
1634,"Law",n00000189,"Real Property Interest Disputes and Transfers",0,000000,1
1338,"Law",n00000189,"Real Property Interest Disputes and Transfers",0,000000,1
1360,"Law",n00000189,"Real Property Interest Disputes and Transfers",0,000000,1
1254,"Law",n00000189,"Real Property Interest Disputes and Transfers",0,000000,1
5047,"History",n00000189,"Real Property Interest Disputes and Transfers",-0,526299,2
5047,"History",n00000128,"Constitutional Challenges to State Regulatory Laws",-0,893521,2
1032,"Law",n00000128,"Constitutional Challenges to State Regulatory Laws",0,000000,1
1602,"Law",n00000128,"Constitutional Challenges to State Regulatory Laws",0,000000,1
1725,"Law",n00000128,"Constitutional Challenges to State Regulatory Laws",0,000000,1
1529,"Law",n00000128,"Constitutional Challenges to State Regulatory Laws",0,000000,1
1479,"Law",n00000220,"Admissibility of Prior Incidents and Statements in Negligence Litigation",0,000000,1
897,"Law",n00000221,"Criminal Liability and Defenses in Unintended Outcomes",0,000000,1
951,"Law",n00000221,"Criminal Liability and Defenses in Unintended Outcomes",0,000000,1
1939,"Law",n00000220,"Admissibility of Prior Incidents and Statements in Negligence Litigation",0,000000,1
1542,"Law",n00000220,"Admissibility of Prior Incidents and Statements in Negligence Litigation",0,000000,1
1803,"Law",n00000220,"Admissibility of Prior Incidents and Statements in Negligence Litigation",0,000000,1
1908,"Law",n00000220,"Admissibility of Prior Incidents and Statements in Negligence Litigation",0,000000,1
1413,"Law",n00000220,"Admissibility of Prior Incidents and Statements in Negligence Litigation",0,000000,1
1976,"Law",n00000220,"Admissibility of Prior Incidents and Statements in Negligence Litigation",0,000000,1
1984,"Law",n00000220,"Admissibility of Prior Incidents and Statements in Negligence Litigation",0,000000,1
1887,"Law",n00000221,"Criminal Liability and Defenses in Unintended Outcomes",0,000000,1
1846,"Law",n00000221,"Criminal Liability and Defenses in Unintended Outcomes",0,000000,1
1537,"Law",n00000221,"Criminal Liability and Defenses in Unintended Outcomes",0,000000,1
1160,"Law",n00000221,"Criminal Liability and Defenses in Unintended Outcomes",0,000000,1
1798,"Law",n00000221,"Criminal Liability and Defenses in Unintended Outcomes",0,000000,1
1357,"Law",n00000221,"Criminal Liability and Defenses in Unintended Outcomes",0,000000,1
1336,"Law",n00000221,"Criminal Liability and Defenses in Unintended Outcomes",0,000000,1
1472,"Law",n00000221,"Criminal Liability and Defenses in Unintended Outcomes",0,000000,1
1165,"Law",n00000221,"Criminal Liability and Defenses in Unintended Outcomes",0,000000,1
871,"Law",n00000221,"Criminal Liability and Defenses in Unintended Outcomes",0,000000,1
1183,"Law",n00000221,"Criminal Liability and Defenses in Unintended Outcomes",0,000000,1
1040,"Law",n00000221,"Criminal Liability and Defenses in Unintended Outcomes",0,000000,1
945,"Law",n00000221,"Criminal Liability and Defenses in Unintended Outcomes",0,000000,1
5272,"Other",n00000128,"Constitutional Challenges to State Regulatory Laws",0,000000,1
1164,"Law",n00000221,"Criminal Liability and Defenses in Unintended Outcomes",0,000000,1
882,"Law",n00000221,"Criminal Liability and Defenses in Unintended Outcomes",0,000000,1
1401,"Law",n00000220,"Admissibility of Prior Incidents and Statements in Negligence Litigation",0,000000,1
1679,"Law",n00000189,"Real Property Interest Disputes and Transfers",0,000000,1
1694,"Law",n00000220,"Admissibility of Prior Incidents and Statements in Negligence Litigation",0,000000,1
11178,"Philosophy",n00000137,"Foundational Moral Theory Principles and Critiques",0,000000,1
10908,"Philosophy",n00000139,"Normative Ethical and Legal Argumentation Frameworks",0,000000,1
11067,"Philosophy",n00000138,"Philosophical and Legal Concept Definition",-0,353358,2
11067,"Philosophy",n00000137,"Foundational Moral Theory Principles and Critiques",-1,211755,2
11150,"Philosophy",n00000138,"Philosophical and Legal Concept Definition",0,000000,1
10787,"Philosophy",n00000137,"Foundational Moral Theory Principles and Critiques",0,000000,1
10788,"Philosophy",n00000137,"Foundational Moral Theory Principles and Critiques",0,000000,1
11228,"Philosophy",n00000139,"Normative Ethical and Legal Argumentation Frameworks",0,000000,1
1375,"Law",n00000138,"Philosophical and Legal Concept Definition",0,000000,1
10895,"Philosophy",n00000139,"Normative Ethical and Legal Argumentation Frameworks",0,000000,1
11053,"Philosophy",n00000138,"Philosophical and Legal Concept Definition",0,000000,1
10785,"Philosophy",n00000139,"Normative Ethical and Legal Argumentation Frameworks",0,000000,1
11213,"Philosophy",n00000139,"Normative Ethical and Legal Argumentation Frameworks",-0,315317,2
11213,"Philosophy",n00000138,"Philosophical and Legal Concept Definition",-1,307695,2
11068,"Philosophy",n00000139,"Normative Ethical and Legal Argumentation Frameworks",0,000000,1
11075,"Philosophy",n00000138,"Philosophical and Legal Concept Definition",-0,346869,2
11075,"Philosophy",n00000236,"Historical and Theoretical Personality Frameworks",-1,227236,2
11155,"Philosophy",n00000138,"Philosophical and Legal Concept Definition",0,000000,1
11205,"Philosophy",n00000033,"Archaeological and Evolutionary Anthropology",0,000000,1
5399,"Other",n00000055,"Formal Logical Argument Validation",0,000000,1
10946,"Philosophy",n00000055,"Formal Logical Argument Validation",0,000000,1
10862,"Philosophy",n00000055,"Formal Logical Argument Validation",0,000000,1
10803,"Philosophy",n00000139,"Normative Ethical and Legal Argumentation Frameworks",-0,367372,2
10803,"Philosophy",n00000055,"Formal Logical Argument Validation",-1,179448,2
11124,"Philosophy",n00000055,"Formal Logical Argument Validation",-0,495530,2
11124,"Philosophy",n00000167,"Cultural and Media Trivia Identification",-0,939683,2
10929,"Philosophy",n00000139,"Normative Ethical and Legal Argumentation Frameworks",0,000000,1
10775,"Philosophy",n00000055,"Formal Logical Argument Validation",0,000000,1
11247,"Philosophy",n00000139,"Normative Ethical and Legal Argumentation Frameworks",0,000000,1
10817,"Philosophy",n00000055,"Formal Logical Argument Validation",0,000000,1
10888,"Philosophy",n00000055,"Formal Logical Argument Validation",0,000000,1
10839,"Philosophy",n00000055,"Formal Logical Argument Validation",0,000000,1
11118,"Philosophy",n00000055,"Formal Logical Argument Validation",0,000000,1
8578,"Math",n00000126,"Logical Statement Verification in Algebraic Structures",0,000000,1
8065,"Math",n00000146,"Applied Integral and Transform Methods",0,000000,1
8617,"Math",n00000144,"Advanced Algebraic Function Analysis",0,000000,1
8481,"Math",n00000144,"Advanced Algebraic Function Analysis",0,000000,1
8314,"Math",n00000146,"Applied Integral and Transform Methods",0,000000,1
8059,"Math",n00000146,"Applied Integral and Transform Methods",0,000000,1
8936,"Math",n00000147,"Advanced Limit and Differential Equation Analysis",0,000000,1
8185,"Math",n00000146,"Applied Integral and Transform Methods",-0,638815,2
8185,"Math",n00000145,"Applied Linear Algebra and Multivariable Calculus",-0,750602,2
8271,"Math",n00000126,"Logical Statement Verification in Algebraic Structures",0,000000,1
8858,"Math",n00000147,"Advanced Limit and Differential Equation Analysis",0,000000,1
8042,"Math",n00000147,"Advanced Limit and Differential Equation Analysis",-0,595428,2
8042,"Math",n00000144,"Advanced Algebraic Function Analysis",-0,801460,2
8769,"Math",n00000146,"Applied Integral and Transform Methods",0,000000,1
8220,"Math",n00000226,"Kinematic Motion Analysis and Problem Solving",0,000000,1
8924,"Math",n00000146,"Applied Integral and Transform Methods",0,000000,1
8630,"Math",n00000146,"Applied Integral and Transform Methods",0,000000,1
8579,"Math",n00000146,"Applied Integral and Transform Methods",0,000000,1
8508,"Math",n00000147,"Advanced Limit and Differential Equation Analysis",0,000000,1
8376,"Math",n00000146,"Applied Integral and Transform Methods",0,000000,1
8519,"Math",n00000146,"Applied Integral and Transform Methods",0,000000,1
8081,"Math",n00000146,"Applied Integral and Transform Methods",0,000000,1
8427,"Math",n00000147,"Advanced Limit and Differential Equation Analysis",0,000000,1
8306,"Math",n00000146,"Applied Integral and Transform Methods",0,000000,1
8197,"Math",n00000146,"Applied Integral and Transform Methods",0,000000,1
9027,"Math",n00000146,"Applied Integral and Transform Methods",0,000000,1
7963,"Math",n00000145,"Applied Linear Algebra and Multivariable Calculus",-0,401861,2
7963,"Math",n00000147,"Advanced Limit and Differential Equation Analysis",-1,105859,2
8477,"Math",n00000147,"Advanced Limit and Differential Equation Analysis",0,000000,1
8420,"Math",n00000147,"Advanced Limit and Differential Equation Analysis",0,000000,1
8407,"Math",n00000146,"Applied Integral and Transform Methods",0,000000,1
7765,"Math",n00000126,"Logical Statement Verification in Algebraic Structures",0,000000,1
8403,"Math",n00000147,"Advanced Limit and Differential Equation Analysis",0,000000,1
7852,"Math",n00000184,"Programming Logic and Debugging Fundamentals",0,000000,1
8525,"Math",n00000147,"Advanced Limit and Differential Equation Analysis",-0,682728,2
8525,"Math",n00000144,"Advanced Algebraic Function Analysis",-0,703676,2
8729,"Math",n00000144,"Advanced Algebraic Function Analysis",0,000000,1
7659,"Economics",n00000146,"Applied Integral and Transform Methods",-0,402831,2
7659,"Economics",n00000144,"Advanced Algebraic Function Analysis",-1,103902,2
11427,"Engineering",n00000147,"Advanced Limit and Differential Equation Analysis",0,000000,1
512,"Business",n00000147,"Advanced Limit and Differential Equation Analysis",0,000000,1
10405,"Computer science",n00000146,"Applied Integral and Transform Methods",0,000000,1
10547,"Computer science",n00000185,"Fundamental Computing and Electrical Principles",-0,499279,2
10547,"Computer science",n00000147,"Advanced Limit and Differential Equation Analysis",-0,933864,2
10646,"Computer science",n00000124,"Information Theory and Coding Fundamentals",0,000000,1
8950,"Math",n00000147,"Advanced Limit and Differential Equation Analysis",0,000000,1
8406,"Math",n00000147,"Advanced Limit and Differential Equation Analysis",0,000000,1
7860,"Math",n00000147,"Advanced Limit and Differential Equation Analysis",0,000000,1
8390,"Math",n00000147,"Advanced Limit and Differential Equation Analysis",-0,522528,2
8390,"Math",n00000295,"Elementary Arithmetic Operations and Applications",-0,898991,2
8754,"Math",n00000147,"Advanced Limit and Differential Equation Analysis",0,000000,1
8063,"Math",n00000147,"Advanced Limit and Differential Equation Analysis",0,000000,1
8625,"Math",n00000147,"Advanced Limit and Differential Equation Analysis",0,000000,1
7756,"Math",n00000147,"Advanced Limit and Differential Equation Analysis",0,000000,1
8755,"Math",n00000147,"Advanced Limit and Differential Equation Analysis",0,000000,1
7961,"Math",n00000147,"Advanced Limit and Differential Equation Analysis",0,000000,1
7512,"Economics",n00000147,"Advanced Limit and Differential Equation Analysis",-0,379569,2
7512,"Economics",n00000239,"Econometric Time Series Model Diagnostics",-1,152508,2
3906,"Chemistry",n00000147,"Advanced Limit and Differential Equation Analysis",0,000000,1
4179,"Chemistry",n00000147,"Advanced Limit and Differential Equation Analysis",0,000000,1
12116,"Engineering",n00000147,"Advanced Limit and Differential Equation Analysis",0,000000,1
10375,"Computer science",n00000147,"Advanced Limit and Differential Equation Analysis",0,000000,1
7959,"Math",n00000226,"Kinematic Motion Analysis and Problem Solving",0,000000,1
8194,"Math",n00000147,"Advanced Limit and Differential Equation Analysis",0,000000,1
8097,"Math",n00000147,"Advanced Limit and Differential Equation Analysis",0,000000,1
8510,"Math",n00000147,"Advanced Limit and Differential Equation Analysis",0,000000,1
8608,"Math",n00000147,"Advanced Limit and Differential Equation Analysis",0,000000,1
7511,"Economics",n00000145,"Applied Linear Algebra and Multivariable Calculus",0,000000,1
11617,"Engineering",n00000146,"Applied Integral and Transform Methods",0,000000,1
11650,"Engineering",n00000146,"Applied Integral and Transform Methods",0,000000,1
12156,"Engineering",n00000146,"Applied Integral and Transform Methods",0,000000,1
12219,"Engineering",n00000147,"Advanced Limit and Differential Equation Analysis",0,000000,1
11700,"Engineering",n00000146,"Applied Integral and Transform Methods",0,000000,1
11852,"Engineering",n00000146,"Applied Integral and Transform Methods",0,000000,1
12096,"Engineering",n00000146,"Applied Integral and Transform Methods",0,000000,1
11949,"Engineering",n00000235,"Wave Propagation and Antenna Parameters",0,000000,1
7895,"Math",n00000145,"Applied Linear Algebra and Multivariable Calculus",0,000000,1
8372,"Math",n00000145,"Applied Linear Algebra and Multivariable Calculus",0,000000,1
7786,"Math",n00000126,"Logical Statement Verification in Algebraic Structures",-0,485255,2
7786,"Math",n00000185,"Fundamental Computing and Electrical Principles",-0,955915,2
8974,"Math",n00000126,"Logical Statement Verification in Algebraic Structures",0,000000,1
8157,"Math",n00000126,"Logical Statement Verification in Algebraic Structures",0,000000,1
8102,"Math",n00000145,"Applied Linear Algebra and Multivariable Calculus",0,000000,1
7793,"Math",n00000151,"Advanced Combinatorial Partitioning and Counting",-0,636863,2
7793,"Math",n00000126,"Logical Statement Verification in Algebraic Structures",-0,752789,2
7692,"Math",n00000126,"Logical Statement Verification in Algebraic Structures",0,000000,1
8879,"Math",n00000151,"Advanced Combinatorial Partitioning and Counting",0,000000,1
8225,"Math",n00000151,"Advanced Combinatorial Partitioning and Counting",0,000000,1
8228,"Math",n00000151,"Advanced Combinatorial Partitioning and Counting",0,000000,1
7791,"Math",n00000126,"Logical Statement Verification in Algebraic Structures",0,000000,1
7890,"Math",n00000126,"Logical Statement Verification in Algebraic Structures",0,000000,1
7695,"Math",n00000126,"Logical Statement Verification in Algebraic Structures",0,000000,1
8541,"Math",n00000126,"Logical Statement Verification in Algebraic Structures",0,000000,1
8416,"Math",n00000145,"Applied Linear Algebra and Multivariable Calculus",0,000000,1
8435,"Math",n00000126,"Logical Statement Verification in Algebraic Structures",0,000000,1
8038,"Math",n00000145,"Applied Linear Algebra and Multivariable Calculus",0,000000,1
3972,"Chemistry",n00000126,"Logical Statement Verification in Algebraic Structures",0,000000,1
8624,"Math",n00000144,"Advanced Algebraic Function Analysis",0,000000,1
8482,"Math",n00000144,"Advanced Algebraic Function Analysis",0,000000,1
7948,"Math",n00000144,"Advanced Algebraic Function Analysis",0,000000,1
8602,"Math",n00000144,"Advanced Algebraic Function Analysis",0,000000,1
8529,"Math",n00000145,"Applied Linear Algebra and Multivariable Calculus",0,000000,1
7846,"Math",n00000144,"Advanced Algebraic Function Analysis",0,000000,1
8058,"Math",n00000145,"Applied Linear Algebra and Multivariable Calculus",0,000000,1
8715,"Math",n00000145,"Applied Linear Algebra and Multivariable Calculus",-0,337983,2
8715,"Math",n00000151,"Advanced Combinatorial Partitioning and Counting",-1,248996,2
8171,"Math",n00000151,"Advanced Combinatorial Partitioning and Counting",0,000000,1
7766,"Math",n00000144,"Advanced Algebraic Function Analysis",-0,639470,2
7766,"Math",n00000151,"Advanced Combinatorial Partitioning and Counting",-0,749870,2
7951,"Math",n00000144,"Advanced Algebraic Function Analysis",0,000000,1
9015,"Math",n00000144,"Advanced Algebraic Function Analysis",0,000000,1
8361,"Math",n00000144,"Advanced Algebraic Function Analysis",0,000000,1
8490,"Math",n00000144,"Advanced Algebraic Function Analysis",0,000000,1
8169,"Math",n00000144,"Advanced Algebraic Function Analysis",0,000000,1
8740,"Math",n00000151,"Advanced Combinatorial Partitioning and Counting",-0,394471,2
8740,"Math",n00000145,"Applied Linear Algebra and Multivariable Calculus",-1,120970,2
7738,"Math",n00000144,"Advanced Algebraic Function Analysis",-0,492516,2
7738,"Math",n00000145,"Applied Linear Algebra and Multivariable Calculus",-0,944400,2
8923,"Math",n00000144,"Advanced Algebraic Function Analysis",0,000000,1
8834,"Math",n00000295,"Elementary Arithmetic Operations and Applications",0,000000,1
8315,"Math",n00000144,"Advanced Algebraic Function Analysis",0,000000,1
8586,"Math",n00000151,"Advanced Combinatorial Partitioning and Counting",0,000000,1
8053,"Math",n00000151,"Advanced Combinatorial Partitioning and Counting",0,000000,1
7857,"Math",n00000145,"Applied Linear Algebra and Multivariable Calculus",0,000000,1
8722,"Math",n00000144,"Advanced Algebraic Function Analysis",-0,444995,2
8722,"Math",n00000145,"Applied Linear Algebra and Multivariable Calculus",-1,023952,2
8193,"Math",n00000145,"Applied Linear Algebra and Multivariable Calculus",0,000000,1
8584,"Math",n00000144,"Advanced Algebraic Function Analysis",0,000000,1
7939,"Math",n00000296,"Comparative Numerical and Geometric Ordering Principles",0,000000,1
8581,"Math",n00000145,"Applied Linear Algebra and Multivariable Calculus",0,000000,1
8052,"Math",n00000144,"Advanced Algebraic Function Analysis",0,000000,1
8620,"Math",n00000145,"Applied Linear Algebra and Multivariable Calculus",0,000000,1
8422,"Math",n00000151,"Advanced Combinatorial Partitioning and Counting",0,000000,1
8717,"Math",n00000145,"Applied Linear Algebra and Multivariable Calculus",0,000000,1
7763,"Math",n00000144,"Advanced Algebraic Function Analysis",0,000000,1
7918,"Math",n00000295,"Elementary Arithmetic Operations and Applications",0,000000,1
8401,"Math",n00000144,"Advanced Algebraic Function Analysis",0,000000,1
8609,"Math",n00000144,"Advanced Algebraic Function Analysis",0,000000,1
9634,"Physics",n00000296,"Comparative Numerical and Geometric Ordering Principles",0,000000,1
3754,"Chemistry",n00000144,"Advanced Algebraic Function Analysis",0,000000,1
11846,"Engineering",n00000145,"Applied Linear Algebra and Multivariable Calculus",0,000000,1
10642,"Computer science",n00000151,"Advanced Combinatorial Partitioning and Counting",0,000000,1
8344,"Math",n00000148,"Discrete Probability Event Calculations",0,000000,1
8919,"Math",n00000148,"Discrete Probability Event Calculations",0,000000,1
8669,"Math",n00000148,"Discrete Probability Event Calculations",0,000000,1
8117,"Math",n00000186,"Fundamental Statistical Inference Principles",0,000000,1
7955,"Math",n00000148,"Discrete Probability Event Calculations",0,000000,1
8474,"Math",n00000148,"Discrete Probability Event Calculations",0,000000,1
7799,"Math",n00000148,"Discrete Probability Event Calculations",0,000000,1
8295,"Math",n00000148,"Discrete Probability Event Calculations",0,000000,1
8855,"Math",n00000148,"Discrete Probability Event Calculations",0,000000,1
8404,"Math",n00000148,"Discrete Probability Event Calculations",0,000000,1
8399,"Math",n00000148,"Discrete Probability Event Calculations",0,000000,1
7885,"Math",n00000148,"Discrete Probability Event Calculations",0,000000,1
7952,"Math",n00000148,"Discrete Probability Event Calculations",0,000000,1
8590,"Math",n00000148,"Discrete Probability Event Calculations",-0,364626,2
8590,"Math",n00000186,"Fundamental Statistical Inference Principles",-1,185662,2
12182,"Engineering",n00000186,"Fundamental Statistical Inference Principles",-0,490709,2
12182,"Engineering",n00000148,"Discrete Probability Event Calculations",-0,947245,2
10644,"Computer science",n00000148,"Discrete Probability Event Calculations",0,000000,1
8662,"Math",n00000149,"Normal Distribution Probability Applications",0,000000,1
8013,"Math",n00000149,"Normal Distribution Probability Applications",0,000000,1
8327,"Math",n00000149,"Normal Distribution Probability Applications",0,000000,1
7907,"Math",n00000186,"Fundamental Statistical Inference Principles",0,000000,1
7884,"Math",n00000186,"Fundamental Statistical Inference Principles",0,000000,1
8885,"Math",n00000149,"Normal Distribution Probability Applications",0,000000,1
7783,"Math",n00000149,"Normal Distribution Probability Applications",0,000000,1
8551,"Math",n00000149,"Normal Distribution Probability Applications",0,000000,1
7698,"Math",n00000149,"Normal Distribution Probability Applications",0,000000,1
8199,"Math",n00000149,"Normal Distribution Probability Applications",0,000000,1
7784,"Math",n00000149,"Normal Distribution Probability Applications",0,000000,1
7883,"Math",n00000149,"Normal Distribution Probability Applications",0,000000,1
8110,"Math",n00000149,"Normal Distribution Probability Applications",0,000000,1
8837,"Math",n00000149,"Normal Distribution Probability Applications",0,000000,1
8735,"Math",n00000186,"Fundamental Statistical Inference Principles",0,000000,1
8674,"Math",n00000149,"Normal Distribution Probability Applications",0,000000,1
8445,"Math",n00000149,"Normal Distribution Probability Applications",0,000000,1
8338,"Math",n00000186,"Fundamental Statistical Inference Principles",0,000000,1
7782,"Math",n00000124,"Information Theory and Coding Fundamentals",0,000000,1
7805,"Math",n00000186,"Fundamental Statistical Inference Principles",0,000000,1
8549,"Math",n00000239,"Econometric Time Series Model Diagnostics",-0,325240,2
8549,"Math",n00000144,"Advanced Algebraic Function Analysis",-1,281409,2
8969,"Math",n00000186,"Fundamental Statistical Inference Principles",-0,334842,2
8969,"Math",n00000149,"Normal Distribution Probability Applications",-1,256851,2
8537,"Math",n00000149,"Normal Distribution Probability Applications",0,000000,1
7376,"Economics",n00000186,"Fundamental Statistical Inference Principles",0,000000,1
5351,"Other",n00000239,"Econometric Time Series Model Diagnostics",-0,507502,2
5351,"Other",n00000149,"Normal Distribution Probability Applications",-0,921297,2
2684,"Psychology",n00000186,"Fundamental Statistical Inference Principles",0,000000,1
11808,"Engineering",n00000186,"Fundamental Statistical Inference Principles",0,000000,1
11866,"Engineering",n00000186,"Fundamental Statistical Inference Principles",-0,455089,2
11866,"Engineering",n00000124,"Information Theory and Coding Fundamentals",-1,006192,2
11428,"Engineering",n00000149,"Normal Distribution Probability Applications",0,000000,1
3464,"Biology",n00000149,"Normal Distribution Probability Applications",0,000000,1
3286,"Biology",n00000149,"Normal Distribution Probability Applications",0,000000,1
3132,"Biology",n00000149,"Normal Distribution Probability Applications",0,000000,1
10672,"Computer science",n00000149,"Normal Distribution Probability Applications",0,000000,1
10562,"Computer science",n00000149,"Normal Distribution Probability Applications",0,000000,1
8286,"Math",n00000151,"Advanced Combinatorial Partitioning and Counting",0,000000,1
8320,"Math",n00000151,"Advanced Combinatorial Partitioning and Counting",0,000000,1
8628,"Math",n00000151,"Advanced Combinatorial Partitioning and Counting",0,000000,1
8321,"Math",n00000151,"Advanced Combinatorial Partitioning and Counting",0,000000,1
7891,"Math",n00000126,"Logical Statement Verification in Algebraic Structures",0,000000,1
8498,"Math",n00000151,"Advanced Combinatorial Partitioning and Counting",0,000000,1
8753,"Math",n00000151,"Advanced Combinatorial Partitioning and Counting",0,000000,1
8374,"Math",n00000151,"Advanced Combinatorial Partitioning and Counting",0,000000,1
8846,"Math",n00000151,"Advanced Combinatorial Partitioning and Counting",0,000000,1
8954,"Math",n00000151,"Advanced Combinatorial Partitioning and Counting",0,000000,1
8309,"Math",n00000151,"Advanced Combinatorial Partitioning and Counting",0,000000,1
8289,"Math",n00000151,"Advanced Combinatorial Partitioning and Counting",0,000000,1
8051,"Math",n00000151,"Advanced Combinatorial Partitioning and Counting",0,000000,1
8592,"Math",n00000151,"Advanced Combinatorial Partitioning and Counting",0,000000,1
8086,"Math",n00000151,"Advanced Combinatorial Partitioning and Counting",0,000000,1
8196,"Math",n00000151,"Advanced Combinatorial Partitioning and Counting",0,000000,1
8750,"Math",n00000151,"Advanced Combinatorial Partitioning and Counting",0,000000,1
7862,"Math",n00000151,"Advanced Combinatorial Partitioning and Counting",0,000000,1
8152,"Math",n00000151,"Advanced Combinatorial Partitioning and Counting",0,000000,1
8203,"Math",n00000151,"Advanced Combinatorial Partitioning and Counting",0,000000,1
8838,"Math",n00000151,"Advanced Combinatorial Partitioning and Counting",0,000000,1
10623,"Computer science",n00000151,"Advanced Combinatorial Partitioning and Counting",0,000000,1
8047,"Math",n00000224,"Applied Quantitative Problem Solving",0,000000,1
8723,"Math",n00000295,"Elementary Arithmetic Operations and Applications",0,000000,1
8358,"Math",n00000224,"Applied Quantitative Problem Solving",-0,545719,2
8358,"Math",n00000296,"Comparative Numerical and Geometric Ordering Principles",-0,866132,2
7749,"Math",n00000224,"Applied Quantitative Problem Solving",0,000000,1
8129,"Math",n00000224,"Applied Quantitative Problem Solving",0,000000,1
7729,"Math",n00000224,"Applied Quantitative Problem Solving",0,000000,1
9000,"Math",n00000224,"Applied Quantitative Problem Solving",0,000000,1
8896,"Math",n00000224,"Applied Quantitative Problem Solving",0,000000,1
8304,"Math",n00000224,"Applied Quantitative Problem Solving",-0,385534,2
8304,"Math",n00000149,"Normal Distribution Probability Applications",-1,139707,2
8887,"Math",n00000224,"Applied Quantitative Problem Solving",0,000000,1
7935,"Math",n00000224,"Applied Quantitative Problem Solving",0,000000,1
7816,"Math",n00000224,"Applied Quantitative Problem Solving",0,000000,1
8898,"Math",n00000224,"Applied Quantitative Problem Solving",0,000000,1
8385,"Math",n00000224,"Applied Quantitative Problem Solving",0,000000,1
8292,"Math",n00000224,"Applied Quantitative Problem Solving",0,000000,1
8237,"Math",n00000224,"Applied Quantitative Problem Solving",0,000000,1
8149,"Math",n00000224,"Applied Quantitative Problem Solving",0,000000,1
7743,"Math",n00000224,"Applied Quantitative Problem Solving",0,000000,1
7714,"Math",n00000224,"Applied Quantitative Problem Solving",0,000000,1
8025,"Math",n00000224,"Applied Quantitative Problem Solving",0,000000,1
8690,"Math",n00000224,"Applied Quantitative Problem Solving",0,000000,1
8174,"Math",n00000224,"Applied Quantitative Problem Solving",0,000000,1
10242,"Physics",n00000092,"Nuclear and Radioactive Decay Calculations",0,000000,1
9400,"Physics",n00000092,"Nuclear and Radioactive Decay Calculations",0,000000,1
476,"Business",n00000224,"Applied Quantitative Problem Solving",0,000000,1
8897,"Math",n00000224,"Applied Quantitative Problem Solving",0,000000,1
8688,"Math",n00000224,"Applied Quantitative Problem Solving",0,000000,1
8448,"Math",n00000186,"Fundamental Statistical Inference Principles",0,000000,1
8572,"Math",n00000295,"Elementary Arithmetic Operations and Applications",0,000000,1
7742,"Math",n00000296,"Comparative Numerical and Geometric Ordering Principles",0,000000,1
8451,"Math",n00000295,"Elementary Arithmetic Operations and Applications",0,000000,1
8239,"Math",n00000295,"Elementary Arithmetic Operations and Applications",-0,423317,2
8239,"Math",n00000296,"Comparative Numerical and Geometric Ordering Principles",-1,063837,2
7850,"Math",n00000295,"Elementary Arithmetic Operations and Applications",-0,430889,2
7850,"Math",n00000296,"Comparative Numerical and Geometric Ordering Principles",-1,049626,2
8454,"Math",n00000224,"Applied Quantitative Problem Solving",0,000000,1
7940,"Math",n00000126,"Logical Statement Verification in Algebraic Structures",0,000000,1
8148,"Math",n00000224,"Applied Quantitative Problem Solving",0,000000,1
8135,"Math",n00000295,"Elementary Arithmetic Operations and Applications",-0,518878,2
8135,"Math",n00000296,"Comparative Numerical and Geometric Ordering Principles",-0,904332,2
8150,"Math",n00000296,"Comparative Numerical and Geometric Ordering Principles",0,000000,1
8354,"Math",n00000296,"Comparative Numerical and Geometric Ordering Principles",0,000000,1
7811,"Math",n00000295,"Elementary Arithmetic Operations and Applications",-0,687251,2
7811,"Math",n00000296,"Comparative Numerical and Geometric Ordering Principles",-0,699079,2
8022,"Math",n00000295,"Elementary Arithmetic Operations and Applications",0,000000,1
8513,"Math",n00000296,"Comparative Numerical and Geometric Ordering Principles",0,000000,1
8998,"Math",n00000224,"Applied Quantitative Problem Solving",0,000000,1
8800,"Math",n00000295,"Elementary Arithmetic Operations and Applications",0,000000,1
8252,"Math",n00000296,"Comparative Numerical and Geometric Ordering Principles",0,000000,1
8080,"Math",n00000224,"Applied Quantitative Problem Solving",0,000000,1
7160,"Economics",n00000296,"Comparative Numerical and Geometric Ordering Principles",-0,343692,2
7160,"Economics",n00000295,"Elementary Arithmetic Operations and Applications",-1,234940,2
3944,"Chemistry",n00000295,"Elementary Arithmetic Operations and Applications",0,000000,1
2039,"Psychology",n00000149,"Normal Distribution Probability Applications",0,000000,1
2109,"Psychology",n00000149,"Normal Distribution Probability Applications",0,000000,1
8899,"Math",n00000295,"Elementary Arithmetic Operations and Applications",0,000000,1
8380,"Math",n00000295,"Elementary Arithmetic Operations and Applications",0,000000,1
8048,"Math",n00000295,"Elementary Arithmetic Operations and Applications",0,000000,1
7818,"Math",n00000295,"Elementary Arithmetic Operations and Applications",0,000000,1
8126,"Math",n00000295,"Elementary Arithmetic Operations and Applications",0,000000,1
7711,"Math",n00000296,"Comparative Numerical and Geometric Ordering Principles",-0,427243,2
7711,"Math",n00000295,"Elementary Arithmetic Operations and Applications",-1,056430,2
7807,"Math",n00000295,"Elementary Arithmetic Operations and Applications",0,000000,1
8701,"Math",n00000295,"Elementary Arithmetic Operations and Applications",0,000000,1
8889,"Math",n00000295,"Elementary Arithmetic Operations and Applications",0,000000,1
7710,"Math",n00000295,"Elementary Arithmetic Operations and Applications",0,000000,1
8348,"Math",n00000295,"Elementary Arithmetic Operations and Applications",0,000000,1
8700,"Math",n00000295,"Elementary Arithmetic Operations and Applications",-0,609768,2
8700,"Math",n00000224,"Applied Quantitative Problem Solving",-0,784116,2
8049,"Math",n00000295,"Elementary Arithmetic Operations and Applications",0,000000,1
8277,"Math",n00000295,"Elementary Arithmetic Operations and Applications",0,000000,1
9002,"Math",n00000295,"Elementary Arithmetic Operations and Applications",0,000000,1
8176,"Math",n00000151,"Advanced Combinatorial Partitioning and Counting",0,000000,1
8684,"Math",n00000295,"Elementary Arithmetic Operations and Applications",0,000000,1
7723,"Math",n00000295,"Elementary Arithmetic Operations and Applications",0,000000,1
8139,"Math",n00000296,"Comparative Numerical and Geometric Ordering Principles",-0,574918,2
8139,"Math",n00000295,"Elementary Arithmetic Operations and Applications",-0,827253,2
9460,"Physics",n00000155,"Gravitational Field and Orbital Mechanics Analysis",0,000000,1
9958,"Physics",n00000155,"Gravitational Field and Orbital Mechanics Analysis",0,000000,1
9134,"Physics",n00000157,"Quantum Photoelectric and Particle-Wave Duality Problems",0,000000,1
9410,"Physics",n00000694,"Charged Particle Dynamics in Electromagnetic Fields",0,000000,1
9809,"Physics",n00000171,"Molecular Kinetic and Bonding Properties",-0,614035,2
9809,"Physics",n00000234,"Optical Interference and Thin Film Phenomena",-0,779060,2
9223,"Physics",n00000157,"Quantum Photoelectric and Particle-Wave Duality Problems",0,000000,1
9118,"Physics",n00000157,"Quantum Photoelectric and Particle-Wave Duality Problems",-0,525513,2
9118,"Physics",n00000180,"Cellular Physiology and Systemic Integration",-0,894656,2
10096,"Physics",n00000234,"Optical Interference and Thin Film Phenomena",0,000000,1
10021,"Physics",n00000694,"Charged Particle Dynamics in Electromagnetic Fields",0,000000,1
9495,"Physics",n00000694,"Charged Particle Dynamics in Electromagnetic Fields",0,000000,1
9518,"Physics",n00000157,"Quantum Photoelectric and Particle-Wave Duality Problems",0,000000,1
9740,"Physics",n00000157,"Quantum Photoelectric and Particle-Wave Duality Problems",0,000000,1
9193,"Physics",n00000092,"Nuclear and Radioactive Decay Calculations",0,000000,1
9224,"Physics",n00000155,"Gravitational Field and Orbital Mechanics Analysis",0,000000,1
9045,"Physics",n00000155,"Gravitational Field and Orbital Mechanics Analysis",0,000000,1
5772,"Other",n00000155,"Gravitational Field and Orbital Mechanics Analysis",0,000000,1
4441,"Chemistry",n00000157,"Quantum Photoelectric and Particle-Wave Duality Problems",-0,486612,2
4441,"Chemistry",n00000155,"Gravitational Field and Orbital Mechanics Analysis",-0,953747,2
4605,"Chemistry",n00000092,"Nuclear and Radioactive Decay Calculations",0,000000,1
3636,"Chemistry",n00000694,"Charged Particle Dynamics in Electromagnetic Fields",0,000000,1
3970,"Chemistry",n00000171,"Molecular Kinetic and Bonding Properties",0,000000,1
4481,"Chemistry",n00000155,"Gravitational Field and Orbital Mechanics Analysis",0,000000,1
3725,"Chemistry",n00000170,"Molecular Spectroscopy and Thermodynamic Partition Functions",-0,504874,2
3725,"Chemistry",n00000694,"Charged Particle Dynamics in Electromagnetic Fields",-0,925285,2
4542,"Chemistry",n00000234,"Optical Interference and Thin Film Phenomena",-0,518958,2
4542,"Chemistry",n00000157,"Quantum Photoelectric and Particle-Wave Duality Problems",-0,904216,2
4651,"Chemistry",n00000157,"Quantum Photoelectric and Particle-Wave Duality Problems",0,000000,1
4172,"Chemistry",n00000171,"Molecular Kinetic and Bonding Properties",0,000000,1
3613,"Chemistry",n00000155,"Gravitational Field and Orbital Mechanics Analysis",-0,425253,2
3613,"Chemistry",n00000157,"Quantum Photoelectric and Particle-Wave Duality Problems",-1,060175,2
3179,"Biology",n00000092,"Nuclear and Radioactive Decay Calculations",0,000000,1
10284,"Physics",n00000157,"Quantum Photoelectric and Particle-Wave Duality Problems",0,000000,1
10354,"Physics",n00000234,"Optical Interference and Thin Film Phenomena",-0,290842,2
10354,"Physics",n00000157,"Quantum Photoelectric and Particle-Wave Duality Problems",-1,376874,2
9364,"Physics",n00000234,"Optical Interference and Thin Film Phenomena",0,000000,1
9209,"Physics",n00000235,"Wave Propagation and Antenna Parameters",0,000000,1
9258,"Physics",n00000155,"Gravitational Field and Orbital Mechanics Analysis",0,000000,1
9253,"Physics",n00000234,"Optical Interference and Thin Film Phenomena",0,000000,1
9950,"Physics",n00000234,"Optical Interference and Thin Film Phenomena",0,000000,1
9297,"Physics",n00000235,"Wave Propagation and Antenna Parameters",0,000000,1
9163,"Physics",n00000234,"Optical Interference and Thin Film Phenomena",0,000000,1
5701,"Other",n00000155,"Gravitational Field and Orbital Mechanics Analysis",0,000000,1
11937,"Engineering",n00000235,"Wave Propagation and Antenna Parameters",0,000000,1
12141,"Engineering",n00000234,"Optical Interference and Thin Film Phenomena",-0,546919,2
12141,"Engineering",n00000157,"Quantum Photoelectric and Particle-Wave Duality Problems",-0,864482,2
11847,"Engineering",n00000177,"Electrical Circuit Power and Energy Dynamics",-0,681857,2
11847,"Engineering",n00000235,"Wave Propagation and Antenna Parameters",-0,704567,2
12011,"Engineering",n00000235,"Wave Propagation and Antenna Parameters",0,000000,1
11351,"Engineering",n00000235,"Wave Propagation and Antenna Parameters",0,000000,1
11353,"Engineering",n00000149,"Normal Distribution Probability Applications",-0,547824,2
11353,"Engineering",n00000177,"Electrical Circuit Power and Energy Dynamics",-0,863240,2
12189,"Engineering",n00000235,"Wave Propagation and Antenna Parameters",0,000000,1
10740,"Computer science",n00000235,"Wave Propagation and Antenna Parameters",0,000000,1
10240,"Physics",n00000157,"Quantum Photoelectric and Particle-Wave Duality Problems",0,000000,1
9798,"Physics",n00000227,"Special Relativity Kinematic Effects",-0,627761,2
9798,"Physics",n00000157,"Quantum Photoelectric and Particle-Wave Duality Problems",-0,763110,2
9480,"Physics",n00000157,"Quantum Photoelectric and Particle-Wave Duality Problems",0,000000,1
9294,"Physics",n00000157,"Quantum Photoelectric and Particle-Wave Duality Problems",-0,388189,2
9294,"Physics",n00000171,"Molecular Kinetic and Bonding Properties",-1,134087,2
9971,"Physics",n00000157,"Quantum Photoelectric and Particle-Wave Duality Problems",-0,543975,2
9971,"Physics",n00000170,"Molecular Spectroscopy and Thermodynamic Partition Functions",-0,868540,2
9282,"Physics",n00000157,"Quantum Photoelectric and Particle-Wave Duality Problems",0,000000,1
9195,"Physics",n00000157,"Quantum Photoelectric and Particle-Wave Duality Problems",0,000000,1
9090,"Physics",n00000157,"Quantum Photoelectric and Particle-Wave Duality Problems",0,000000,1
9445,"Physics",n00000157,"Quantum Photoelectric and Particle-Wave Duality Problems",0,000000,1
9519,"Physics",n00000157,"Quantum Photoelectric and Particle-Wave Duality Problems",0,000000,1
9621,"Physics",n00000157,"Quantum Photoelectric and Particle-Wave Duality Problems",0,000000,1
10244,"Physics",n00000157,"Quantum Photoelectric and Particle-Wave Duality Problems",0,000000,1
9086,"Physics",n00000157,"Quantum Photoelectric and Particle-Wave Duality Problems",0,000000,1
4348,"Chemistry",n00000151,"Advanced Combinatorial Partitioning and Counting",0,000000,1
4537,"Chemistry",n00000157,"Quantum Photoelectric and Particle-Wave Duality Problems",0,000000,1
4191,"Chemistry",n00000157,"Quantum Photoelectric and Particle-Wave Duality Problems",0,000000,1
4329,"Chemistry",n00000157,"Quantum Photoelectric and Particle-Wave Duality Problems",0,000000,1
4174,"Chemistry",n00000157,"Quantum Photoelectric and Particle-Wave Duality Problems",0,000000,1
3902,"Chemistry",n00000157,"Quantum Photoelectric and Particle-Wave Duality Problems",0,000000,1
3548,"Chemistry",n00000157,"Quantum Photoelectric and Particle-Wave Duality Problems",0,000000,1
4153,"Chemistry",n00000157,"Quantum Photoelectric and Particle-Wave Duality Problems",0,000000,1
4355,"Chemistry",n00000155,"Gravitational Field and Orbital Mechanics Analysis",0,000000,1
4356,"Chemistry",n00000157,"Quantum Photoelectric and Particle-Wave Duality Problems",0,000000,1
4257,"Chemistry",n00000157,"Quantum Photoelectric and Particle-Wave Duality Problems",0,000000,1
4621,"Chemistry",n00000157,"Quantum Photoelectric and Particle-Wave Duality Problems",0,000000,1
4229,"Chemistry",n00000157,"Quantum Photoelectric and Particle-Wave Duality Problems",0,000000,1
3903,"Chemistry",n00000157,"Quantum Photoelectric and Particle-Wave Duality Problems",0,000000,1
4008,"Chemistry",n00000157,"Quantum Photoelectric and Particle-Wave Duality Problems",0,000000,1
4350,"Chemistry",n00000155,"Gravitational Field and Orbital Mechanics Analysis",-0,658720,2
4350,"Chemistry",n00000157,"Quantum Photoelectric and Particle-Wave Duality Problems",-0,728802,2
3276,"Biology",n00000181,"Molecular Biology of Macromolecules and Enzymes",-0,588125,2
3276,"Biology",n00000180,"Cellular Physiology and Systemic Integration",-0,810508,2
10002,"Physics",n00000693,"Electrostatic Field and Charge Distribution Analysis",0,000000,1
9181,"Physics",n00000694,"Charged Particle Dynamics in Electromagnetic Fields",0,000000,1
9770,"Physics",n00000693,"Electrostatic Field and Charge Distribution Analysis",0,000000,1
9849,"Physics",n00000693,"Electrostatic Field and Charge Distribution Analysis",0,000000,1
10185,"Physics",n00000693,"Electrostatic Field and Charge Distribution Analysis",0,000000,1
9560,"Physics",n00000693,"Electrostatic Field and Charge Distribution Analysis",0,000000,1
9149,"Physics",n00000693,"Electrostatic Field and Charge Distribution Analysis",0,000000,1
9890,"Physics",n00000693,"Electrostatic Field and Charge Distribution Analysis",0,000000,1
9145,"Physics",n00000693,"Electrostatic Field and Charge Distribution Analysis",0,000000,1
9559,"Physics",n00000694,"Charged Particle Dynamics in Electromagnetic Fields",0,000000,1
10039,"Physics",n00000694,"Charged Particle Dynamics in Electromagnetic Fields",0,000000,1
10329,"Physics",n00000693,"Electrostatic Field and Charge Distribution Analysis",0,000000,1
9147,"Physics",n00000693,"Electrostatic Field and Charge Distribution Analysis",0,000000,1
9266,"Physics",n00000693,"Electrostatic Field and Charge Distribution Analysis",0,000000,1
9083,"Physics",n00000092,"Nuclear and Radioactive Decay Calculations",0,000000,1
9144,"Physics",n00000693,"Electrostatic Field and Charge Distribution Analysis",0,000000,1
10344,"Physics",n00000694,"Charged Particle Dynamics in Electromagnetic Fields",0,000000,1
10114,"Physics",n00000693,"Electrostatic Field and Charge Distribution Analysis",0,000000,1
10037,"Physics",n00000693,"Electrostatic Field and Charge Distribution Analysis",0,000000,1
10321,"Physics",n00000694,"Charged Particle Dynamics in Electromagnetic Fields",0,000000,1
9650,"Physics",n00000145,"Applied Linear Algebra and Multivariable Calculus",0,000000,1
11689,"Engineering",n00000693,"Electrostatic Field and Charge Distribution Analysis",0,000000,1
11891,"Engineering",n00000693,"Electrostatic Field and Charge Distribution Analysis",0,000000,1
12088,"Engineering",n00000694,"Charged Particle Dynamics in Electromagnetic Fields",0,000000,1
11399,"Engineering",n00000693,"Electrostatic Field and Charge Distribution Analysis",-0,665673,2
11399,"Engineering",n00000147,"Advanced Limit and Differential Equation Analysis",-0,721397,2
9660,"Physics",n00000065,"Geometric Optics of Thin Lenses and Systems",0,000000,1
10278,"Physics",n00000065,"Geometric Optics of Thin Lenses and Systems",0,000000,1
9667,"Physics",n00000065,"Geometric Optics of Thin Lenses and Systems",0,000000,1
9341,"Physics",n00000065,"Geometric Optics of Thin Lenses and Systems",0,000000,1
9844,"Physics",n00000065,"Geometric Optics of Thin Lenses and Systems",0,000000,1
9047,"Physics",n00000155,"Gravitational Field and Orbital Mechanics Analysis",0,000000,1
9665,"Physics",n00000065,"Geometric Optics of Thin Lenses and Systems",0,000000,1
9314,"Physics",n00000065,"Geometric Optics of Thin Lenses and Systems",0,000000,1
9194,"Physics",n00000065,"Geometric Optics of Thin Lenses and Systems",0,000000,1
9855,"Physics",n00000065,"Geometric Optics of Thin Lenses and Systems",0,000000,1
9538,"Physics",n00000065,"Geometric Optics of Thin Lenses and Systems",0,000000,1
9241,"Physics",n00000065,"Geometric Optics of Thin Lenses and Systems",0,000000,1
9979,"Physics",n00000065,"Geometric Optics of Thin Lenses and Systems",0,000000,1
9104,"Physics",n00000065,"Geometric Optics of Thin Lenses and Systems",0,000000,1
9251,"Physics",n00000065,"Geometric Optics of Thin Lenses and Systems",0,000000,1
9762,"Physics",n00000065,"Geometric Optics of Thin Lenses and Systems",0,000000,1
10092,"Physics",n00000065,"Geometric Optics of Thin Lenses and Systems",0,000000,1
9349,"Physics",n00000065,"Geometric Optics of Thin Lenses and Systems",0,000000,1
10347,"Physics",n00000065,"Geometric Optics of Thin Lenses and Systems",0,000000,1
9753,"Physics",n00000065,"Geometric Optics of Thin Lenses and Systems",0,000000,1
4219,"Chemistry",n00000065,"Geometric Optics of Thin Lenses and Systems",0,000000,1
9246,"Physics",n00000234,"Optical Interference and Thin Film Phenomena",0,000000,1
9396,"Physics",n00000234,"Optical Interference and Thin Film Phenomena",0,000000,1
10255,"Physics",n00000234,"Optical Interference and Thin Film Phenomena",0,000000,1
9506,"Physics",n00000234,"Optical Interference and Thin Film Phenomena",0,000000,1
9471,"Physics",n00000234,"Optical Interference and Thin Film Phenomena",-0,633058,2
9471,"Physics",n00000170,"Molecular Spectroscopy and Thermodynamic Partition Functions",-0,757079,2
9157,"Physics",n00000234,"Optical Interference and Thin Film Phenomena",0,000000,1
9983,"Physics",n00000234,"Optical Interference and Thin Film Phenomena",0,000000,1
9732,"Physics",n00000234,"Optical Interference and Thin Film Phenomena",0,000000,1
10083,"Physics",n00000234,"Optical Interference and Thin Film Phenomena",0,000000,1
9247,"Physics",n00000234,"Optical Interference and Thin Film Phenomena",0,000000,1
9760,"Physics",n00000234,"Optical Interference and Thin Film Phenomena",0,000000,1
9666,"Physics",n00000234,"Optical Interference and Thin Film Phenomena",0,000000,1
9875,"Physics",n00000234,"Optical Interference and Thin Film Phenomena",0,000000,1
9868,"Physics",n00000037,"Forced Convection Heat Transfer Analysis",0,000000,1
9869,"Physics",n00000234,"Optical Interference and Thin Film Phenomena",0,000000,1
9664,"Physics",n00000234,"Optical Interference and Thin Film Phenomena",0,000000,1
10349,"Physics",n00000234,"Optical Interference and Thin Film Phenomena",0,000000,1
10290,"Physics",n00000234,"Optical Interference and Thin Film Phenomena",0,000000,1
9161,"Physics",n00000234,"Optical Interference and Thin Film Phenomena",0,000000,1
9975,"Physics",n00000037,"Forced Convection Heat Transfer Analysis",0,000000,1
9281,"Physics",n00000234,"Optical Interference and Thin Film Phenomena",0,000000,1
9160,"Physics",n00000065,"Geometric Optics of Thin Lenses and Systems",0,000000,1
9151,"Physics",n00000234,"Optical Interference and Thin Film Phenomena",0,000000,1
9976,"Physics",n00000234,"Optical Interference and Thin Film Phenomena",0,000000,1
10287,"Physics",n00000234,"Optical Interference and Thin Film Phenomena",0,000000,1
9759,"Physics",n00000234,"Optical Interference and Thin Film Phenomena",0,000000,1
3775,"Chemistry",n00000234,"Optical Interference and Thin Film Phenomena",0,000000,1
3648,"Chemistry",n00000234,"Optical Interference and Thin Film Phenomena",0,000000,1
2588,"Psychology",n00000080,"Human Anatomy and Physiological Function",-0,291854,2
2588,"Psychology",n00000065,"Geometric Optics of Thin Lenses and Systems",-1,373883,2
11316,"Engineering",n00000235,"Wave Propagation and Antenna Parameters",0,000000,1
12153,"Engineering",n00000235,"Wave Propagation and Antenna Parameters",-0,301647,2
12153,"Engineering",n00000234,"Optical Interference and Thin Film Phenomena",-1,345533,2
7728,"Math",n00000226,"Kinematic Motion Analysis and Problem Solving",0,000000,1
8680,"Math",n00000155,"Gravitational Field and Orbital Mechanics Analysis",0,000000,1
9922,"Physics",n00000155,"Gravitational Field and Orbital Mechanics Analysis",0,000000,1
8629,"Math",n00000152,"Applied Newtonian Mechanics and Work Calculations",0,000000,1
9605,"Physics",n00000152,"Applied Newtonian Mechanics and Work Calculations",0,000000,1
9304,"Physics",n00000152,"Applied Newtonian Mechanics and Work Calculations",0,000000,1
10153,"Physics",n00000152,"Applied Newtonian Mechanics and Work Calculations",0,000000,1
9813,"Physics",n00000155,"Gravitational Field and Orbital Mechanics Analysis",0,000000,1
9805,"Physics",n00000693,"Electrostatic Field and Charge Distribution Analysis",0,000000,1
10265,"Physics",n00000152,"Applied Newtonian Mechanics and Work Calculations",0,000000,1
9070,"Physics",n00000155,"Gravitational Field and Orbital Mechanics Analysis",0,000000,1
9205,"Physics",n00000152,"Applied Newtonian Mechanics and Work Calculations",0,000000,1
10108,"Physics",n00000152,"Applied Newtonian Mechanics and Work Calculations",0,000000,1
10325,"Physics",n00000152,"Applied Newtonian Mechanics and Work Calculations",0,000000,1
10130,"Physics",n00000152,"Applied Newtonian Mechanics and Work Calculations",0,000000,1
9077,"Physics",n00000152,"Applied Newtonian Mechanics and Work Calculations",0,000000,1
9842,"Physics",n00000155,"Gravitational Field and Orbital Mechanics Analysis",0,000000,1
9326,"Physics",n00000155,"Gravitational Field and Orbital Mechanics Analysis",0,000000,1
9503,"Physics",n00000152,"Applied Newtonian Mechanics and Work Calculations",0,000000,1
9996,"Physics",n00000155,"Gravitational Field and Orbital Mechanics Analysis",-0,455982,2
9996,"Physics",n00000152,"Applied Newtonian Mechanics and Work Calculations",-1,004645,2
10123,"Physics",n00000155,"Gravitational Field and Orbital Mechanics Analysis",0,000000,1
10049,"Physics",n00000693,"Electrostatic Field and Charge Distribution Analysis",0,000000,1
10260,"Physics",n00000155,"Gravitational Field and Orbital Mechanics Analysis",-0,455441,2
10260,"Physics",n00000152,"Applied Newtonian Mechanics and Work Calculations",-1,005581,2
10101,"Physics",n00000155,"Gravitational Field and Orbital Mechanics Analysis",0,000000,1
9830,"Physics",n00000235,"Wave Propagation and Antenna Parameters",0,000000,1
9925,"Physics",n00000693,"Electrostatic Field and Charge Distribution Analysis",0,000000,1
10166,"Physics",n00000235,"Wave Propagation and Antenna Parameters",-0,291993,2
10166,"Physics",n00000227,"Special Relativity Kinematic Effects",-1,373471,2
9091,"Physics",n00000152,"Applied Newtonian Mechanics and Work Calculations",0,000000,1
9123,"Physics",n00000693,"Electrostatic Field and Charge Distribution Analysis",0,000000,1
9433,"Physics",n00000155,"Gravitational Field and Orbital Mechanics Analysis",0,000000,1
9720,"Physics",n00000177,"Electrical Circuit Power and Energy Dynamics",0,000000,1
9816,"Physics",n00000152,"Applied Newtonian Mechanics and Work Calculations",-0,629047,2
9816,"Physics",n00000155,"Gravitational Field and Orbital Mechanics Analysis",-0,761639,2
9421,"Physics",n00000694,"Charged Particle Dynamics in Electromagnetic Fields",0,000000,1
10307,"Physics",n00000694,"Charged Particle Dynamics in Electromagnetic Fields",0,000000,1
9434,"Physics",n00000235,"Wave Propagation and Antenna Parameters",0,000000,1
10056,"Physics",n00000227,"Special Relativity Kinematic Effects",-0,956246,3
10056,"Physics",n00000226,"Kinematic Motion Analysis and Problem Solving",-1,038348,3
10056,"Physics",n00000155,"Gravitational Field and Orbital Mechanics Analysis",-1,340832,3
10335,"Physics",n00000694,"Charged Particle Dynamics in Electromagnetic Fields",0,000000,1
9511,"Physics",n00000152,"Applied Newtonian Mechanics and Work Calculations",-0,441968,2
9511,"Physics",n00000235,"Wave Propagation and Antenna Parameters",-1,029376,2
10213,"Physics",n00000693,"Electrostatic Field and Charge Distribution Analysis",0,000000,1
9632,"Physics",n00000235,"Wave Propagation and Antenna Parameters",0,000000,1
9179,"Physics",n00000693,"Electrostatic Field and Charge Distribution Analysis",0,000000,1
9800,"Physics",n00000152,"Applied Newtonian Mechanics and Work Calculations",0,000000,1
9259,"Physics",n00000227,"Special Relativity Kinematic Effects",0,000000,1
9578,"Physics",n00000227,"Special Relativity Kinematic Effects",-0,404565,2
9578,"Physics",n00000152,"Applied Newtonian Mechanics and Work Calculations",-1,100414,2
9208,"Physics",n00000152,"Applied Newtonian Mechanics and Work Calculations",0,000000,1
10115,"Physics",n00000693,"Electrostatic Field and Charge Distribution Analysis",0,000000,1
9483,"Physics",n00000105,"Cognitive Processes in Learning and Memory",-0,293293,2
9483,"Physics",n00000173,"Organizational and Social Psychological Theories of Behavior",-1,369647,2
10296,"Physics",n00000155,"Gravitational Field and Orbital Mechanics Analysis",0,000000,1
10171,"Physics",n00000152,"Applied Newtonian Mechanics and Work Calculations",0,000000,1
10332,"Physics",n00000235,"Wave Propagation and Antenna Parameters",0,000000,1
9998,"Physics",n00000694,"Charged Particle Dynamics in Electromagnetic Fields",0,000000,1
9962,"Physics",n00000155,"Gravitational Field and Orbital Mechanics Analysis",0,000000,1
9417,"Physics",n00000152,"Applied Newtonian Mechanics and Work Calculations",0,000000,1
10099,"Physics",n00000155,"Gravitational Field and Orbital Mechanics Analysis",0,000000,1
9049,"Physics",n00000157,"Quantum Photoelectric and Particle-Wave Duality Problems",-0,372266,2
9049,"Physics",n00000234,"Optical Interference and Thin Film Phenomena",-1,168511,2
5790,"Other",n00000126,"Logical Statement Verification in Algebraic Structures",0,000000,1
5111,"Other",n00000152,"Applied Newtonian Mechanics and Work Calculations",0,000000,1
12164,"Engineering",n00000694,"Charged Particle Dynamics in Electromagnetic Fields",0,000000,1
11775,"Engineering",n00000694,"Charged Particle Dynamics in Electromagnetic Fields",0,000000,1
8860,"Math",n00000227,"Special Relativity Kinematic Effects",-0,389297,2
8860,"Math",n00000226,"Kinematic Motion Analysis and Problem Solving",-1,131754,2
8096,"Math",n00000152,"Applied Newtonian Mechanics and Work Calculations",-0,558097,2
8096,"Math",n00000226,"Kinematic Motion Analysis and Problem Solving",-0,849326,2
8762,"Math",n00000226,"Kinematic Motion Analysis and Problem Solving",0,000000,1
9894,"Physics",n00000226,"Kinematic Motion Analysis and Problem Solving",0,000000,1
9292,"Physics",n00000227,"Special Relativity Kinematic Effects",0,000000,1
8189,"Math",n00000226,"Kinematic Motion Analysis and Problem Solving",0,000000,1
9201,"Physics",n00000226,"Kinematic Motion Analysis and Problem Solving",0,000000,1
9034,"Math",n00000226,"Kinematic Motion Analysis and Problem Solving",0,000000,1
9554,"Physics",n00000226,"Kinematic Motion Analysis and Problem Solving",0,000000,1
9310,"Physics",n00000226,"Kinematic Motion Analysis and Problem Solving",0,000000,1
10054,"Physics",n00000226,"Kinematic Motion Analysis and Problem Solving",0,000000,1
9340,"Physics",n00000226,"Kinematic Motion Analysis and Problem Solving",0,000000,1
10095,"Physics",n00000152,"Applied Newtonian Mechanics and Work Calculations",0,000000,1
9893,"Physics",n00000226,"Kinematic Motion Analysis and Problem Solving",0,000000,1
10015,"Physics",n00000226,"Kinematic Motion Analysis and Problem Solving",0,000000,1
10035,"Physics",n00000152,"Applied Newtonian Mechanics and Work Calculations",-0,601234,2
10035,"Physics",n00000226,"Kinematic Motion Analysis and Problem Solving",-0,794371,2
9442,"Physics",n00000155,"Gravitational Field and Orbital Mechanics Analysis",0,000000,1
9523,"Physics",n00000227,"Special Relativity Kinematic Effects",0,000000,1
9746,"Physics",n00000226,"Kinematic Motion Analysis and Problem Solving",0,000000,1
9408,"Physics",n00000226,"Kinematic Motion Analysis and Problem Solving",0,000000,1
9198,"Physics",n00000226,"Kinematic Motion Analysis and Problem Solving",0,000000,1
10112,"Physics",n00000226,"Kinematic Motion Analysis and Problem Solving",0,000000,1
10326,"Physics",n00000226,"Kinematic Motion Analysis and Problem Solving",-0,333896,2
10326,"Physics",n00000152,"Applied Newtonian Mechanics and Work Calculations",-1,259232,2
9200,"Physics",n00000152,"Applied Newtonian Mechanics and Work Calculations",-0,354124,2
9200,"Physics",n00000226,"Kinematic Motion Analysis and Problem Solving",-1,209951,2
10093,"Physics",n00000152,"Applied Newtonian Mechanics and Work Calculations",0,000000,1
10182,"Physics",n00000226,"Kinematic Motion Analysis and Problem Solving",0,000000,1
9330,"Physics",n00000227,"Special Relativity Kinematic Effects",0,000000,1
10132,"Physics",n00000227,"Special Relativity Kinematic Effects",0,000000,1
10043,"Physics",n00000037,"Forced Convection Heat Transfer Analysis",0,000000,1
9325,"Physics",n00000227,"Special Relativity Kinematic Effects",-0,575119,2
9325,"Physics",n00000694,"Charged Particle Dynamics in Electromagnetic Fields",-0,826993,2
9478,"Physics",n00000227,"Special Relativity Kinematic Effects",-0,424225,2
9478,"Physics",n00000155,"Gravitational Field and Orbital Mechanics Analysis",-1,062116,2
9418,"Physics",n00000152,"Applied Newtonian Mechanics and Work Calculations",0,000000,1
9385,"Physics",n00000227,"Special Relativity Kinematic Effects",0,000000,1
9681,"Physics",n00000227,"Special Relativity Kinematic Effects",0,000000,1
9820,"Physics",n00000152,"Applied Newtonian Mechanics and Work Calculations",0,000000,1
9122,"Physics",n00000179,"Biological Response Mechanisms and Environmental Interactions",0,000000,1
9627,"Physics",n00000227,"Special Relativity Kinematic Effects",-0,943403,3
9627,"Physics",n00000152,"Applied Newtonian Mechanics and Work Calculations",-1,053416,3
9627,"Physics",n00000226,"Kinematic Motion Analysis and Problem Solving",-1,339584,3
10252,"Physics",n00000227,"Special Relativity Kinematic Effects",0,000000,1
9424,"Physics",n00000227,"Special Relativity Kinematic Effects",0,000000,1
9913,"Physics",n00000037,"Forced Convection Heat Transfer Analysis",0,000000,1
9204,"Physics",n00000227,"Special Relativity Kinematic Effects",0,000000,1
9846,"Physics",n00000227,"Special Relativity Kinematic Effects",0,000000,1
9604,"Physics",n00000227,"Special Relativity Kinematic Effects",0,000000,1
9319,"Physics",n00000227,"Special Relativity Kinematic Effects",0,000000,1
4323,"Chemistry",n00000226,"Kinematic Motion Analysis and Problem Solving",-0,404173,2
4323,"Chemistry",n00000152,"Applied Newtonian Mechanics and Work Calculations",-1,101202,2
4088,"Chemistry",n00000235,"Wave Propagation and Antenna Parameters",-0,370109,2
4088,"Chemistry",n00000227,"Special Relativity Kinematic Effects",-1,173310,2
4086,"Chemistry",n00000227,"Special Relativity Kinematic Effects",-0,670628,2
4086,"Chemistry",n00000171,"Molecular Kinetic and Bonding Properties",-0,716185,2
7467,"Economics",n00000158,"Microeconomic Production and Distribution Theory",0,000000,1
6928,"Economics",n00000158,"Microeconomic Production and Distribution Theory",-0,574835,2
6928,"Economics",n00000079,"Demographic and Societal Indicators Analysis",-0,827359,2
7100,"Economics",n00000158,"Microeconomic Production and Distribution Theory",0,000000,1
6948,"Economics",n00000159,"Applied Microeconomic Frameworks and Policy Instruments",0,000000,1
7535,"Economics",n00000159,"Applied Microeconomic Frameworks and Policy Instruments",0,000000,1
7288,"Economics",n00000524,"Macroeconomic Growth and Productivity Metrics",0,000000,1
7005,"Economics",n00000159,"Applied Microeconomic Frameworks and Policy Instruments",0,000000,1
7205,"Economics",n00000159,"Applied Microeconomic Frameworks and Policy Instruments",0,000000,1
7533,"Economics",n00000158,"Microeconomic Production and Distribution Theory",-0,452648,2
7533,"Economics",n00000159,"Applied Microeconomic Frameworks and Policy Instruments",-1,010442,2
7076,"Economics",n00000219,"Applied Business Percentage Calculations",0,000000,1
7411,"Economics",n00000158,"Microeconomic Production and Distribution Theory",0,000000,1
7094,"Economics",n00000158,"Microeconomic Production and Distribution Theory",0,000000,1
5596,"Other",n00000159,"Applied Microeconomic Frameworks and Policy Instruments",0,000000,1
7129,"Economics",n00000159,"Applied Microeconomic Frameworks and Policy Instruments",0,000000,1
6850,"Economics",n00000158,"Microeconomic Production and Distribution Theory",-0,364985,2
6850,"Economics",n00000159,"Applied Microeconomic Frameworks and Policy Instruments",-1,184848,2
6865,"Economics",n00000159,"Applied Microeconomic Frameworks and Policy Instruments",-0,316847,2
6865,"Economics",n00000158,"Microeconomic Production and Distribution Theory",-1,303579,2
7620,"Economics",n00000158,"Microeconomic Production and Distribution Theory",0,000000,1
5990,"Other",n00000077,"Exclusion Criteria in Business Frameworks",-0,467302,2
5990,"Other",n00000159,"Applied Microeconomic Frameworks and Policy Instruments",-0,985348,2
5579,"Other",n00000077,"Exclusion Criteria in Business Frameworks",-0,497370,2
5579,"Other",n00000159,"Applied Microeconomic Frameworks and Policy Instruments",-0,936820,2
79,"Business",n00000159,"Applied Microeconomic Frameworks and Policy Instruments",0,000000,1
570,"Business",n00000079,"Demographic and Societal Indicators Analysis",0,000000,1
757,"Business",n00000159,"Applied Microeconomic Frameworks and Policy Instruments",0,000000,1
7148,"Economics",n00000158,"Microeconomic Production and Distribution Theory",0,000000,1
7578,"Economics",n00000158,"Microeconomic Production and Distribution Theory",0,000000,1
7257,"Economics",n00000158,"Microeconomic Production and Distribution Theory",0,000000,1
6857,"Economics",n00000077,"Exclusion Criteria in Business Frameworks",0,000000,1
7087,"Economics",n00000158,"Microeconomic Production and Distribution Theory",-0,404090,2
7087,"Economics",n00000524,"Macroeconomic Growth and Productivity Metrics",-1,101367,2
6878,"Economics",n00000158,"Microeconomic Production and Distribution Theory",0,000000,1
7609,"Economics",n00000139,"Normative Ethical and Legal Argumentation Frameworks",0,000000,1
6882,"Economics",n00000158,"Microeconomic Production and Distribution Theory",0,000000,1
7011,"Economics",n00000158,"Microeconomic Production and Distribution Theory",0,000000,1
7673,"Economics",n00000158,"Microeconomic Production and Distribution Theory",0,000000,1
7279,"Economics",n00000158,"Microeconomic Production and Distribution Theory",0,000000,1
6918,"Economics",n00000158,"Microeconomic Production and Distribution Theory",0,000000,1
7615,"Economics",n00000158,"Microeconomic Production and Distribution Theory",0,000000,1
6937,"Economics",n00000158,"Microeconomic Production and Distribution Theory",0,000000,1
7330,"Economics",n00000252,"Market Structure Efficiency and Welfare Analysis",-0,605477,2
7330,"Economics",n00000158,"Microeconomic Production and Distribution Theory",-0,789249,2
7587,"Economics",n00000158,"Microeconomic Production and Distribution Theory",-0,537839,2
7587,"Economics",n00000159,"Applied Microeconomic Frameworks and Policy Instruments",-0,877091,2
6855,"Economics",n00000158,"Microeconomic Production and Distribution Theory",0,000000,1
7621,"Economics",n00000158,"Microeconomic Production and Distribution Theory",0,000000,1
7138,"Economics",n00000158,"Microeconomic Production and Distribution Theory",0,000000,1
7321,"Economics",n00000158,"Microeconomic Production and Distribution Theory",0,000000,1
11206,"Philosophy",n00000158,"Microeconomic Production and Distribution Theory",0,000000,1
6912,"Economics",n00000239,"Econometric Time Series Model Diagnostics",0,000000,1
7380,"Economics",n00000159,"Applied Microeconomic Frameworks and Policy Instruments",0,000000,1
7655,"Economics",n00000239,"Econometric Time Series Model Diagnostics",0,000000,1
7278,"Economics",n00000158,"Microeconomic Production and Distribution Theory",0,000000,1
6989,"Economics",n00000159,"Applied Microeconomic Frameworks and Policy Instruments",-0,337888,2
6989,"Economics",n00000239,"Econometric Time Series Model Diagnostics",-1,249232,2
7662,"Economics",n00000159,"Applied Microeconomic Frameworks and Policy Instruments",0,000000,1
6888,"Economics",n00000159,"Applied Microeconomic Frameworks and Policy Instruments",0,000000,1
7092,"Economics",n00000524,"Macroeconomic Growth and Productivity Metrics",-0,501520,2
7092,"Economics",n00000159,"Applied Microeconomic Frameworks and Policy Instruments",-0,930414,2
7060,"Economics",n00000158,"Microeconomic Production and Distribution Theory",0,000000,1
5843,"Other",n00000159,"Applied Microeconomic Frameworks and Policy Instruments",0,000000,1
7501,"Economics",n00000252,"Market Structure Efficiency and Welfare Analysis",-0,389061,2
7501,"Economics",n00000253,"Market Price Determination and Elasticity Analysis",-1,132251,2
7110,"Economics",n00000253,"Market Price Determination and Elasticity Analysis",0,000000,1
7593,"Economics",n00000158,"Microeconomic Production and Distribution Theory",0,000000,1
7433,"Economics",n00000253,"Market Price Determination and Elasticity Analysis",-0,456165,2
7433,"Economics",n00000252,"Market Structure Efficiency and Welfare Analysis",-1,004327,2
7173,"Economics",n00000158,"Microeconomic Production and Distribution Theory",0,000000,1
7528,"Economics",n00000253,"Market Price Determination and Elasticity Analysis",0,000000,1
7016,"Economics",n00000159,"Applied Microeconomic Frameworks and Policy Instruments",-0,959938,3
7016,"Economics",n00000252,"Market Structure Efficiency and Welfare Analysis",-1,113194,3
7016,"Economics",n00000253,"Market Price Determination and Elasticity Analysis",-1,242799,3
7576,"Economics",n00000253,"Market Price Determination and Elasticity Analysis",0,000000,1
7212,"Economics",n00000158,"Microeconomic Production and Distribution Theory",0,000000,1
7577,"Economics",n00000253,"Market Price Determination and Elasticity Analysis",0,000000,1
7283,"Economics",n00000158,"Microeconomic Production and Distribution Theory",0,000000,1
7239,"Economics",n00000253,"Market Price Determination and Elasticity Analysis",0,000000,1
7324,"Economics",n00000253,"Market Price Determination and Elasticity Analysis",0,000000,1
7519,"Economics",n00000159,"Applied Microeconomic Frameworks and Policy Instruments",-0,555926,2
7519,"Economics",n00000253,"Market Price Determination and Elasticity Analysis",-0,852239,2
7260,"Economics",n00000253,"Market Price Determination and Elasticity Analysis",0,000000,1
7438,"Economics",n00000253,"Market Price Determination and Elasticity Analysis",0,000000,1
6839,"Economics",n00000253,"Market Price Determination and Elasticity Analysis",0,000000,1
7508,"Economics",n00000158,"Microeconomic Production and Distribution Theory",-0,357041,2
7508,"Economics",n00000253,"Market Price Determination and Elasticity Analysis",-1,203119,2
7113,"Economics",n00000253,"Market Price Determination and Elasticity Analysis",0,000000,1
7520,"Economics",n00000253,"Market Price Determination and Elasticity Analysis",0,000000,1
7055,"Economics",n00000253,"Market Price Determination and Elasticity Analysis",0,000000,1
6923,"Economics",n00000158,"Microeconomic Production and Distribution Theory",0,000000,1
7365,"Economics",n00000253,"Market Price Determination and Elasticity Analysis",0,000000,1
7651,"Economics",n00000253,"Market Price Determination and Elasticity Analysis",0,000000,1
6876,"Economics",n00000252,"Market Structure Efficiency and Welfare Analysis",-0,420281,2
6876,"Economics",n00000159,"Applied Microeconomic Frameworks and Policy Instruments",-1,069622,2
7119,"Economics",n00000253,"Market Price Determination and Elasticity Analysis",0,000000,1
6979,"Economics",n00000158,"Microeconomic Production and Distribution Theory",0,000000,1
7246,"Economics",n00000253,"Market Price Determination and Elasticity Analysis",0,000000,1
6907,"Economics",n00000158,"Microeconomic Production and Distribution Theory",0,000000,1
7042,"Economics",n00000252,"Market Structure Efficiency and Welfare Analysis",0,000000,1
7170,"Economics",n00000253,"Market Price Determination and Elasticity Analysis",0,000000,1
5622,"Other",n00000253,"Market Price Determination and Elasticity Analysis",0,000000,1
5832,"Other",n00000253,"Market Price Determination and Elasticity Analysis",0,000000,1
7054,"Economics",n00000252,"Market Structure Efficiency and Welfare Analysis",0,000000,1
6867,"Economics",n00000252,"Market Structure Efficiency and Welfare Analysis",0,000000,1
6900,"Economics",n00000158,"Microeconomic Production and Distribution Theory",-0,400969,2
6900,"Economics",n00000159,"Applied Microeconomic Frameworks and Policy Instruments",-1,107667,2
7112,"Economics",n00000252,"Market Structure Efficiency and Welfare Analysis",0,000000,1
7139,"Economics",n00000252,"Market Structure Efficiency and Welfare Analysis",-0,349517,2
7139,"Economics",n00000159,"Applied Microeconomic Frameworks and Policy Instruments",-1,220877,2
7127,"Economics",n00000252,"Market Structure Efficiency and Welfare Analysis",0,000000,1
7439,"Economics",n00000252,"Market Structure Efficiency and Welfare Analysis",0,000000,1
7409,"Economics",n00000252,"Market Structure Efficiency and Welfare Analysis",0,000000,1
5255,"Other",n00000252,"Market Structure Efficiency and Welfare Analysis",0,000000,1
5471,"Other",n00000252,"Market Structure Efficiency and Welfare Analysis",0,000000,1
5237,"Other",n00000252,"Market Structure Efficiency and Welfare Analysis",0,000000,1
195,"Business",n00000252,"Market Structure Efficiency and Welfare Analysis",0,000000,1
683,"Business",n00000252,"Market Structure Efficiency and Welfare Analysis",0,000000,1
699,"Business",n00000252,"Market Structure Efficiency and Welfare Analysis",0,000000,1
369,"Business",n00000252,"Market Structure Efficiency and Welfare Analysis",0,000000,1
505,"Business",n00000252,"Market Structure Efficiency and Welfare Analysis",0,000000,1
78,"Business",n00000252,"Market Structure Efficiency and Welfare Analysis",0,000000,1
6898,"Economics",n00000190,"Monetary Policy Mechanisms and Money Supply Dynamics",0,000000,1
6861,"Economics",n00000190,"Monetary Policy Mechanisms and Money Supply Dynamics",0,000000,1
7347,"Economics",n00000523,"Fiscal Policy Multiplier Mechanisms",0,000000,1
7388,"Economics",n00000523,"Fiscal Policy Multiplier Mechanisms",0,000000,1
7603,"Economics",n00000190,"Monetary Policy Mechanisms and Money Supply Dynamics",0,000000,1
6896,"Economics",n00000190,"Monetary Policy Mechanisms and Money Supply Dynamics",0,000000,1
6889,"Economics",n00000190,"Monetary Policy Mechanisms and Money Supply Dynamics",0,000000,1
6961,"Economics",n00000190,"Monetary Policy Mechanisms and Money Supply Dynamics",-0,425504,2
6961,"Economics",n00000524,"Macroeconomic Growth and Productivity Metrics",-1,059701,2
7558,"Economics",n00000190,"Monetary Policy Mechanisms and Money Supply Dynamics",0,000000,1
6959,"Economics",n00000523,"Fiscal Policy Multiplier Mechanisms",0,000000,1
7164,"Economics",n00000190,"Monetary Policy Mechanisms and Money Supply Dynamics",0,000000,1
7296,"Economics",n00000190,"Monetary Policy Mechanisms and Money Supply Dynamics",0,000000,1
7106,"Economics",n00000523,"Fiscal Policy Multiplier Mechanisms",0,000000,1
7405,"Economics",n00000190,"Monetary Policy Mechanisms and Money Supply Dynamics",0,000000,1
6956,"Economics",n00000190,"Monetary Policy Mechanisms and Money Supply Dynamics",0,000000,1
6940,"Economics",n00000190,"Monetary Policy Mechanisms and Money Supply Dynamics",0,000000,1
7534,"Economics",n00000190,"Monetary Policy Mechanisms and Money Supply Dynamics",0,000000,1
7263,"Economics",n00000190,"Monetary Policy Mechanisms and Money Supply Dynamics",0,000000,1
6881,"Economics",n00000523,"Fiscal Policy Multiplier Mechanisms",0,000000,1
6864,"Economics",n00000190,"Monetary Policy Mechanisms and Money Supply Dynamics",0,000000,1
7165,"Economics",n00000523,"Fiscal Policy Multiplier Mechanisms",0,000000,1
7350,"Economics",n00000523,"Fiscal Policy Multiplier Mechanisms",0,000000,1
7493,"Economics",n00000523,"Fiscal Policy Multiplier Mechanisms",0,000000,1
7461,"Economics",n00000190,"Monetary Policy Mechanisms and Money Supply Dynamics",0,000000,1
6960,"Economics",n00000523,"Fiscal Policy Multiplier Mechanisms",0,000000,1
7190,"Economics",n00000190,"Monetary Policy Mechanisms and Money Supply Dynamics",0,000000,1
7234,"Economics",n00000190,"Monetary Policy Mechanisms and Money Supply Dynamics",0,000000,1
7286,"Economics",n00000190,"Monetary Policy Mechanisms and Money Supply Dynamics",0,000000,1
7030,"Economics",n00000523,"Fiscal Policy Multiplier Mechanisms",0,000000,1
7639,"Economics",n00000190,"Monetary Policy Mechanisms and Money Supply Dynamics",0,000000,1
5613,"Other",n00000190,"Monetary Policy Mechanisms and Money Supply Dynamics",0,000000,1
6935,"Economics",n00000523,"Fiscal Policy Multiplier Mechanisms",0,000000,1
7513,"Economics",n00000523,"Fiscal Policy Multiplier Mechanisms",0,000000,1
7290,"Economics",n00000523,"Fiscal Policy Multiplier Mechanisms",0,000000,1
5716,"Other",n00000077,"Exclusion Criteria in Business Frameworks",0,000000,1
6925,"Economics",n00000524,"Macroeconomic Growth and Productivity Metrics",0,000000,1
111,"Business",n00000190,"Monetary Policy Mechanisms and Money Supply Dynamics",0,000000,1
7210,"Economics",n00000524,"Macroeconomic Growth and Productivity Metrics",0,000000,1
6868,"Economics",n00000524,"Macroeconomic Growth and Productivity Metrics",0,000000,1
7605,"Economics",n00000524,"Macroeconomic Growth and Productivity Metrics",0,000000,1
7002,"Economics",n00000524,"Macroeconomic Growth and Productivity Metrics",0,000000,1
7424,"Economics",n00000524,"Macroeconomic Growth and Productivity Metrics",0,000000,1
7211,"Economics",n00000523,"Fiscal Policy Multiplier Mechanisms",0,000000,1
7454,"Economics",n00000524,"Macroeconomic Growth and Productivity Metrics",0,000000,1
7463,"Economics",n00000524,"Macroeconomic Growth and Productivity Metrics",0,000000,1
7073,"Economics",n00000524,"Macroeconomic Growth and Productivity Metrics",0,000000,1
7340,"Economics",n00000524,"Macroeconomic Growth and Productivity Metrics",0,000000,1
7157,"Economics",n00000524,"Macroeconomic Growth and Productivity Metrics",0,000000,1
7383,"Economics",n00000524,"Macroeconomic Growth and Productivity Metrics",0,000000,1
7660,"Economics",n00000523,"Fiscal Policy Multiplier Mechanisms",0,000000,1
7427,"Economics",n00000523,"Fiscal Policy Multiplier Mechanisms",0,000000,1
7677,"Economics",n00000523,"Fiscal Policy Multiplier Mechanisms",-0,428018,2
7677,"Economics",n00000524,"Macroeconomic Growth and Productivity Metrics",-1,054977,2
7589,"Economics",n00000523,"Fiscal Policy Multiplier Mechanisms",0,000000,1
7644,"Economics",n00000523,"Fiscal Policy Multiplier Mechanisms",0,000000,1
7622,"Economics",n00000523,"Fiscal Policy Multiplier Mechanisms",0,000000,1
7084,"Economics",n00000524,"Macroeconomic Growth and Productivity Metrics",0,000000,1
7036,"Economics",n00000524,"Macroeconomic Growth and Productivity Metrics",0,000000,1
7038,"Economics",n00000524,"Macroeconomic Growth and Productivity Metrics",0,000000,1
6892,"Economics",n00000524,"Macroeconomic Growth and Productivity Metrics",0,000000,1
7633,"Economics",n00000524,"Macroeconomic Growth and Productivity Metrics",0,000000,1
6826,"Economics",n00000524,"Macroeconomic Growth and Productivity Metrics",0,000000,1
7543,"Economics",n00000425,"Investment Valuation and Yield Analysis",-0,387173,2
7543,"Economics",n00000524,"Macroeconomic Growth and Productivity Metrics",-1,136233,2
7356,"Economics",n00000524,"Macroeconomic Growth and Productivity Metrics",0,000000,1
6895,"Economics",n00000524,"Macroeconomic Growth and Productivity Metrics",0,000000,1
5305,"Other",n00000103,"Historical Rhetoric and Political Persuasion Analysis",0,000000,1
8799,"Math",n00000126,"Logical Statement Verification in Algebraic Structures",-0,600951,2
8799,"Math",n00000166,"Discriminative Statement Verification Tasks",-0,794715,2
8230,"Math",n00000186,"Fundamental Statistical Inference Principles",-0,417280,2
8230,"Math",n00000238,"Machine Learning Model Properties and Tradeoffs",-1,075392,2
9254,"Physics",n00000126,"Logical Statement Verification in Algebraic Structures",0,000000,1
9678,"Physics",n00000166,"Discriminative Statement Verification Tasks",0,000000,1
6904,"Economics",n00000077,"Exclusion Criteria in Business Frameworks",-0,318923,2
6904,"Economics",n00000166,"Discriminative Statement Verification Tasks",-1,298033,2
6985,"Economics",n00000166,"Discriminative Statement Verification Tasks",0,000000,1
5937,"Other",n00000079,"Demographic and Societal Indicators Analysis",0,000000,1
5368,"Other",n00000126,"Logical Statement Verification in Algebraic Structures",0,000000,1
5609,"Other",n00000185,"Fundamental Computing and Electrical Principles",-0,574030,2
5609,"Other",n00000166,"Discriminative Statement Verification Tasks",-0,828396,2
5905,"Other",n00000055,"Formal Logical Argument Validation",0,000000,1
3986,"Chemistry",n00000171,"Molecular Kinetic and Bonding Properties",0,000000,1
4610,"Chemistry",n00000166,"Discriminative Statement Verification Tasks",0,000000,1
11893,"Engineering",n00000166,"Discriminative Statement Verification Tasks",0,000000,1
10583,"Computer science",n00000077,"Exclusion Criteria in Business Frameworks",-0,598557,2
10583,"Computer science",n00000166,"Discriminative Statement Verification Tasks",-0,797628,2
8979,"Math",n00000172,"Psychometric Test Validity and Reliability Principles",0,000000,1
8977,"Math",n00000077,"Exclusion Criteria in Business Frameworks",0,000000,1
6950,"Economics",n00000166,"Discriminative Statement Verification Tasks",0,000000,1
7599,"Economics",n00000173,"Organizational and Social Psychological Theories of Behavior",0,000000,1
5408,"Other",n00000077,"Exclusion Criteria in Business Frameworks",0,000000,1
5841,"Other",n00000077,"Exclusion Criteria in Business Frameworks",0,000000,1
7231,"Economics",n00000237,"Behavioral and Cognitive Response Mechanisms",0,000000,1
6842,"Economics",n00000076,"Security Dilemmas and State Sovereignty Frameworks",-0,377234,2
6842,"Economics",n00000077,"Exclusion Criteria in Business Frameworks",-1,157584,2
5286,"Other",n00000077,"Exclusion Criteria in Business Frameworks",0,000000,1
5928,"Other",n00000166,"Discriminative Statement Verification Tasks",0,000000,1
5858,"Other",n00000173,"Organizational and Social Psychological Theories of Behavior",-0,551535,2
5858,"Other",n00000077,"Exclusion Criteria in Business Frameworks",-0,858174,2
5919,"Other",n00000077,"Exclusion Criteria in Business Frameworks",0,000000,1
5126,"Other",n00000077,"Exclusion Criteria in Business Frameworks",0,000000,1
5066,"Other",n00000077,"Exclusion Criteria in Business Frameworks",-0,675702,2
5066,"Other",n00000076,"Security Dilemmas and State Sovereignty Frameworks",-0,710902,2
5359,"Other",n00000077,"Exclusion Criteria in Business Frameworks",0,000000,1
5325,"Other",n00000077,"Exclusion Criteria in Business Frameworks",0,000000,1
5186,"Other",n00000186,"Fundamental Statistical Inference Principles",0,000000,1
5495,"Other",n00000077,"Exclusion Criteria in Business Frameworks",0,000000,1
5737,"Other",n00000076,"Security Dilemmas and State Sovereignty Frameworks",0,000000,1
5256,"Other",n00000077,"Exclusion Criteria in Business Frameworks",0,000000,1
5650,"Other",n00000077,"Exclusion Criteria in Business Frameworks",0,000000,1
5178,"Other",n00000166,"Discriminative Statement Verification Tasks",-0,579751,2
5178,"Other",n00000077,"Exclusion Criteria in Business Frameworks",-0,821066,2
5985,"Other",n00000077,"Exclusion Criteria in Business Frameworks",0,000000,1
5570,"Other",n00000077,"Exclusion Criteria in Business Frameworks",0,000000,1
5537,"Other",n00000076,"Security Dilemmas and State Sovereignty Frameworks",0,000000,1
5416,"Other",n00000077,"Exclusion Criteria in Business Frameworks",0,000000,1
5584,"Other",n00000139,"Normative Ethical and Legal Argumentation Frameworks",0,000000,1
5493,"Other",n00000077,"Exclusion Criteria in Business Frameworks",0,000000,1
5144,"Other",n00000076,"Security Dilemmas and State Sovereignty Frameworks",0,000000,1
5491,"Other",n00000077,"Exclusion Criteria in Business Frameworks",0,000000,1
5728,"Other",n00000077,"Exclusion Criteria in Business Frameworks",0,000000,1
5492,"Other",n00000077,"Exclusion Criteria in Business Frameworks",0,000000,1
6214,"Health",n00000079,"Demographic and Societal Indicators Analysis",0,000000,1
6739,"Health",n00000166,"Discriminative Statement Verification Tasks",0,000000,1
2232,"Psychology",n00000077,"Exclusion Criteria in Business Frameworks",0,000000,1
2338,"Psychology",n00000077,"Exclusion Criteria in Business Frameworks",0,000000,1
2511,"Psychology",n00000077,"Exclusion Criteria in Business Frameworks",0,000000,1
2704,"Psychology",n00000077,"Exclusion Criteria in Business Frameworks",0,000000,1
2529,"Psychology",n00000105,"Cognitive Processes in Learning and Memory",0,000000,1
299,"Business",n00000079,"Demographic and Societal Indicators Analysis",0,000000,1
72,"Business",n00000173,"Organizational and Social Psychological Theories of Behavior",0,000000,1
80,"Business",n00000077,"Exclusion Criteria in Business Frameworks",-0,350052,2
80,"Business",n00000172,"Psychometric Test Validity and Reliability Principles",-1,219598,2
306,"Business",n00000077,"Exclusion Criteria in Business Frameworks",0,000000,1
831,"Business",n00000077,"Exclusion Criteria in Business Frameworks",0,000000,1
361,"Business",n00000077,"Exclusion Criteria in Business Frameworks",0,000000,1
307,"Business",n00000077,"Exclusion Criteria in Business Frameworks",-0,471147,2
307,"Business",n00000139,"Normative Ethical and Legal Argumentation Frameworks",-0,978927,2
691,"Business",n00000173,"Organizational and Social Psychological Theories of Behavior",-0,657927,2
691,"Business",n00000172,"Psychometric Test Validity and Reliability Principles",-0,729653,2
132,"Business",n00000077,"Exclusion Criteria in Business Frameworks",0,000000,1
190,"Business",n00000139,"Normative Ethical and Legal Argumentation Frameworks",-0,672607,2
190,"Business",n00000077,"Exclusion Criteria in Business Frameworks",-0,714118,2
499,"Business",n00000055,"Formal Logical Argument Validation",0,000000,1
263,"Business",n00000077,"Exclusion Criteria in Business Frameworks",0,000000,1
437,"Business",n00000077,"Exclusion Criteria in Business Frameworks",0,000000,1
438,"Business",n00000077,"Exclusion Criteria in Business Frameworks",0,000000,1
754,"Business",n00000077,"Exclusion Criteria in Business Frameworks",0,000000,1
1514,"Law",n00000077,"Exclusion Criteria in Business Frameworks",-0,612199,2
1514,"Law",n00000239,"Econometric Time Series Model Diagnostics",-0,781229,2
1099,"Law",n00000426,"Business Financial Calculations and Insurance Mathematics",0,000000,1
1411,"Law",n00000077,"Exclusion Criteria in Business Frameworks",0,000000,1
7335,"Economics",n00000079,"Demographic and Societal Indicators Analysis",-0,588861,2
7335,"Economics",n00000077,"Exclusion Criteria in Business Frameworks",-0,809589,2
5855,"Other",n00000076,"Security Dilemmas and State Sovereignty Frameworks",-0,470109,2
5855,"Other",n00000079,"Demographic and Societal Indicators Analysis",-0,980653,2
5289,"Other",n00000076,"Security Dilemmas and State Sovereignty Frameworks",0,000000,1
5508,"Other",n00000076,"Security Dilemmas and State Sovereignty Frameworks",0,000000,1
5423,"Other",n00000104,"Colonial Encounter Justifications and Consequences",0,000000,1
5518,"Other",n00000076,"Security Dilemmas and State Sovereignty Frameworks",0,000000,1
5588,"Other",n00000076,"Security Dilemmas and State Sovereignty Frameworks",-0,471922,2
5588,"Other",n00000079,"Demographic and Societal Indicators Analysis",-0,977640,2
5520,"Other",n00000077,"Exclusion Criteria in Business Frameworks",0,000000,1
5400,"Other",n00000103,"Historical Rhetoric and Political Persuasion Analysis",0,000000,1
5287,"Other",n00000079,"Demographic and Societal Indicators Analysis",0,000000,1
5248,"Other",n00000076,"Security Dilemmas and State Sovereignty Frameworks",0,000000,1
5667,"Other",n00000076,"Security Dilemmas and State Sovereignty Frameworks",-0,469612,2
5667,"Other",n00000079,"Demographic and Societal Indicators Analysis",-0,981482,2
5500,"Other",n00000076,"Security Dilemmas and State Sovereignty Frameworks",0,000000,1
5798,"Other",n00000076,"Security Dilemmas and State Sovereignty Frameworks",0,000000,1
5576,"Other",n00000104,"Colonial Encounter Justifications and Consequences",0,000000,1
2973,"Biology",n00000077,"Exclusion Criteria in Business Frameworks",-0,339674,2
2973,"Biology",n00000139,"Normative Ethical and Legal Argumentation Frameworks",-1,244803,2
200,"Business",n00000076,"Security Dilemmas and State Sovereignty Frameworks",0,000000,1
566,"Business",n00000076,"Security Dilemmas and State Sovereignty Frameworks",0,000000,1
950,"Law",n00000076,"Security Dilemmas and State Sovereignty Frameworks",0,000000,1
1541,"Law",n00000128,"Constitutional Challenges to State Regulatory Laws",0,000000,1
5073,"Other",n00000076,"Security Dilemmas and State Sovereignty Frameworks",0,000000,1
5661,"Other",n00000076,"Security Dilemmas and State Sovereignty Frameworks",-0,410788,2
5661,"Other",n00000103,"Historical Rhetoric and Political Persuasion Analysis",-1,088051,2
5292,"Other",n00000076,"Security Dilemmas and State Sovereignty Frameworks",0,000000,1
5436,"Other",n00000076,"Security Dilemmas and State Sovereignty Frameworks",0,000000,1
5432,"Other",n00000076,"Security Dilemmas and State Sovereignty Frameworks",0,000000,1
5152,"Other",n00000076,"Security Dilemmas and State Sovereignty Frameworks",0,000000,1
5509,"Other",n00000076,"Security Dilemmas and State Sovereignty Frameworks",0,000000,1
5742,"Other",n00000076,"Security Dilemmas and State Sovereignty Frameworks",0,000000,1
5290,"Other",n00000077,"Exclusion Criteria in Business Frameworks",0,000000,1
5591,"Other",n00000076,"Security Dilemmas and State Sovereignty Frameworks",-0,504044,2
5591,"Other",n00000103,"Historical Rhetoric and Political Persuasion Analysis",-0,926550,2
5861,"Other",n00000076,"Security Dilemmas and State Sovereignty Frameworks",0,000000,1
5370,"Other",n00000076,"Security Dilemmas and State Sovereignty Frameworks",0,000000,1
6623,"Health",n00000166,"Discriminative Statement Verification Tasks",-0,379021,2
6623,"Health",n00000079,"Demographic and Societal Indicators Analysis",-1,153695,2
5660,"Other",n00000103,"Historical Rhetoric and Political Persuasion Analysis",-0,602119,2
5660,"Other",n00000076,"Security Dilemmas and State Sovereignty Frameworks",-0,793299,2
5209,"Other",n00000076,"Security Dilemmas and State Sovereignty Frameworks",0,000000,1
5738,"Other",n00000076,"Security Dilemmas and State Sovereignty Frameworks",0,000000,1
4695,"History",n00000103,"Historical Rhetoric and Political Persuasion Analysis",-0,306950,2
4695,"History",n00000076,"Security Dilemmas and State Sovereignty Frameworks",-1,330624,2
4992,"History",n00000103,"Historical Rhetoric and Political Persuasion Analysis",0,000000,1
974,"Law",n00000139,"Normative Ethical and Legal Argumentation Frameworks",0,000000,1
1494,"Law",n00000076,"Security Dilemmas and State Sovereignty Frameworks",0,000000,1
1380,"Law",n00000076,"Security Dilemmas and State Sovereignty Frameworks",0,000000,1
1052,"Law",n00000076,"Security Dilemmas and State Sovereignty Frameworks",0,000000,1
8547,"Math",n00000172,"Psychometric Test Validity and Reliability Principles",0,000000,1
5448,"Other",n00000079,"Demographic and Societal Indicators Analysis",0,000000,1
5461,"Other",n00000079,"Demographic and Societal Indicators Analysis",0,000000,1
5443,"Other",n00000079,"Demographic and Societal Indicators Analysis",0,000000,1
5750,"Other",n00000079,"Demographic and Societal Indicators Analysis",0,000000,1
5444,"Other",n00000079,"Demographic and Societal Indicators Analysis",0,000000,1
5753,"Other",n00000079,"Demographic and Societal Indicators Analysis",0,000000,1
5789,"Other",n00000079,"Demographic and Societal Indicators Analysis",0,000000,1
5519,"Other",n00000079,"Demographic and Societal Indicators Analysis",0,000000,1
5723,"Other",n00000079,"Demographic and Societal Indicators Analysis",0,000000,1
5226,"Other",n00000079,"Demographic and Societal Indicators Analysis",0,000000,1
5957,"Other",n00000079,"Demographic and Societal Indicators Analysis",0,000000,1
5602,"Other",n00000079,"Demographic and Societal Indicators Analysis",0,000000,1
5446,"Other",n00000079,"Demographic and Societal Indicators Analysis",-0,653453,2
5446,"Other",n00000524,"Macroeconomic Growth and Productivity Metrics",-0,734483,2
5087,"Other",n00000079,"Demographic and Societal Indicators Analysis",0,000000,1
5697,"Other",n00000079,"Demographic and Societal Indicators Analysis",0,000000,1
5310,"Other",n00000079,"Demographic and Societal Indicators Analysis",0,000000,1
5810,"Other",n00000079,"Demographic and Societal Indicators Analysis",0,000000,1
5606,"Other",n00000079,"Demographic and Societal Indicators Analysis",0,000000,1
5686,"Other",n00000079,"Demographic and Societal Indicators Analysis",0,000000,1
5959,"Other",n00000079,"Demographic and Societal Indicators Analysis",0,000000,1
6820,"Health",n00000079,"Demographic and Societal Indicators Analysis",0,000000,1
5535,"Other",n00000079,"Demographic and Societal Indicators Analysis",0,000000,1
5379,"Other",n00000079,"Demographic and Societal Indicators Analysis",0,000000,1
5223,"Other",n00000079,"Demographic and Societal Indicators Analysis",0,000000,1
5752,"Other",n00000236,"Historical and Theoretical Personality Frameworks",0,000000,1
5960,"Other",n00000079,"Demographic and Societal Indicators Analysis",0,000000,1
6094,"Health",n00000079,"Demographic and Societal Indicators Analysis",0,000000,1
6530,"Health",n00000079,"Demographic and Societal Indicators Analysis",0,000000,1
10837,"Philosophy",n00000079,"Demographic and Societal Indicators Analysis",0,000000,1
5230,"Other",n00000167,"Cultural and Media Trivia Identification",0,000000,1
6938,"Economics",n00000166,"Discriminative Statement Verification Tasks",0,000000,1
5829,"Other",n00000167,"Cultural and Media Trivia Identification",0,000000,1
5902,"Other",n00000166,"Discriminative Statement Verification Tasks",0,000000,1
5653,"Other",n00000077,"Exclusion Criteria in Business Frameworks",0,000000,1
5965,"Other",n00000167,"Cultural and Media Trivia Identification",0,000000,1
5454,"Other",n00000167,"Cultural and Media Trivia Identification",0,000000,1
5384,"Other",n00000167,"Cultural and Media Trivia Identification",0,000000,1
5387,"Other",n00000167,"Cultural and Media Trivia Identification",0,000000,1
5825,"Other",n00000166,"Discriminative Statement Verification Tasks",-0,467025,2
5825,"Other",n00000167,"Cultural and Media Trivia Identification",-0,985813,2
5625,"Other",n00000167,"Cultural and Media Trivia Identification",0,000000,1
5105,"Other",n00000167,"Cultural and Media Trivia Identification",0,000000,1
5404,"Other",n00000167,"Cultural and Media Trivia Identification",-0,372755,2
5404,"Other",n00000166,"Discriminative Statement Verification Tasks",-1,167430,2
5546,"Other",n00000167,"Cultural and Media Trivia Identification",0,000000,1
5552,"Other",n00000167,"Cultural and Media Trivia Identification",0,000000,1
5337,"Other",n00000238,"Machine Learning Model Properties and Tradeoffs",0,000000,1
5401,"Other",n00000167,"Cultural and Media Trivia Identification",-0,421967,2
5401,"Other",n00000166,"Discriminative Statement Verification Tasks",-1,066404,2
5241,"Other",n00000167,"Cultural and Media Trivia Identification",-0,686467,2
5241,"Other",n00000079,"Demographic and Societal Indicators Analysis",-0,699873,2
5395,"Other",n00000167,"Cultural and Media Trivia Identification",0,000000,1
5233,"Other",n00000166,"Discriminative Statement Verification Tasks",0,000000,1
5688,"Other",n00000167,"Cultural and Media Trivia Identification",0,000000,1
5385,"Other",n00000079,"Demographic and Societal Indicators Analysis",0,000000,1
5619,"Other",n00000167,"Cultural and Media Trivia Identification",-0,464285,2
5619,"Other",n00000166,"Discriminative Statement Verification Tasks",-0,990434,2
5892,"Other",n00000224,"Applied Quantitative Problem Solving",0,000000,1
5831,"Other",n00000167,"Cultural and Media Trivia Identification",0,000000,1
6263,"Health",n00000166,"Discriminative Statement Verification Tasks",0,000000,1
11096,"Philosophy",n00000167,"Cultural and Media Trivia Identification",-0,402512,2
11096,"Philosophy",n00000033,"Archaeological and Evolutionary Anthropology",-1,104544,2
8695,"Math",n00000155,"Gravitational Field and Orbital Mechanics Analysis",0,000000,1
9729,"Physics",n00000226,"Kinematic Motion Analysis and Problem Solving",0,000000,1
9167,"Physics",n00000037,"Forced Convection Heat Transfer Analysis",0,000000,1
10334,"Physics",n00000166,"Discriminative Statement Verification Tasks",0,000000,1
9944,"Physics",n00000166,"Discriminative Statement Verification Tasks",0,000000,1
9586,"Physics",n00000166,"Discriminative Statement Verification Tasks",0,000000,1
9874,"Physics",n00000166,"Discriminative Statement Verification Tasks",0,000000,1
9829,"Physics",n00000124,"Information Theory and Coding Fundamentals",-0,686705,2
9829,"Physics",n00000185,"Fundamental Computing and Electrical Principles",-0,699631,2
10211,"Physics",n00000171,"Molecular Kinetic and Bonding Properties",0,000000,1
9872,"Physics",n00000155,"Gravitational Field and Orbital Mechanics Analysis",0,000000,1
9873,"Physics",n00000166,"Discriminative Statement Verification Tasks",0,000000,1
9358,"Physics",n00000166,"Discriminative Statement Verification Tasks",0,000000,1
5393,"Other",n00000178,"Comparative Evolutionary and Physiological Adaptations",-0,663370,2
5393,"Other",n00000166,"Discriminative Statement Verification Tasks",-0,723839,2
5690,"Other",n00000166,"Discriminative Statement Verification Tasks",0,000000,1
5977,"Other",n00000166,"Discriminative Statement Verification Tasks",0,000000,1
5194,"Other",n00000166,"Discriminative Statement Verification Tasks",0,000000,1
6466,"Health",n00000166,"Discriminative Statement Verification Tasks",0,000000,1
4087,"Chemistry",n00000171,"Molecular Kinetic and Bonding Properties",0,000000,1
5675,"Other",n00000180,"Cellular Physiology and Systemic Integration",-0,337816,2
5675,"Other",n00000080,"Human Anatomy and Physiological Function",-1,249413,2
5806,"Other",n00000080,"Human Anatomy and Physiological Function",0,000000,1
6330,"Health",n00000168,"Nutrient Metabolism and Bioenergetics Fundamentals",-0,421527,2
6330,"Health",n00000080,"Human Anatomy and Physiological Function",-1,067241,2
5954,"Other",n00000080,"Human Anatomy and Physiological Function",0,000000,1
6223,"Health",n00000080,"Human Anatomy and Physiological Function",0,000000,1
6776,"Health",n00000080,"Human Anatomy and Physiological Function",0,000000,1
6140,"Health",n00000168,"Nutrient Metabolism and Bioenergetics Fundamentals",-0,678375,2
6140,"Health",n00000080,"Human Anatomy and Physiological Function",-0,708141,2
6154,"Health",n00000080,"Human Anatomy and Physiological Function",0,000000,1
6719,"Health",n00000180,"Cellular Physiology and Systemic Integration",0,000000,1
6138,"Health",n00000080,"Human Anatomy and Physiological Function",0,000000,1
6596,"Health",n00000080,"Human Anatomy and Physiological Function",-0,327929,2
6596,"Health",n00000082,"Emergency Acute Clinical Presentations and Management",-1,274445,2
6083,"Health",n00000080,"Human Anatomy and Physiological Function",-0,310631,2
6083,"Health",n00000169,"Pathophysiology and Disease Mechanism Fundamentals",-1,320448,2
6081,"Health",n00000080,"Human Anatomy and Physiological Function",0,000000,1
2578,"Psychology",n00000080,"Human Anatomy and Physiological Function",0,000000,1
2170,"Psychology",n00000080,"Human Anatomy and Physiological Function",0,000000,1
2615,"Psychology",n00000079,"Demographic and Societal Indicators Analysis",-0,359841,2
2615,"Psychology",n00000236,"Historical and Theoretical Personality Frameworks",-1,196623,2
2876,"Biology",n00000080,"Human Anatomy and Physiological Function",0,000000,1
3018,"Biology",n00000080,"Human Anatomy and Physiological Function",0,000000,1
3296,"Biology",n00000080,"Human Anatomy and Physiological Function",0,000000,1
2865,"Biology",n00000168,"Nutrient Metabolism and Bioenergetics Fundamentals",-0,421561,2
2865,"Biology",n00000080,"Human Anatomy and Physiological Function",-1,067177,2
3126,"Biology",n00000080,"Human Anatomy and Physiological Function",0,000000,1
3161,"Biology",n00000168,"Nutrient Metabolism and Bioenergetics Fundamentals",-0,647234,2
3161,"Biology",n00000080,"Human Anatomy and Physiological Function",-0,741270,2
3308,"Biology",n00000080,"Human Anatomy and Physiological Function",-0,613553,2
3308,"Biology",n00000169,"Pathophysiology and Disease Mechanism Fundamentals",-0,779629,2
3017,"Biology",n00000080,"Human Anatomy and Physiological Function",0,000000,1
3439,"Biology",n00000180,"Cellular Physiology and Systemic Integration",0,000000,1
3073,"Biology",n00000080,"Human Anatomy and Physiological Function",0,000000,1
3405,"Biology",n00000178,"Comparative Evolutionary and Physiological Adaptations",0,000000,1
6606,"Health",n00000080,"Human Anatomy and Physiological Function",0,000000,1
6030,"Health",n00000080,"Human Anatomy and Physiological Function",0,000000,1
6222,"Health",n00000080,"Human Anatomy and Physiological Function",0,000000,1
6089,"Health",n00000080,"Human Anatomy and Physiological Function",0,000000,1
6024,"Health",n00000080,"Human Anatomy and Physiological Function",0,000000,1
6422,"Health",n00000080,"Human Anatomy and Physiological Function",0,000000,1
6486,"Health",n00000080,"Human Anatomy and Physiological Function",0,000000,1
6172,"Health",n00000080,"Human Anatomy and Physiological Function",0,000000,1
6424,"Health",n00000083,"Diagnostic and Therapeutic Decision Making in Complex Clinical Scenarios",-0,671249,2
6424,"Health",n00000080,"Human Anatomy and Physiological Function",-0,715536,2
6484,"Health",n00000080,"Human Anatomy and Physiological Function",0,000000,1
6482,"Health",n00000080,"Human Anatomy and Physiological Function",0,000000,1
6743,"Health",n00000080,"Human Anatomy and Physiological Function",0,000000,1
6485,"Health",n00000080,"Human Anatomy and Physiological Function",0,000000,1
2702,"Psychology",n00000080,"Human Anatomy and Physiological Function",0,000000,1
2175,"Psychology",n00000080,"Human Anatomy and Physiological Function",0,000000,1
1999,"Psychology",n00000080,"Human Anatomy and Physiological Function",0,000000,1
2509,"Psychology",n00000080,"Human Anatomy and Physiological Function",0,000000,1
3136,"Biology",n00000080,"Human Anatomy and Physiological Function",0,000000,1
6259,"Health",n00000168,"Nutrient Metabolism and Bioenergetics Fundamentals",0,000000,1
6633,"Health",n00000168,"Nutrient Metabolism and Bioenergetics Fundamentals",0,000000,1
6428,"Health",n00000168,"Nutrient Metabolism and Bioenergetics Fundamentals",0,000000,1
6137,"Health",n00000168,"Nutrient Metabolism and Bioenergetics Fundamentals",0,000000,1
6637,"Health",n00000168,"Nutrient Metabolism and Bioenergetics Fundamentals",-0,660110,2
6637,"Health",n00000180,"Cellular Physiology and Systemic Integration",-0,727313,2
6764,"Health",n00000168,"Nutrient Metabolism and Bioenergetics Fundamentals",-0,646773,2
6764,"Health",n00000080,"Human Anatomy and Physiological Function",-0,741777,2
6206,"Health",n00000180,"Cellular Physiology and Systemic Integration",-0,583290,2
6206,"Health",n00000181,"Molecular Biology of Macromolecules and Enzymes",-0,816580,2
6385,"Health",n00000181,"Molecular Biology of Macromolecules and Enzymes",0,000000,1
6630,"Health",n00000168,"Nutrient Metabolism and Bioenergetics Fundamentals",0,000000,1
6193,"Health",n00000168,"Nutrient Metabolism and Bioenergetics Fundamentals",0,000000,1
6668,"Health",n00000168,"Nutrient Metabolism and Bioenergetics Fundamentals",0,000000,1
6581,"Health",n00000168,"Nutrient Metabolism and Bioenergetics Fundamentals",0,000000,1
2814,"Biology",n00000180,"Cellular Physiology and Systemic Integration",-0,478207,2
2814,"Biology",n00000169,"Pathophysiology and Disease Mechanism Fundamentals",-0,967304,2
3045,"Biology",n00000166,"Discriminative Statement Verification Tasks",0,000000,1
2923,"Biology",n00000168,"Nutrient Metabolism and Bioenergetics Fundamentals",0,000000,1
2813,"Biology",n00000180,"Cellular Physiology and Systemic Integration",0,000000,1
3462,"Biology",n00000168,"Nutrient Metabolism and Bioenergetics Fundamentals",0,000000,1
11104,"Philosophy",n00000169,"Pathophysiology and Disease Mechanism Fundamentals",-0,407491,2
11104,"Philosophy",n00000080,"Human Anatomy and Physiological Function",-1,094572,2
5221,"Other",n00000169,"Pathophysiology and Disease Mechanism Fundamentals",0,000000,1
5377,"Other",n00000169,"Pathophysiology and Disease Mechanism Fundamentals",0,000000,1
6571,"Health",n00000169,"Pathophysiology and Disease Mechanism Fundamentals",0,000000,1
5746,"Other",n00000169,"Pathophysiology and Disease Mechanism Fundamentals",0,000000,1
6792,"Health",n00000186,"Fundamental Statistical Inference Principles",0,000000,1
6096,"Health",n00000121,"Mendelian and Quantitative Genetic Inheritance Patterns",0,000000,1
6479,"Health",n00000182,"Population Genetics and Evolutionary Mechanisms",-0,470336,2
6479,"Health",n00000183,"Molecular Genetics and Mutational Mechanisms",-0,980276,2
6661,"Health",n00000082,"Emergency Acute Clinical Presentations and Management",-0,533747,2
6661,"Health",n00000083,"Diagnostic and Therapeutic Decision Making in Complex Clinical Scenarios",-0,882865,2
6218,"Health",n00000169,"Pathophysiology and Disease Mechanism Fundamentals",0,000000,1
6161,"Health",n00000169,"Pathophysiology and Disease Mechanism Fundamentals",0,000000,1
6295,"Health",n00000169,"Pathophysiology and Disease Mechanism Fundamentals",0,000000,1
6053,"Health",n00000169,"Pathophysiology and Disease Mechanism Fundamentals",0,000000,1
6565,"Health",n00000169,"Pathophysiology and Disease Mechanism Fundamentals",0,000000,1
6111,"Health",n00000169,"Pathophysiology and Disease Mechanism Fundamentals",-0,589167,2
6111,"Health",n00000172,"Psychometric Test Validity and Reliability Principles",-0,809208,2
6391,"Health",n00000169,"Pathophysiology and Disease Mechanism Fundamentals",0,000000,1
6772,"Health",n00000169,"Pathophysiology and Disease Mechanism Fundamentals",0,000000,1
6468,"Health",n00000169,"Pathophysiology and Disease Mechanism Fundamentals",0,000000,1
6345,"Health",n00000169,"Pathophysiology and Disease Mechanism Fundamentals",0,000000,1
6516,"Health",n00000169,"Pathophysiology and Disease Mechanism Fundamentals",0,000000,1
6131,"Health",n00000169,"Pathophysiology and Disease Mechanism Fundamentals",-0,410405,2
6131,"Health",n00000172,"Psychometric Test Validity and Reliability Principles",-1,088805,2
6346,"Health",n00000169,"Pathophysiology and Disease Mechanism Fundamentals",0,000000,1
6017,"Health",n00000080,"Human Anatomy and Physiological Function",-0,526494,2
6017,"Health",n00000169,"Pathophysiology and Disease Mechanism Fundamentals",-0,893239,2
6348,"Health",n00000169,"Pathophysiology and Disease Mechanism Fundamentals",0,000000,1
6333,"Health",n00000169,"Pathophysiology and Disease Mechanism Fundamentals",0,000000,1
6660,"Health",n00000169,"Pathophysiology and Disease Mechanism Fundamentals",-0,483350,2
6660,"Health",n00000080,"Human Anatomy and Physiological Function",-0,958973,2
6066,"Health",n00000169,"Pathophysiology and Disease Mechanism Fundamentals",0,000000,1
4904,"History",n00000181,"Molecular Biology of Macromolecules and Enzymes",0,000000,1
2558,"Psychology",n00000083,"Diagnostic and Therapeutic Decision Making in Complex Clinical Scenarios",-0,581487,2
2558,"Psychology",n00000237,"Behavioral and Cognitive Response Mechanisms",-0,818862,2
2335,"Psychology",n00000169,"Pathophysiology and Disease Mechanism Fundamentals",0,000000,1
1989,"Psychology",n00000169,"Pathophysiology and Disease Mechanism Fundamentals",0,000000,1
2851,"Biology",n00000169,"Pathophysiology and Disease Mechanism Fundamentals",0,000000,1
2935,"Biology",n00000183,"Molecular Genetics and Mutational Mechanisms",0,000000,1
3508,"Biology",n00000080,"Human Anatomy and Physiological Function",-0,548200,2
3508,"Biology",n00000169,"Pathophysiology and Disease Mechanism Fundamentals",-0,862725,2
2897,"Biology",n00000182,"Population Genetics and Evolutionary Mechanisms",-0,498794,2
2897,"Biology",n00000169,"Pathophysiology and Disease Mechanism Fundamentals",-0,934613,2
6592,"Health",n00000082,"Emergency Acute Clinical Presentations and Management",0,000000,1
6373,"Health",n00000082,"Emergency Acute Clinical Presentations and Management",0,000000,1
6087,"Health",n00000082,"Emergency Acute Clinical Presentations and Management",0,000000,1
6754,"Health",n00000082,"Emergency Acute Clinical Presentations and Management",0,000000,1
6748,"Health",n00000082,"Emergency Acute Clinical Presentations and Management",0,000000,1
6443,"Health",n00000082,"Emergency Acute Clinical Presentations and Management",0,000000,1
6181,"Health",n00000082,"Emergency Acute Clinical Presentations and Management",0,000000,1
6113,"Health",n00000082,"Emergency Acute Clinical Presentations and Management",0,000000,1
6419,"Health",n00000082,"Emergency Acute Clinical Presentations and Management",0,000000,1
6013,"Health",n00000082,"Emergency Acute Clinical Presentations and Management",0,000000,1
6033,"Health",n00000082,"Emergency Acute Clinical Presentations and Management",0,000000,1
6728,"Health",n00000082,"Emergency Acute Clinical Presentations and Management",-0,425997,2
6728,"Health",n00000080,"Human Anatomy and Physiological Function",-1,058771,2
6601,"Health",n00000082,"Emergency Acute Clinical Presentations and Management",0,000000,1
6490,"Health",n00000082,"Emergency Acute Clinical Presentations and Management",0,000000,1
6550,"Health",n00000082,"Emergency Acute Clinical Presentations and Management",0,000000,1
6594,"Health",n00000082,"Emergency Acute Clinical Presentations and Management",0,000000,1
6048,"Health",n00000082,"Emergency Acute Clinical Presentations and Management",0,000000,1
6167,"Health",n00000082,"Emergency Acute Clinical Presentations and Management",0,000000,1
6552,"Health",n00000082,"Emergency Acute Clinical Presentations and Management",-0,340881,2
6552,"Health",n00000083,"Diagnostic and Therapeutic Decision Making in Complex Clinical Scenarios",-1,241824,2
6688,"Health",n00000083,"Diagnostic and Therapeutic Decision Making in Complex Clinical Scenarios",0,000000,1
6753,"Health",n00000083,"Diagnostic and Therapeutic Decision Making in Complex Clinical Scenarios",0,000000,1
6015,"Health",n00000083,"Diagnostic and Therapeutic Decision Making in Complex Clinical Scenarios",0,000000,1
6750,"Health",n00000083,"Diagnostic and Therapeutic Decision Making in Complex Clinical Scenarios",0,000000,1
6681,"Health",n00000083,"Diagnostic and Therapeutic Decision Making in Complex Clinical Scenarios",0,000000,1
5302,"Other",n00000083,"Diagnostic and Therapeutic Decision Making in Complex Clinical Scenarios",0,000000,1
6671,"Health",n00000083,"Diagnostic and Therapeutic Decision Making in Complex Clinical Scenarios",0,000000,1
6795,"Health",n00000083,"Diagnostic and Therapeutic Decision Making in Complex Clinical Scenarios",-0,524528,2
6795,"Health",n00000082,"Emergency Acute Clinical Presentations and Management",-0,896083,2
6425,"Health",n00000083,"Diagnostic and Therapeutic Decision Making in Complex Clinical Scenarios",-0,513638,2
6425,"Health",n00000082,"Emergency Acute Clinical Presentations and Management",-0,912087,2
6110,"Health",n00000083,"Diagnostic and Therapeutic Decision Making in Complex Clinical Scenarios",0,000000,1
6437,"Health",n00000083,"Diagnostic and Therapeutic Decision Making in Complex Clinical Scenarios",0,000000,1
6541,"Health",n00000083,"Diagnostic and Therapeutic Decision Making in Complex Clinical Scenarios",0,000000,1
6112,"Health",n00000083,"Diagnostic and Therapeutic Decision Making in Complex Clinical Scenarios",0,000000,1
6174,"Health",n00000083,"Diagnostic and Therapeutic Decision Making in Complex Clinical Scenarios",0,000000,1
6115,"Health",n00000083,"Diagnostic and Therapeutic Decision Making in Complex Clinical Scenarios",0,000000,1
6242,"Health",n00000083,"Diagnostic and Therapeutic Decision Making in Complex Clinical Scenarios",-0,549243,2
6242,"Health",n00000082,"Emergency Acute Clinical Presentations and Management",-0,861298,2
6368,"Health",n00000082,"Emergency Acute Clinical Presentations and Management",0,000000,1
6240,"Health",n00000083,"Diagnostic and Therapeutic Decision Making in Complex Clinical Scenarios",0,000000,1
6793,"Health",n00000083,"Diagnostic and Therapeutic Decision Making in Complex Clinical Scenarios",0,000000,1
10128,"Physics",n00000030,"Thermodynamic Process Calculations in Real and Ideal Gases",0,000000,1
10031,"Physics",n00000030,"Thermodynamic Process Calculations in Real and Ideal Gases",0,000000,1
10224,"Physics",n00000030,"Thermodynamic Process Calculations in Real and Ideal Gases",0,000000,1
10225,"Physics",n00000170,"Molecular Spectroscopy and Thermodynamic Partition Functions",0,000000,1
9212,"Physics",n00000030,"Thermodynamic Process Calculations in Real and Ideal Gases",0,000000,1
10303,"Physics",n00000170,"Molecular Spectroscopy and Thermodynamic Partition Functions",0,000000,1
9792,"Physics",n00000030,"Thermodynamic Process Calculations in Real and Ideal Gases",-0,413036,2
9792,"Physics",n00000037,"Forced Convection Heat Transfer Analysis",-1,083640,2
9487,"Physics",n00000030,"Thermodynamic Process Calculations in Real and Ideal Gases",0,000000,1
9175,"Physics",n00000030,"Thermodynamic Process Calculations in Real and Ideal Gases",0,000000,1
9397,"Physics",n00000030,"Thermodynamic Process Calculations in Real and Ideal Gases",0,000000,1
9176,"Physics",n00000030,"Thermodynamic Process Calculations in Real and Ideal Gases",0,000000,1
9616,"Physics",n00000171,"Molecular Kinetic and Bonding Properties",0,000000,1
9777,"Physics",n00000030,"Thermodynamic Process Calculations in Real and Ideal Gases",-0,650929,2
9777,"Physics",n00000171,"Molecular Kinetic and Bonding Properties",-0,737227,2
10006,"Physics",n00000030,"Thermodynamic Process Calculations in Real and Ideal Gases",0,000000,1
10121,"Physics",n00000030,"Thermodynamic Process Calculations in Real and Ideal Gases",0,000000,1
9386,"Physics",n00000030,"Thermodynamic Process Calculations in Real and Ideal Gases",0,000000,1
10176,"Physics",n00000171,"Molecular Kinetic and Bonding Properties",-0,520220,2
10176,"Physics",n00000170,"Molecular Spectroscopy and Thermodynamic Partition Functions",-0,902362,2
5163,"Other",n00000227,"Special Relativity Kinematic Effects",-0,545195,2
5163,"Other",n00000226,"Kinematic Motion Analysis and Problem Solving",-0,866854,2
5687,"Other",n00000030,"Thermodynamic Process Calculations in Real and Ideal Gases",0,000000,1
4182,"Chemistry",n00000030,"Thermodynamic Process Calculations in Real and Ideal Gases",0,000000,1
4557,"Chemistry",n00000030,"Thermodynamic Process Calculations in Real and Ideal Gases",0,000000,1
6008,"Health",n00000030,"Thermodynamic Process Calculations in Real and Ideal Gases",0,000000,1
4202,"Chemistry",n00000030,"Thermodynamic Process Calculations in Real and Ideal Gases",0,000000,1
4556,"Chemistry",n00000030,"Thermodynamic Process Calculations in Real and Ideal Gases",0,000000,1
3729,"Chemistry",n00000030,"Thermodynamic Process Calculations in Real and Ideal Gases",0,000000,1
3680,"Chemistry",n00000030,"Thermodynamic Process Calculations in Real and Ideal Gases",0,000000,1
3739,"Chemistry",n00000030,"Thermodynamic Process Calculations in Real and Ideal Gases",0,000000,1
4046,"Chemistry",n00000030,"Thermodynamic Process Calculations in Real and Ideal Gases",0,000000,1
4589,"Chemistry",n00000030,"Thermodynamic Process Calculations in Real and Ideal Gases",0,000000,1
3750,"Chemistry",n00000030,"Thermodynamic Process Calculations in Real and Ideal Gases",0,000000,1
3882,"Chemistry",n00000030,"Thermodynamic Process Calculations in Real and Ideal Gases",0,000000,1
4310,"Chemistry",n00000030,"Thermodynamic Process Calculations in Real and Ideal Gases",0,000000,1
3912,"Chemistry",n00000030,"Thermodynamic Process Calculations in Real and Ideal Gases",0,000000,1
3755,"Chemistry",n00000030,"Thermodynamic Process Calculations in Real and Ideal Gases",0,000000,1
3965,"Chemistry",n00000030,"Thermodynamic Process Calculations in Real and Ideal Gases",0,000000,1
4565,"Chemistry",n00000030,"Thermodynamic Process Calculations in Real and Ideal Gases",0,000000,1
3587,"Chemistry",n00000030,"Thermodynamic Process Calculations in Real and Ideal Gases",0,000000,1
3557,"Chemistry",n00000152,"Applied Newtonian Mechanics and Work Calculations",0,000000,1
4576,"Chemistry",n00000030,"Thermodynamic Process Calculations in Real and Ideal Gases",0,000000,1
4044,"Chemistry",n00000030,"Thermodynamic Process Calculations in Real and Ideal Gases",0,000000,1
4499,"Chemistry",n00000030,"Thermodynamic Process Calculations in Real and Ideal Gases",0,000000,1
3685,"Chemistry",n00000254,"Colligative Properties and Molecular Weight Determination",0,000000,1
4615,"Chemistry",n00000030,"Thermodynamic Process Calculations in Real and Ideal Gases",0,000000,1
3694,"Chemistry",n00000030,"Thermodynamic Process Calculations in Real and Ideal Gases",0,000000,1
3991,"Chemistry",n00000030,"Thermodynamic Process Calculations in Real and Ideal Gases",0,000000,1
3760,"Chemistry",n00000030,"Thermodynamic Process Calculations in Real and Ideal Gases",0,000000,1
4580,"Chemistry",n00000030,"Thermodynamic Process Calculations in Real and Ideal Gases",0,000000,1
4055,"Chemistry",n00000030,"Thermodynamic Process Calculations in Real and Ideal Gases",0,000000,1
4384,"Chemistry",n00000030,"Thermodynamic Process Calculations in Real and Ideal Gases",0,000000,1
3994,"Chemistry",n00000254,"Colligative Properties and Molecular Weight Determination",0,000000,1
3828,"Chemistry",n00000030,"Thermodynamic Process Calculations in Real and Ideal Gases",0,000000,1
4105,"Chemistry",n00000030,"Thermodynamic Process Calculations in Real and Ideal Gases",0,000000,1
4207,"Chemistry",n00000155,"Gravitational Field and Orbital Mechanics Analysis",-0,433613,2
4207,"Chemistry",n00000092,"Nuclear and Radioactive Decay Calculations",-1,044587,2
4554,"Chemistry",n00000030,"Thermodynamic Process Calculations in Real and Ideal Gases",0,000000,1
4646,"Chemistry",n00000030,"Thermodynamic Process Calculations in Real and Ideal Gases",0,000000,1
3686,"Chemistry",n00000030,"Thermodynamic Process Calculations in Real and Ideal Gases",0,000000,1
4034,"Chemistry",n00000030,"Thermodynamic Process Calculations in Real and Ideal Gases",0,000000,1
3780,"Chemistry",n00000030,"Thermodynamic Process Calculations in Real and Ideal Gases",0,000000,1
4358,"Chemistry",n00000030,"Thermodynamic Process Calculations in Real and Ideal Gases",0,000000,1
4535,"Chemistry",n00000030,"Thermodynamic Process Calculations in Real and Ideal Gases",0,000000,1
3875,"Chemistry",n00000030,"Thermodynamic Process Calculations in Real and Ideal Gases",0,000000,1
3910,"Chemistry",n00000030,"Thermodynamic Process Calculations in Real and Ideal Gases",0,000000,1
3941,"Chemistry",n00000030,"Thermodynamic Process Calculations in Real and Ideal Gases",0,000000,1
4240,"Chemistry",n00000030,"Thermodynamic Process Calculations in Real and Ideal Gases",0,000000,1
4203,"Chemistry",n00000030,"Thermodynamic Process Calculations in Real and Ideal Gases",0,000000,1
4631,"Chemistry",n00000030,"Thermodynamic Process Calculations in Real and Ideal Gases",0,000000,1
4524,"Chemistry",n00000030,"Thermodynamic Process Calculations in Real and Ideal Gases",0,000000,1
3865,"Chemistry",n00000030,"Thermodynamic Process Calculations in Real and Ideal Gases",0,000000,1
4546,"Chemistry",n00000030,"Thermodynamic Process Calculations in Real and Ideal Gases",0,000000,1
3831,"Chemistry",n00000030,"Thermodynamic Process Calculations in Real and Ideal Gases",0,000000,1
4659,"Chemistry",n00000030,"Thermodynamic Process Calculations in Real and Ideal Gases",0,000000,1
4271,"Chemistry",n00000030,"Thermodynamic Process Calculations in Real and Ideal Gases",0,000000,1
4256,"Chemistry",n00000171,"Molecular Kinetic and Bonding Properties",0,000000,1
3925,"Chemistry",n00000030,"Thermodynamic Process Calculations in Real and Ideal Gases",0,000000,1
4051,"Chemistry",n00000092,"Nuclear and Radioactive Decay Calculations",0,000000,1
4379,"Chemistry",n00000030,"Thermodynamic Process Calculations in Real and Ideal Gases",0,000000,1
4548,"Chemistry",n00000030,"Thermodynamic Process Calculations in Real and Ideal Gases",0,000000,1
4144,"Chemistry",n00000254,"Colligative Properties and Molecular Weight Determination",0,000000,1
4289,"Chemistry",n00000030,"Thermodynamic Process Calculations in Real and Ideal Gases",0,000000,1
3609,"Chemistry",n00000030,"Thermodynamic Process Calculations in Real and Ideal Gases",0,000000,1
4147,"Chemistry",n00000030,"Thermodynamic Process Calculations in Real and Ideal Gases",0,000000,1
4069,"Chemistry",n00000030,"Thermodynamic Process Calculations in Real and Ideal Gases",0,000000,1
4448,"Chemistry",n00000030,"Thermodynamic Process Calculations in Real and Ideal Gases",0,000000,1
4367,"Chemistry",n00000254,"Colligative Properties and Molecular Weight Determination",-0,463719,2
4367,"Chemistry",n00000030,"Thermodynamic Process Calculations in Real and Ideal Gases",-0,991392,2
4488,"Chemistry",n00000030,"Thermodynamic Process Calculations in Real and Ideal Gases",0,000000,1
3785,"Chemistry",n00000030,"Thermodynamic Process Calculations in Real and Ideal Gases",0,000000,1
3598,"Chemistry",n00000254,"Colligative Properties and Molecular Weight Determination",0,000000,1
3919,"Chemistry",n00000030,"Thermodynamic Process Calculations in Real and Ideal Gases",0,000000,1
3698,"Chemistry",n00000254,"Colligative Properties and Molecular Weight Determination",0,000000,1
3560,"Chemistry",n00000030,"Thermodynamic Process Calculations in Real and Ideal Gases",0,000000,1
4275,"Chemistry",n00000030,"Thermodynamic Process Calculations in Real and Ideal Gases",0,000000,1
3790,"Chemistry",n00000030,"Thermodynamic Process Calculations in Real and Ideal Gases",0,000000,1
4360,"Chemistry",n00000030,"Thermodynamic Process Calculations in Real and Ideal Gases",0,000000,1
3786,"Chemistry",n00000030,"Thermodynamic Process Calculations in Real and Ideal Gases",-0,565780,2
3786,"Chemistry",n00000170,"Molecular Spectroscopy and Thermodynamic Partition Functions",-0,839138,2
4498,"Chemistry",n00000030,"Thermodynamic Process Calculations in Real and Ideal Gases",0,000000,1
4547,"Chemistry",n00000030,"Thermodynamic Process Calculations in Real and Ideal Gases",0,000000,1
4347,"Chemistry",n00000030,"Thermodynamic Process Calculations in Real and Ideal Gases",0,000000,1
4378,"Chemistry",n00000030,"Thermodynamic Process Calculations in Real and Ideal Gases",0,000000,1
3623,"Chemistry",n00000030,"Thermodynamic Process Calculations in Real and Ideal Gases",0,000000,1
3954,"Chemistry",n00000030,"Thermodynamic Process Calculations in Real and Ideal Gases",0,000000,1
4295,"Chemistry",n00000030,"Thermodynamic Process Calculations in Real and Ideal Gases",0,000000,1
4294,"Chemistry",n00000030,"Thermodynamic Process Calculations in Real and Ideal Gases",0,000000,1
4185,"Chemistry",n00000030,"Thermodynamic Process Calculations in Real and Ideal Gases",0,000000,1
3848,"Chemistry",n00000030,"Thermodynamic Process Calculations in Real and Ideal Gases",0,000000,1
3650,"Chemistry",n00000030,"Thermodynamic Process Calculations in Real and Ideal Gases",0,000000,1
4270,"Chemistry",n00000030,"Thermodynamic Process Calculations in Real and Ideal Gases",0,000000,1
3909,"Chemistry",n00000030,"Thermodynamic Process Calculations in Real and Ideal Gases",0,000000,1
3907,"Chemistry",n00000030,"Thermodynamic Process Calculations in Real and Ideal Gases",0,000000,1
3977,"Chemistry",n00000030,"Thermodynamic Process Calculations in Real and Ideal Gases",0,000000,1
11904,"Engineering",n00000030,"Thermodynamic Process Calculations in Real and Ideal Gases",0,000000,1
11588,"Engineering",n00000030,"Thermodynamic Process Calculations in Real and Ideal Gases",0,000000,1
11903,"Engineering",n00000030,"Thermodynamic Process Calculations in Real and Ideal Gases",0,000000,1
11977,"Engineering",n00000030,"Thermodynamic Process Calculations in Real and Ideal Gases",0,000000,1
11750,"Engineering",n00000030,"Thermodynamic Process Calculations in Real and Ideal Gases",0,000000,1
11586,"Engineering",n00000030,"Thermodynamic Process Calculations in Real and Ideal Gases",0,000000,1
11367,"Engineering",n00000030,"Thermodynamic Process Calculations in Real and Ideal Gases",0,000000,1
11375,"Engineering",n00000030,"Thermodynamic Process Calculations in Real and Ideal Gases",0,000000,1
11449,"Engineering",n00000030,"Thermodynamic Process Calculations in Real and Ideal Gases",0,000000,1
12115,"Engineering",n00000030,"Thermodynamic Process Calculations in Real and Ideal Gases",0,000000,1
11514,"Engineering",n00000030,"Thermodynamic Process Calculations in Real and Ideal Gases",0,000000,1
11885,"Engineering",n00000030,"Thermodynamic Process Calculations in Real and Ideal Gases",0,000000,1
11911,"Engineering",n00000030,"Thermodynamic Process Calculations in Real and Ideal Gases",0,000000,1
11668,"Engineering",n00000030,"Thermodynamic Process Calculations in Real and Ideal Gases",0,000000,1
11630,"Engineering",n00000030,"Thermodynamic Process Calculations in Real and Ideal Gases",-0,595106,2
11630,"Engineering",n00000255,"Chemical Equilibrium and Electrochemical Stoichiometry",-0,801856,2
11448,"Engineering",n00000030,"Thermodynamic Process Calculations in Real and Ideal Gases",0,000000,1
11443,"Engineering",n00000030,"Thermodynamic Process Calculations in Real and Ideal Gases",0,000000,1
11666,"Engineering",n00000030,"Thermodynamic Process Calculations in Real and Ideal Gases",0,000000,1
11377,"Engineering",n00000030,"Thermodynamic Process Calculations in Real and Ideal Gases",0,000000,1
11900,"Engineering",n00000030,"Thermodynamic Process Calculations in Real and Ideal Gases",0,000000,1
12132,"Engineering",n00000030,"Thermodynamic Process Calculations in Real and Ideal Gases",0,000000,1
11747,"Engineering",n00000030,"Thermodynamic Process Calculations in Real and Ideal Gases",0,000000,1
11898,"Engineering",n00000030,"Thermodynamic Process Calculations in Real and Ideal Gases",0,000000,1
11983,"Engineering",n00000030,"Thermodynamic Process Calculations in Real and Ideal Gases",0,000000,1
11972,"Engineering",n00000030,"Thermodynamic Process Calculations in Real and Ideal Gases",0,000000,1
11746,"Engineering",n00000030,"Thermodynamic Process Calculations in Real and Ideal Gases",0,000000,1
5320,"Other",n00000192,"Aqueous Acid Base Equilibrium Calculations",0,000000,1
6072,"Health",n00000192,"Aqueous Acid Base Equilibrium Calculations",0,000000,1
4628,"Chemistry",n00000254,"Colligative Properties and Molecular Weight Determination",0,000000,1
3673,"Chemistry",n00000192,"Aqueous Acid Base Equilibrium Calculations",0,000000,1
4494,"Chemistry",n00000192,"Aqueous Acid Base Equilibrium Calculations",0,000000,1
4410,"Chemistry",n00000192,"Aqueous Acid Base Equilibrium Calculations",-0,349029,2
4410,"Chemistry",n00000254,"Colligative Properties and Molecular Weight Determination",-1,222043,2
4468,"Chemistry",n00000192,"Aqueous Acid Base Equilibrium Calculations",0,000000,1
3668,"Chemistry",n00000192,"Aqueous Acid Base Equilibrium Calculations",0,000000,1
4661,"Chemistry",n00000254,"Colligative Properties and Molecular Weight Determination",0,000000,1
3963,"Chemistry",n00000254,"Colligative Properties and Molecular Weight Determination",0,000000,1
4115,"Chemistry",n00000192,"Aqueous Acid Base Equilibrium Calculations",0,000000,1
4082,"Chemistry",n00000192,"Aqueous Acid Base Equilibrium Calculations",-0,304581,2
4082,"Chemistry",n00000254,"Colligative Properties and Molecular Weight Determination",-1,337245,2
4430,"Chemistry",n00000192,"Aqueous Acid Base Equilibrium Calculations",-0,433937,2
4430,"Chemistry",n00000254,"Colligative Properties and Molecular Weight Determination",-1,043991,2
4189,"Chemistry",n00000254,"Colligative Properties and Molecular Weight Determination",0,000000,1
3841,"Chemistry",n00000192,"Aqueous Acid Base Equilibrium Calculations",0,000000,1
4495,"Chemistry",n00000192,"Aqueous Acid Base Equilibrium Calculations",0,000000,1
3751,"Chemistry",n00000192,"Aqueous Acid Base Equilibrium Calculations",0,000000,1
3597,"Chemistry",n00000192,"Aqueous Acid Base Equilibrium Calculations",0,000000,1
4278,"Chemistry",n00000254,"Colligative Properties and Molecular Weight Determination",0,000000,1
4387,"Chemistry",n00000192,"Aqueous Acid Base Equilibrium Calculations",0,000000,1
4395,"Chemistry",n00000254,"Colligative Properties and Molecular Weight Determination",-0,311752,2
4395,"Chemistry",n00000192,"Aqueous Acid Base Equilibrium Calculations",-1,317377,2
4120,"Chemistry",n00000192,"Aqueous Acid Base Equilibrium Calculations",0,000000,1
4014,"Chemistry",n00000192,"Aqueous Acid Base Equilibrium Calculations",0,000000,1
4382,"Chemistry",n00000254,"Colligative Properties and Molecular Weight Determination",0,000000,1
3670,"Chemistry",n00000255,"Chemical Equilibrium and Electrochemical Stoichiometry",0,000000,1
4006,"Chemistry",n00000254,"Colligative Properties and Molecular Weight Determination",0,000000,1
4335,"Chemistry",n00000192,"Aqueous Acid Base Equilibrium Calculations",0,000000,1
4435,"Chemistry",n00000192,"Aqueous Acid Base Equilibrium Calculations",0,000000,1
3758,"Chemistry",n00000254,"Colligative Properties and Molecular Weight Determination",0,000000,1
3582,"Chemistry",n00000192,"Aqueous Acid Base Equilibrium Calculations",0,000000,1
4533,"Chemistry",n00000254,"Colligative Properties and Molecular Weight Determination",0,000000,1
3945,"Chemistry",n00000192,"Aqueous Acid Base Equilibrium Calculations",0,000000,1
4380,"Chemistry",n00000192,"Aqueous Acid Base Equilibrium Calculations",0,000000,1
4061,"Chemistry",n00000192,"Aqueous Acid Base Equilibrium Calculations",0,000000,1
4076,"Chemistry",n00000192,"Aqueous Acid Base Equilibrium Calculations",0,000000,1
4030,"Chemistry",n00000192,"Aqueous Acid Base Equilibrium Calculations",0,000000,1
4117,"Chemistry",n00000192,"Aqueous Acid Base Equilibrium Calculations",0,000000,1
4048,"Chemistry",n00000254,"Colligative Properties and Molecular Weight Determination",0,000000,1
4243,"Chemistry",n00000192,"Aqueous Acid Base Equilibrium Calculations",0,000000,1
4648,"Chemistry",n00000192,"Aqueous Acid Base Equilibrium Calculations",0,000000,1
4507,"Chemistry",n00000254,"Colligative Properties and Molecular Weight Determination",0,000000,1
4510,"Chemistry",n00000192,"Aqueous Acid Base Equilibrium Calculations",0,000000,1
3840,"Chemistry",n00000255,"Chemical Equilibrium and Electrochemical Stoichiometry",0,000000,1
4204,"Chemistry",n00000254,"Colligative Properties and Molecular Weight Determination",0,000000,1
3581,"Chemistry",n00000192,"Aqueous Acid Base Equilibrium Calculations",0,000000,1
3111,"Biology",n00000192,"Aqueous Acid Base Equilibrium Calculations",0,000000,1
10226,"Physics",n00000092,"Nuclear and Radioactive Decay Calculations",0,000000,1
9225,"Physics",n00000092,"Nuclear and Radioactive Decay Calculations",0,000000,1
10140,"Physics",n00000092,"Nuclear and Radioactive Decay Calculations",0,000000,1
4454,"Chemistry",n00000092,"Nuclear and Radioactive Decay Calculations",0,000000,1
6332,"Health",n00000254,"Colligative Properties and Molecular Weight Determination",0,000000,1
4012,"Chemistry",n00000092,"Nuclear and Radioactive Decay Calculations",0,000000,1
3711,"Chemistry",n00000092,"Nuclear and Radioactive Decay Calculations",0,000000,1
4471,"Chemistry",n00000255,"Chemical Equilibrium and Electrochemical Stoichiometry",0,000000,1
3709,"Chemistry",n00000092,"Nuclear and Radioactive Decay Calculations",0,000000,1
3803,"Chemistry",n00000171,"Molecular Kinetic and Bonding Properties",0,000000,1
3564,"Chemistry",n00000092,"Nuclear and Radioactive Decay Calculations",0,000000,1
4592,"Chemistry",n00000092,"Nuclear and Radioactive Decay Calculations",0,000000,1
3898,"Chemistry",n00000171,"Molecular Kinetic and Bonding Properties",-0,586037,2
3898,"Chemistry",n00000092,"Nuclear and Radioactive Decay Calculations",-0,813121,2
4218,"Chemistry",n00000254,"Colligative Properties and Molecular Weight Determination",0,000000,1
4128,"Chemistry",n00000254,"Colligative Properties and Molecular Weight Determination",0,000000,1
3765,"Chemistry",n00000254,"Colligative Properties and Molecular Weight Determination",0,000000,1
4143,"Chemistry",n00000092,"Nuclear and Radioactive Decay Calculations",0,000000,1
3526,"Chemistry",n00000171,"Molecular Kinetic and Bonding Properties",0,000000,1
4231,"Chemistry",n00000092,"Nuclear and Radioactive Decay Calculations",0,000000,1
4501,"Chemistry",n00000255,"Chemical Equilibrium and Electrochemical Stoichiometry",0,000000,1
3658,"Chemistry",n00000092,"Nuclear and Radioactive Decay Calculations",0,000000,1
11869,"Engineering",n00000092,"Nuclear and Radioactive Decay Calculations",0,000000,1
5095,"Other",n00000171,"Molecular Kinetic and Bonding Properties",-0,395317,2
5095,"Other",n00000092,"Nuclear and Radioactive Decay Calculations",-1,119222,2
4028,"Chemistry",n00000092,"Nuclear and Radioactive Decay Calculations",0,000000,1
3978,"Chemistry",n00000092,"Nuclear and Radioactive Decay Calculations",0,000000,1
3721,"Chemistry",n00000092,"Nuclear and Radioactive Decay Calculations",-0,299620,2
3721,"Chemistry",n00000171,"Molecular Kinetic and Bonding Properties",-1,351314,2
4639,"Chemistry",n00000255,"Chemical Equilibrium and Electrochemical Stoichiometry",0,000000,1
4145,"Chemistry",n00000255,"Chemical Equilibrium and Electrochemical Stoichiometry",0,000000,1
4139,"Chemistry",n00000255,"Chemical Equilibrium and Electrochemical Stoichiometry",0,000000,1
3782,"Chemistry",n00000255,"Chemical Equilibrium and Electrochemical Stoichiometry",0,000000,1
3634,"Chemistry",n00000092,"Nuclear and Radioactive Decay Calculations",0,000000,1
4151,"Chemistry",n00000255,"Chemical Equilibrium and Electrochemical Stoichiometry",0,000000,1
3607,"Chemistry",n00000255,"Chemical Equilibrium and Electrochemical Stoichiometry",0,000000,1
4252,"Chemistry",n00000255,"Chemical Equilibrium and Electrochemical Stoichiometry",0,000000,1
3930,"Chemistry",n00000255,"Chemical Equilibrium and Electrochemical Stoichiometry",0,000000,1
3575,"Chemistry",n00000092,"Nuclear and Radioactive Decay Calculations",0,000000,1
4045,"Chemistry",n00000255,"Chemical Equilibrium and Electrochemical Stoichiometry",0,000000,1
4473,"Chemistry",n00000255,"Chemical Equilibrium and Electrochemical Stoichiometry",0,000000,1
4200,"Chemistry",n00000255,"Chemical Equilibrium and Electrochemical Stoichiometry",0,000000,1
4399,"Chemistry",n00000255,"Chemical Equilibrium and Electrochemical Stoichiometry",0,000000,1
3338,"Biology",n00000030,"Thermodynamic Process Calculations in Real and Ideal Gases",0,000000,1
9751,"Physics",n00000171,"Molecular Kinetic and Bonding Properties",0,000000,1
9378,"Physics",n00000170,"Molecular Spectroscopy and Thermodynamic Partition Functions",0,000000,1
9654,"Physics",n00000092,"Nuclear and Radioactive Decay Calculations",0,000000,1
9954,"Physics",n00000170,"Molecular Spectroscopy and Thermodynamic Partition Functions",0,000000,1
10000,"Physics",n00000171,"Molecular Kinetic and Bonding Properties",-0,387549,2
10000,"Physics",n00000170,"Molecular Spectroscopy and Thermodynamic Partition Functions",-1,135437,2
10150,"Physics",n00000092,"Nuclear and Radioactive Decay Calculations",0,000000,1
10024,"Physics",n00000092,"Nuclear and Radioactive Decay Calculations",0,000000,1
4521,"Chemistry",n00000170,"Molecular Spectroscopy and Thermodynamic Partition Functions",0,000000,1
3759,"Chemistry",n00000170,"Molecular Spectroscopy and Thermodynamic Partition Functions",0,000000,1
3639,"Chemistry",n00000170,"Molecular Spectroscopy and Thermodynamic Partition Functions",-0,630903,2
3639,"Chemistry",n00000171,"Molecular Kinetic and Bonding Properties",-0,759525,2
4456,"Chemistry",n00000092,"Nuclear and Radioactive Decay Calculations",0,000000,1
4320,"Chemistry",n00000092,"Nuclear and Radioactive Decay Calculations",0,000000,1
3995,"Chemistry",n00000170,"Molecular Spectroscopy and Thermodynamic Partition Functions",0,000000,1
3743,"Chemistry",n00000171,"Molecular Kinetic and Bonding Properties",0,000000,1
4331,"Chemistry",n00000170,"Molecular Spectroscopy and Thermodynamic Partition Functions",0,000000,1
3916,"Chemistry",n00000254,"Colligative Properties and Molecular Weight Determination",0,000000,1
4574,"Chemistry",n00000092,"Nuclear and Radioactive Decay Calculations",0,000000,1
4609,"Chemistry",n00000170,"Molecular Spectroscopy and Thermodynamic Partition Functions",0,000000,1
3812,"Chemistry",n00000170,"Molecular Spectroscopy and Thermodynamic Partition Functions",0,000000,1
3990,"Chemistry",n00000170,"Molecular Spectroscopy and Thermodynamic Partition Functions",0,000000,1
4206,"Chemistry",n00000254,"Colligative Properties and Molecular Weight Determination",-0,360565,2
4206,"Chemistry",n00000192,"Aqueous Acid Base Equilibrium Calculations",-1,194955,2
4506,"Chemistry",n00000171,"Molecular Kinetic and Bonding Properties",0,000000,1
4057,"Chemistry",n00000170,"Molecular Spectroscopy and Thermodynamic Partition Functions",0,000000,1
3822,"Chemistry",n00000170,"Molecular Spectroscopy and Thermodynamic Partition Functions",0,000000,1
4607,"Chemistry",n00000170,"Molecular Spectroscopy and Thermodynamic Partition Functions",0,000000,1
3853,"Chemistry",n00000171,"Molecular Kinetic and Bonding Properties",0,000000,1
4368,"Chemistry",n00000092,"Nuclear and Radioactive Decay Calculations",0,000000,1
3895,"Chemistry",n00000170,"Molecular Spectroscopy and Thermodynamic Partition Functions",0,000000,1
4517,"Chemistry",n00000170,"Molecular Spectroscopy and Thermodynamic Partition Functions",0,000000,1
3703,"Chemistry",n00000171,"Molecular Kinetic and Bonding Properties",0,000000,1
4209,"Chemistry",n00000170,"Molecular Spectroscopy and Thermodynamic Partition Functions",0,000000,1
3705,"Chemistry",n00000170,"Molecular Spectroscopy and Thermodynamic Partition Functions",0,000000,1
3672,"Chemistry",n00000170,"Molecular Spectroscopy and Thermodynamic Partition Functions",0,000000,1
5548,"Other",n00000138,"Philosophical and Legal Concept Definition",0,000000,1
4694,"History",n00000104,"Colonial Encounter Justifications and Consequences",0,000000,1
4692,"History",n00000104,"Colonial Encounter Justifications and Consequences",0,000000,1
4914,"History",n00000104,"Colonial Encounter Justifications and Consequences",0,000000,1
4959,"History",n00000104,"Colonial Encounter Justifications and Consequences",0,000000,1
4699,"History",n00000104,"Colonial Encounter Justifications and Consequences",0,000000,1
4827,"History",n00000104,"Colonial Encounter Justifications and Consequences",0,000000,1
4727,"History",n00000104,"Colonial Encounter Justifications and Consequences",0,000000,1
4775,"History",n00000033,"Archaeological and Evolutionary Anthropology",0,000000,1
4958,"History",n00000104,"Colonial Encounter Justifications and Consequences",0,000000,1
4901,"History",n00000104,"Colonial Encounter Justifications and Consequences",0,000000,1
4836,"History",n00000104,"Colonial Encounter Justifications and Consequences",0,000000,1
4778,"History",n00000104,"Colonial Encounter Justifications and Consequences",0,000000,1
4983,"History",n00000104,"Colonial Encounter Justifications and Consequences",0,000000,1
4690,"History",n00000104,"Colonial Encounter Justifications and Consequences",0,000000,1
4833,"History",n00000104,"Colonial Encounter Justifications and Consequences",0,000000,1
5051,"History",n00000104,"Colonial Encounter Justifications and Consequences",0,000000,1
4857,"History",n00000104,"Colonial Encounter Justifications and Consequences",0,000000,1
4852,"History",n00000104,"Colonial Encounter Justifications and Consequences",0,000000,1
4858,"History",n00000033,"Archaeological and Evolutionary Anthropology",0,000000,1
4804,"History",n00000104,"Colonial Encounter Justifications and Consequences",0,000000,1
5049,"History",n00000104,"Colonial Encounter Justifications and Consequences",0,000000,1
5024,"History",n00000138,"Philosophical and Legal Concept Definition",-0,590298,2
5024,"History",n00000104,"Colonial Encounter Justifications and Consequences",-0,807799,2
5817,"Other",n00000103,"Historical Rhetoric and Political Persuasion Analysis",0,000000,1
5512,"Other",n00000103,"Historical Rhetoric and Political Persuasion Analysis",0,000000,1
5020,"History",n00000103,"Historical Rhetoric and Political Persuasion Analysis",0,000000,1
5026,"History",n00000104,"Colonial Encounter Justifications and Consequences",0,000000,1
4980,"History",n00000103,"Historical Rhetoric and Political Persuasion Analysis",0,000000,1
4887,"History",n00000103,"Historical Rhetoric and Political Persuasion Analysis",0,000000,1
4919,"History",n00000103,"Historical Rhetoric and Political Persuasion Analysis",0,000000,1
4746,"History",n00000103,"Historical Rhetoric and Political Persuasion Analysis",0,000000,1
4678,"History",n00000103,"Historical Rhetoric and Political Persuasion Analysis",0,000000,1
4889,"History",n00000103,"Historical Rhetoric and Political Persuasion Analysis",0,000000,1
4962,"History",n00000103,"Historical Rhetoric and Political Persuasion Analysis",0,000000,1
4797,"History",n00000103,"Historical Rhetoric and Political Persuasion Analysis",0,000000,1
4719,"History",n00000103,"Historical Rhetoric and Political Persuasion Analysis",0,000000,1
4900,"History",n00000103,"Historical Rhetoric and Political Persuasion Analysis",0,000000,1
4943,"History",n00000103,"Historical Rhetoric and Political Persuasion Analysis",0,000000,1
4942,"History",n00000103,"Historical Rhetoric and Political Persuasion Analysis",0,000000,1
4979,"History",n00000103,"Historical Rhetoric and Political Persuasion Analysis",0,000000,1
4941,"History",n00000103,"Historical Rhetoric and Political Persuasion Analysis",0,000000,1
4989,"History",n00000104,"Colonial Encounter Justifications and Consequences",-0,488590,2
4989,"History",n00000103,"Historical Rhetoric and Political Persuasion Analysis",-0,950599,2
4916,"History",n00000103,"Historical Rhetoric and Political Persuasion Analysis",0,000000,1
4913,"History",n00000103,"Historical Rhetoric and Political Persuasion Analysis",0,000000,1
4848,"History",n00000103,"Historical Rhetoric and Political Persuasion Analysis",0,000000,1
4767,"History",n00000103,"Historical Rhetoric and Political Persuasion Analysis",0,000000,1
4717,"History",n00000103,"Historical Rhetoric and Political Persuasion Analysis",0,000000,1
5507,"Other",n00000076,"Security Dilemmas and State Sovereignty Frameworks",0,000000,1
5866,"Other",n00000076,"Security Dilemmas and State Sovereignty Frameworks",0,000000,1
5580,"Other",n00000033,"Archaeological and Evolutionary Anthropology",0,000000,1
6090,"Health",n00000104,"Colonial Encounter Justifications and Consequences",0,000000,1
5381,"Other",n00000103,"Historical Rhetoric and Political Persuasion Analysis",0,000000,1
6006,"Health",n00000104,"Colonial Encounter Justifications and Consequences",-0,315076,2
6006,"Health",n00000103,"Historical Rhetoric and Political Persuasion Analysis",-1,308346,2
4816,"History",n00000033,"Archaeological and Evolutionary Anthropology",0,000000,1
4732,"History",n00000033,"Archaeological and Evolutionary Anthropology",-0,299444,2
4732,"History",n00000166,"Discriminative Statement Verification Tasks",-1,351817,2
5038,"History",n00000033,"Archaeological and Evolutionary Anthropology",0,000000,1
2423,"Psychology",n00000033,"Archaeological and Evolutionary Anthropology",0,000000,1
2111,"Psychology",n00000236,"Historical and Theoretical Personality Frameworks",0,000000,1
4787,"History",n00000033,"Archaeological and Evolutionary Anthropology",0,000000,1
4865,"History",n00000033,"Archaeological and Evolutionary Anthropology",0,000000,1
4905,"History",n00000033,"Archaeological and Evolutionary Anthropology",0,000000,1
4966,"History",n00000033,"Archaeological and Evolutionary Anthropology",0,000000,1
4712,"History",n00000033,"Archaeological and Evolutionary Anthropology",0,000000,1
5007,"History",n00000033,"Archaeological and Evolutionary Anthropology",0,000000,1
4674,"History",n00000033,"Archaeological and Evolutionary Anthropology",0,000000,1
4822,"History",n00000033,"Archaeological and Evolutionary Anthropology",0,000000,1
4937,"History",n00000033,"Archaeological and Evolutionary Anthropology",0,000000,1
5006,"History",n00000033,"Archaeological and Evolutionary Anthropology",0,000000,1
5039,"History",n00000079,"Demographic and Societal Indicators Analysis",0,000000,1
4906,"History",n00000033,"Archaeological and Evolutionary Anthropology",0,000000,1
4781,"History",n00000033,"Archaeological and Evolutionary Anthropology",0,000000,1
4817,"History",n00000033,"Archaeological and Evolutionary Anthropology",0,000000,1
4736,"History",n00000033,"Archaeological and Evolutionary Anthropology",0,000000,1
4701,"History",n00000033,"Archaeological and Evolutionary Anthropology",0,000000,1
5005,"History",n00000033,"Archaeological and Evolutionary Anthropology",0,000000,1
4935,"History",n00000033,"Archaeological and Evolutionary Anthropology",0,000000,1
4756,"History",n00000178,"Comparative Evolutionary and Physiological Adaptations",0,000000,1
5011,"History",n00000033,"Archaeological and Evolutionary Anthropology",0,000000,1
2808,"Biology",n00000182,"Population Genetics and Evolutionary Mechanisms",0,000000,1
11058,"Philosophy",n00000033,"Archaeological and Evolutionary Anthropology",0,000000,1
11139,"Philosophy",n00000033,"Archaeological and Evolutionary Anthropology",0,000000,1
5360,"Other",n00000173,"Organizational and Social Psychological Theories of Behavior",0,000000,1
5803,"Other",n00000173,"Organizational and Social Psychological Theories of Behavior",-0,434973,2
5803,"Other",n00000236,"Historical and Theoretical Personality Frameworks",-1,042087,2
5285,"Other",n00000077,"Exclusion Criteria in Business Frameworks",0,000000,1
5277,"Other",n00000173,"Organizational and Social Psychological Theories of Behavior",0,000000,1
5669,"Other",n00000175,"Developmental Psychology and Attachment Theory",0,000000,1
5250,"Other",n00000138,"Philosophical and Legal Concept Definition",0,000000,1
5136,"Other",n00000173,"Organizational and Social Psychological Theories of Behavior",0,000000,1
5590,"Other",n00000139,"Normative Ethical and Legal Argumentation Frameworks",-0,352584,2
5590,"Other",n00000076,"Security Dilemmas and State Sovereignty Frameworks",-1,213583,2
6413,"Health",n00000173,"Organizational and Social Psychological Theories of Behavior",-0,568064,2
6413,"Health",n00000236,"Historical and Theoretical Personality Frameworks",-0,836144,2
6472,"Health",n00000173,"Organizational and Social Psychological Theories of Behavior",0,000000,1
1996,"Psychology",n00000173,"Organizational and Social Psychological Theories of Behavior",0,000000,1
2053,"Psychology",n00000173,"Organizational and Social Psychological Theories of Behavior",-0,475069,2
2053,"Psychology",n00000138,"Philosophical and Legal Concept Definition",-0,972443,2
2476,"Psychology",n00000173,"Organizational and Social Psychological Theories of Behavior",0,000000,1
2088,"Psychology",n00000236,"Historical and Theoretical Personality Frameworks",0,000000,1
2560,"Psychology",n00000107,"Psychotherapy Techniques and Ethical Practices",-0,375118,2
2560,"Psychology",n00000173,"Organizational and Social Psychological Theories of Behavior",-1,162217,2
2127,"Psychology",n00000236,"Historical and Theoretical Personality Frameworks",0,000000,1
2468,"Psychology",n00000236,"Historical and Theoretical Personality Frameworks",0,000000,1
2244,"Psychology",n00000077,"Exclusion Criteria in Business Frameworks",0,000000,1
127,"Business",n00000173,"Organizational and Social Psychological Theories of Behavior",0,000000,1
623,"Business",n00000173,"Organizational and Social Psychological Theories of Behavior",0,000000,1
129,"Business",n00000077,"Exclusion Criteria in Business Frameworks",-0,446613,2
129,"Business",n00000173,"Organizational and Social Psychological Theories of Behavior",-1,021072,2
440,"Business",n00000173,"Organizational and Social Psychological Theories of Behavior",0,000000,1
311,"Business",n00000173,"Organizational and Social Psychological Theories of Behavior",0,000000,1
199,"Business",n00000173,"Organizational and Social Psychological Theories of Behavior",0,000000,1
828,"Business",n00000173,"Organizational and Social Psychological Theories of Behavior",0,000000,1
75,"Business",n00000173,"Organizational and Social Psychological Theories of Behavior",0,000000,1
11185,"Philosophy",n00000173,"Organizational and Social Psychological Theories of Behavior",0,000000,1
11011,"Philosophy",n00000173,"Organizational and Social Psychological Theories of Behavior",-0,457782,2
11011,"Philosophy",n00000139,"Normative Ethical and Legal Argumentation Frameworks",-1,001537,2
5215,"Other",n00000105,"Cognitive Processes in Learning and Memory",0,000000,1
2443,"Psychology",n00000173,"Organizational and Social Psychological Theories of Behavior",0,000000,1
2697,"Psychology",n00000077,"Exclusion Criteria in Business Frameworks",0,000000,1
2784,"Psychology",n00000173,"Organizational and Social Psychological Theories of Behavior",0,000000,1
2639,"Psychology",n00000172,"Psychometric Test Validity and Reliability Principles",-0,419031,2
2639,"Psychology",n00000173,"Organizational and Social Psychological Theories of Behavior",-1,072021,2
2561,"Psychology",n00000173,"Organizational and Social Psychological Theories of Behavior",0,000000,1
2264,"Psychology",n00000137,"Foundational Moral Theory Principles and Critiques",0,000000,1
2602,"Psychology",n00000173,"Organizational and Social Psychological Theories of Behavior",0,000000,1
2210,"Psychology",n00000172,"Psychometric Test Validity and Reliability Principles",0,000000,1
2010,"Psychology",n00000173,"Organizational and Social Psychological Theories of Behavior",0,000000,1
2079,"Psychology",n00000172,"Psychometric Test Validity and Reliability Principles",0,000000,1
618,"Business",n00000173,"Organizational and Social Psychological Theories of Behavior",0,000000,1
763,"Business",n00000173,"Organizational and Social Psychological Theories of Behavior",-0,430314,2
763,"Business",n00000077,"Exclusion Criteria in Business Frameworks",-1,050694,2
619,"Business",n00000173,"Organizational and Social Psychological Theories of Behavior",0,000000,1
8233,"Math",n00000186,"Fundamental Statistical Inference Principles",0,000000,1
6841,"Economics",n00000105,"Cognitive Processes in Learning and Memory",-0,442160,2
6841,"Economics",n00000172,"Psychometric Test Validity and Reliability Principles",-1,029031,2
5822,"Other",n00000172,"Psychometric Test Validity and Reliability Principles",0,000000,1
5876,"Other",n00000172,"Psychometric Test Validity and Reliability Principles",0,000000,1
5769,"Other",n00000175,"Developmental Psychology and Attachment Theory",-0,305900,2
5769,"Other",n00000172,"Psychometric Test Validity and Reliability Principles",-1,333551,2
5820,"Other",n00000172,"Psychometric Test Validity and Reliability Principles",0,000000,1
2390,"Psychology",n00000105,"Cognitive Processes in Learning and Memory",0,000000,1
2520,"Psychology",n00000172,"Psychometric Test Validity and Reliability Principles",0,000000,1
2584,"Psychology",n00000172,"Psychometric Test Validity and Reliability Principles",0,000000,1
2755,"Psychology",n00000239,"Econometric Time Series Model Diagnostics",0,000000,1
2625,"Psychology",n00000172,"Psychometric Test Validity and Reliability Principles",0,000000,1
2494,"Psychology",n00000172,"Psychometric Test Validity and Reliability Principles",0,000000,1
2297,"Psychology",n00000105,"Cognitive Processes in Learning and Memory",0,000000,1
2767,"Psychology",n00000105,"Cognitive Processes in Learning and Memory",-0,584733,2
2767,"Psychology",n00000107,"Psychotherapy Techniques and Ethical Practices",-0,814760,2
2526,"Psychology",n00000172,"Psychometric Test Validity and Reliability Principles",0,000000,1
1995,"Psychology",n00000105,"Cognitive Processes in Learning and Memory",0,000000,1
2614,"Psychology",n00000172,"Psychometric Test Validity and Reliability Principles",0,000000,1
2112,"Psychology",n00000105,"Cognitive Processes in Learning and Memory",0,000000,1
2076,"Psychology",n00000186,"Fundamental Statistical Inference Principles",0,000000,1
2581,"Psychology",n00000172,"Psychometric Test Validity and Reliability Principles",0,000000,1
2653,"Psychology",n00000105,"Cognitive Processes in Learning and Memory",0,000000,1
10995,"Philosophy",n00000172,"Psychometric Test Validity and Reliability Principles",0,000000,1
5801,"Other",n00000105,"Cognitive Processes in Learning and Memory",0,000000,1
6289,"Health",n00000172,"Psychometric Test Validity and Reliability Principles",-0,506605,2
6289,"Health",n00000105,"Cognitive Processes in Learning and Memory",-0,922656,2
6020,"Health",n00000178,"Comparative Evolutionary and Physiological Adaptations",-0,622428,2
6020,"Health",n00000139,"Normative Ethical and Legal Argumentation Frameworks",-0,769251,2
6023,"Health",n00000105,"Cognitive Processes in Learning and Memory",0,000000,1
6400,"Health",n00000236,"Historical and Theoretical Personality Frameworks",0,000000,1
6216,"Health",n00000105,"Cognitive Processes in Learning and Memory",0,000000,1
6414,"Health",n00000105,"Cognitive Processes in Learning and Memory",0,000000,1
6471,"Health",n00000105,"Cognitive Processes in Learning and Memory",0,000000,1
2747,"Psychology",n00000105,"Cognitive Processes in Learning and Memory",0,000000,1
4705,"History",n00000105,"Cognitive Processes in Learning and Memory",0,000000,1
2354,"Psychology",n00000105,"Cognitive Processes in Learning and Memory",0,000000,1
2188,"Psychology",n00000105,"Cognitive Processes in Learning and Memory",0,000000,1
2340,"Psychology",n00000105,"Cognitive Processes in Learning and Memory",0,000000,1
2115,"Psychology",n00000105,"Cognitive Processes in Learning and Memory",0,000000,1
2495,"Psychology",n00000105,"Cognitive Processes in Learning and Memory",0,000000,1
2294,"Psychology",n00000105,"Cognitive Processes in Learning and Memory",0,000000,1
2486,"Psychology",n00000105,"Cognitive Processes in Learning and Memory",0,000000,1
2242,"Psychology",n00000105,"Cognitive Processes in Learning and Memory",0,000000,1
2563,"Psychology",n00000105,"Cognitive Processes in Learning and Memory",0,000000,1
2230,"Psychology",n00000236,"Historical and Theoretical Personality Frameworks",0,000000,1
2531,"Psychology",n00000224,"Applied Quantitative Problem Solving",-0,639550,2
2531,"Psychology",n00000296,"Comparative Numerical and Geometric Ordering Principles",-0,749781,2
2062,"Psychology",n00000105,"Cognitive Processes in Learning and Memory",0,000000,1
2023,"Psychology",n00000105,"Cognitive Processes in Learning and Memory",0,000000,1
2451,"Psychology",n00000105,"Cognitive Processes in Learning and Memory",0,000000,1
2117,"Psychology",n00000105,"Cognitive Processes in Learning and Memory",0,000000,1
2487,"Psychology",n00000105,"Cognitive Processes in Learning and Memory",0,000000,1
2554,"Psychology",n00000105,"Cognitive Processes in Learning and Memory",0,000000,1
2606,"Psychology",n00000173,"Organizational and Social Psychological Theories of Behavior",-0,374069,2
2606,"Psychology",n00000105,"Cognitive Processes in Learning and Memory",-1,164525,2
2414,"Psychology",n00000105,"Cognitive Processes in Learning and Memory",0,000000,1
2184,"Psychology",n00000105,"Cognitive Processes in Learning and Memory",0,000000,1
2544,"Psychology",n00000172,"Psychometric Test Validity and Reliability Principles",-0,475083,2
2544,"Psychology",n00000105,"Cognitive Processes in Learning and Memory",-0,972421,2
2311,"Psychology",n00000105,"Cognitive Processes in Learning and Memory",0,000000,1
2123,"Psychology",n00000105,"Cognitive Processes in Learning and Memory",0,000000,1
2061,"Psychology",n00000105,"Cognitive Processes in Learning and Memory",0,000000,1
2643,"Psychology",n00000105,"Cognitive Processes in Learning and Memory",0,000000,1
3449,"Biology",n00000105,"Cognitive Processes in Learning and Memory",0,000000,1
5211,"Other",n00000107,"Psychotherapy Techniques and Ethical Practices",0,000000,1
5488,"Other",n00000236,"Historical and Theoretical Personality Frameworks",0,000000,1
5154,"Other",n00000236,"Historical and Theoretical Personality Frameworks",0,000000,1
5880,"Other",n00000236,"Historical and Theoretical Personality Frameworks",0,000000,1
6019,"Health",n00000237,"Behavioral and Cognitive Response Mechanisms",-1,003819,3
6019,"Health",n00000175,"Developmental Psychology and Attachment Theory",-1,069708,3
6019,"Health",n00000236,"Historical and Theoretical Personality Frameworks",-1,236448,3
6338,"Health",n00000236,"Historical and Theoretical Personality Frameworks",-0,352917,2
6338,"Health",n00000237,"Behavioral and Cognitive Response Mechanisms",-1,212796,2
6153,"Health",n00000079,"Demographic and Societal Indicators Analysis",0,000000,1
6652,"Health",n00000236,"Historical and Theoretical Personality Frameworks",0,000000,1
6287,"Health",n00000236,"Historical and Theoretical Personality Frameworks",0,000000,1
2600,"Psychology",n00000236,"Historical and Theoretical Personality Frameworks",0,000000,1
2227,"Psychology",n00000107,"Psychotherapy Techniques and Ethical Practices",-0,412644,2
2227,"Psychology",n00000175,"Developmental Psychology and Attachment Theory",-1,084408,2
2624,"Psychology",n00000175,"Developmental Psychology and Attachment Theory",0,000000,1
2073,"Psychology",n00000107,"Psychotherapy Techniques and Ethical Practices",-0,504075,2
2073,"Psychology",n00000175,"Developmental Psychology and Attachment Theory",-0,926504,2
2101,"Psychology",n00000175,"Developmental Psychology and Attachment Theory",0,000000,1
2006,"Psychology",n00000175,"Developmental Psychology and Attachment Theory",0,000000,1
2758,"Psychology",n00000175,"Developmental Psychology and Attachment Theory",0,000000,1
2711,"Psychology",n00000175,"Developmental Psychology and Attachment Theory",0,000000,1
2113,"Psychology",n00000175,"Developmental Psychology and Attachment Theory",0,000000,1
2620,"Psychology",n00000175,"Developmental Psychology and Attachment Theory",0,000000,1
2205,"Psychology",n00000175,"Developmental Psychology and Attachment Theory",0,000000,1
2067,"Psychology",n00000175,"Developmental Psychology and Attachment Theory",0,000000,1
2349,"Psychology",n00000236,"Historical and Theoretical Personality Frameworks",0,000000,1
2218,"Psychology",n00000175,"Developmental Psychology and Attachment Theory",0,000000,1
2237,"Psychology",n00000175,"Developmental Psychology and Attachment Theory",0,000000,1
2048,"Psychology",n00000175,"Developmental Psychology and Attachment Theory",-0,667645,2
2048,"Psychology",n00000105,"Cognitive Processes in Learning and Memory",-0,719317,2
2157,"Psychology",n00000175,"Developmental Psychology and Attachment Theory",0,000000,1
2562,"Psychology",n00000175,"Developmental Psychology and Attachment Theory",0,000000,1
2198,"Psychology",n00000175,"Developmental Psychology and Attachment Theory",0,000000,1
2191,"Psychology",n00000236,"Historical and Theoretical Personality Frameworks",0,000000,1
5878,"Other",n00000236,"Historical and Theoretical Personality Frameworks",0,000000,1
5151,"Other",n00000173,"Organizational and Social Psychological Theories of Behavior",0,000000,1
6337,"Health",n00000173,"Organizational and Social Psychological Theories of Behavior",0,000000,1
2795,"Psychology",n00000237,"Behavioral and Cognitive Response Mechanisms",0,000000,1
2384,"Psychology",n00000237,"Behavioral and Cognitive Response Mechanisms",0,000000,1
2065,"Psychology",n00000173,"Organizational and Social Psychological Theories of Behavior",0,000000,1
2028,"Psychology",n00000175,"Developmental Psychology and Attachment Theory",0,000000,1
2508,"Psychology",n00000237,"Behavioral and Cognitive Response Mechanisms",0,000000,1
2778,"Psychology",n00000237,"Behavioral and Cognitive Response Mechanisms",0,000000,1
2475,"Psychology",n00000237,"Behavioral and Cognitive Response Mechanisms",-0,470134,2
2475,"Psychology",n00000236,"Historical and Theoretical Personality Frameworks",-0,980612,2
2114,"Psychology",n00000236,"Historical and Theoretical Personality Frameworks",0,000000,1
2553,"Psychology",n00000237,"Behavioral and Cognitive Response Mechanisms",0,000000,1
2259,"Psychology",n00000175,"Developmental Psychology and Attachment Theory",0,000000,1
2152,"Psychology",n00000175,"Developmental Psychology and Attachment Theory",0,000000,1
2041,"Psychology",n00000236,"Historical and Theoretical Personality Frameworks",0,000000,1
2665,"Psychology",n00000237,"Behavioral and Cognitive Response Mechanisms",0,000000,1
2654,"Psychology",n00000237,"Behavioral and Cognitive Response Mechanisms",0,000000,1
2254,"Psychology",n00000237,"Behavioral and Cognitive Response Mechanisms",-0,567918,2
2254,"Psychology",n00000138,"Philosophical and Legal Concept Definition",-0,836335,2
2057,"Psychology",n00000139,"Normative Ethical and Legal Argumentation Frameworks",0,000000,1
2292,"Psychology",n00000105,"Cognitive Processes in Learning and Memory",0,000000,1
2670,"Psychology",n00000236,"Historical and Theoretical Personality Frameworks",0,000000,1
2441,"Psychology",n00000107,"Psychotherapy Techniques and Ethical Practices",0,000000,1
2267,"Psychology",n00000107,"Psychotherapy Techniques and Ethical Practices",0,000000,1
2760,"Psychology",n00000107,"Psychotherapy Techniques and Ethical Practices",0,000000,1
1998,"Psychology",n00000107,"Psychotherapy Techniques and Ethical Practices",0,000000,1
2258,"Psychology",n00000107,"Psychotherapy Techniques and Ethical Practices",0,000000,1
2454,"Psychology",n00000107,"Psychotherapy Techniques and Ethical Practices",0,000000,1
2621,"Psychology",n00000107,"Psychotherapy Techniques and Ethical Practices",0,000000,1
2008,"Psychology",n00000107,"Psychotherapy Techniques and Ethical Practices",0,000000,1
2440,"Psychology",n00000107,"Psychotherapy Techniques and Ethical Practices",0,000000,1
2731,"Psychology",n00000107,"Psychotherapy Techniques and Ethical Practices",0,000000,1
2567,"Psychology",n00000107,"Psychotherapy Techniques and Ethical Practices",0,000000,1
2068,"Psychology",n00000107,"Psychotherapy Techniques and Ethical Practices",0,000000,1
2412,"Psychology",n00000236,"Historical and Theoretical Personality Frameworks",-0,533452,2
2412,"Psychology",n00000107,"Psychotherapy Techniques and Ethical Practices",-0,883282,2
2470,"Psychology",n00000107,"Psychotherapy Techniques and Ethical Practices",0,000000,1
2286,"Psychology",n00000236,"Historical and Theoretical Personality Frameworks",0,000000,1
2435,"Psychology",n00000107,"Psychotherapy Techniques and Ethical Practices",0,000000,1
2707,"Psychology",n00000107,"Psychotherapy Techniques and Ethical Practices",0,000000,1
2590,"Psychology",n00000107,"Psychotherapy Techniques and Ethical Practices",0,000000,1
2379,"Psychology",n00000107,"Psychotherapy Techniques and Ethical Practices",0,000000,1
2759,"Psychology",n00000107,"Psychotherapy Techniques and Ethical Practices",0,000000,1
2732,"Psychology",n00000236,"Historical and Theoretical Personality Frameworks",0,000000,1
2332,"Psychology",n00000107,"Psychotherapy Techniques and Ethical Practices",0,000000,1
2751,"Psychology",n00000107,"Psychotherapy Techniques and Ethical Practices",0,000000,1
2392,"Psychology",n00000172,"Psychometric Test Validity and Reliability Principles",0,000000,1
2771,"Psychology",n00000107,"Psychotherapy Techniques and Ethical Practices",0,000000,1
2802,"Psychology",n00000107,"Psychotherapy Techniques and Ethical Practices",0,000000,1
2736,"Psychology",n00000107,"Psychotherapy Techniques and Ethical Practices",0,000000,1
2709,"Psychology",n00000107,"Psychotherapy Techniques and Ethical Practices",0,000000,1
2696,"Psychology",n00000107,"Psychotherapy Techniques and Ethical Practices",0,000000,1
2452,"Psychology",n00000107,"Psychotherapy Techniques and Ethical Practices",0,000000,1
8768,"Math",n00000037,"Forced Convection Heat Transfer Analysis",0,000000,1
9888,"Physics",n00000037,"Forced Convection Heat Transfer Analysis",0,000000,1
9608,"Physics",n00000037,"Forced Convection Heat Transfer Analysis",0,000000,1
10136,"Physics",n00000037,"Forced Convection Heat Transfer Analysis",0,000000,1
10007,"Physics",n00000037,"Forced Convection Heat Transfer Analysis",0,000000,1
9093,"Physics",n00000037,"Forced Convection Heat Transfer Analysis",0,000000,1
9787,"Physics",n00000030,"Thermodynamic Process Calculations in Real and Ideal Gases",-0,475058,2
9787,"Physics",n00000037,"Forced Convection Heat Transfer Analysis",-0,972462,2
9825,"Physics",n00000037,"Forced Convection Heat Transfer Analysis",0,000000,1
11402,"Engineering",n00000037,"Forced Convection Heat Transfer Analysis",0,000000,1
11472,"Engineering",n00000037,"Forced Convection Heat Transfer Analysis",0,000000,1
11644,"Engineering",n00000037,"Forced Convection Heat Transfer Analysis",0,000000,1
11407,"Engineering",n00000037,"Forced Convection Heat Transfer Analysis",0,000000,1
11946,"Engineering",n00000037,"Forced Convection Heat Transfer Analysis",0,000000,1
11329,"Engineering",n00000037,"Forced Convection Heat Transfer Analysis",0,000000,1
11818,"Engineering",n00000037,"Forced Convection Heat Transfer Analysis",0,000000,1
11821,"Engineering",n00000037,"Forced Convection Heat Transfer Analysis",0,000000,1
11708,"Engineering",n00000037,"Forced Convection Heat Transfer Analysis",0,000000,1
11870,"Engineering",n00000037,"Forced Convection Heat Transfer Analysis",0,000000,1
11677,"Engineering",n00000037,"Forced Convection Heat Transfer Analysis",0,000000,1
11618,"Engineering",n00000037,"Forced Convection Heat Transfer Analysis",0,000000,1
11563,"Engineering",n00000037,"Forced Convection Heat Transfer Analysis",0,000000,1
12020,"Engineering",n00000037,"Forced Convection Heat Transfer Analysis",0,000000,1
11789,"Engineering",n00000037,"Forced Convection Heat Transfer Analysis",0,000000,1
11290,"Engineering",n00000037,"Forced Convection Heat Transfer Analysis",0,000000,1
11417,"Engineering",n00000037,"Forced Convection Heat Transfer Analysis",0,000000,1
11495,"Engineering",n00000037,"Forced Convection Heat Transfer Analysis",0,000000,1
11730,"Engineering",n00000037,"Forced Convection Heat Transfer Analysis",0,000000,1
11970,"Engineering",n00000037,"Forced Convection Heat Transfer Analysis",0,000000,1
12018,"Engineering",n00000037,"Forced Convection Heat Transfer Analysis",0,000000,1
11497,"Engineering",n00000037,"Forced Convection Heat Transfer Analysis",0,000000,1
11332,"Engineering",n00000177,"Electrical Circuit Power and Energy Dynamics",0,000000,1
11539,"Engineering",n00000037,"Forced Convection Heat Transfer Analysis",0,000000,1
11512,"Engineering",n00000037,"Forced Convection Heat Transfer Analysis",0,000000,1
12003,"Engineering",n00000037,"Forced Convection Heat Transfer Analysis",0,000000,1
11907,"Engineering",n00000037,"Forced Convection Heat Transfer Analysis",0,000000,1
12185,"Engineering",n00000037,"Forced Convection Heat Transfer Analysis",0,000000,1
11487,"Engineering",n00000037,"Forced Convection Heat Transfer Analysis",0,000000,1
11491,"Engineering",n00000037,"Forced Convection Heat Transfer Analysis",0,000000,1
11490,"Engineering",n00000037,"Forced Convection Heat Transfer Analysis",0,000000,1
7779,"Math",n00000254,"Colligative Properties and Molecular Weight Determination",0,000000,1
9035,"Math",n00000037,"Forced Convection Heat Transfer Analysis",0,000000,1
8930,"Math",n00000037,"Forced Convection Heat Transfer Analysis",0,000000,1
8244,"Math",n00000037,"Forced Convection Heat Transfer Analysis",0,000000,1
10034,"Physics",n00000037,"Forced Convection Heat Transfer Analysis",-0,581655,2
10034,"Physics",n00000030,"Thermodynamic Process Calculations in Real and Ideal Gases",-0,818649,2
11810,"Engineering",n00000037,"Forced Convection Heat Transfer Analysis",0,000000,1
12113,"Engineering",n00000254,"Colligative Properties and Molecular Weight Determination",0,000000,1
11340,"Engineering",n00000037,"Forced Convection Heat Transfer Analysis",0,000000,1
11669,"Engineering",n00000037,"Forced Convection Heat Transfer Analysis",0,000000,1
11884,"Engineering",n00000254,"Colligative Properties and Molecular Weight Determination",0,000000,1
11649,"Engineering",n00000037,"Forced Convection Heat Transfer Analysis",0,000000,1
12043,"Engineering",n00000037,"Forced Convection Heat Transfer Analysis",0,000000,1
11826,"Engineering",n00000037,"Forced Convection Heat Transfer Analysis",0,000000,1
11429,"Engineering",n00000254,"Colligative Properties and Molecular Weight Determination",0,000000,1
11494,"Engineering",n00000037,"Forced Convection Heat Transfer Analysis",0,000000,1
12107,"Engineering",n00000037,"Forced Convection Heat Transfer Analysis",0,000000,1
11878,"Engineering",n00000254,"Colligative Properties and Molecular Weight Determination",0,000000,1
11806,"Engineering",n00000037,"Forced Convection Heat Transfer Analysis",0,000000,1
11506,"Engineering",n00000037,"Forced Convection Heat Transfer Analysis",0,000000,1
12032,"Engineering",n00000234,"Optical Interference and Thin Film Phenomena",-0,601088,2
12032,"Engineering",n00000037,"Forced Convection Heat Transfer Analysis",-0,794548,2
3124,"Biology",n00000037,"Forced Convection Heat Transfer Analysis",-0,392066,2
3124,"Biology",n00000180,"Cellular Physiology and Systemic Integration",-1,125962,2
8861,"Math",n00000037,"Forced Convection Heat Transfer Analysis",0,000000,1
7773,"Math",n00000037,"Forced Convection Heat Transfer Analysis",0,000000,1
9416,"Physics",n00000037,"Forced Convection Heat Transfer Analysis",0,000000,1
12105,"Engineering",n00000037,"Forced Convection Heat Transfer Analysis",0,000000,1
12109,"Engineering",n00000037,"Forced Convection Heat Transfer Analysis",0,000000,1
11959,"Engineering",n00000037,"Forced Convection Heat Transfer Analysis",0,000000,1
11345,"Engineering",n00000037,"Forced Convection Heat Transfer Analysis",0,000000,1
11638,"Engineering",n00000037,"Forced Convection Heat Transfer Analysis",0,000000,1
11828,"Engineering",n00000037,"Forced Convection Heat Transfer Analysis",0,000000,1
12186,"Engineering",n00000037,"Forced Convection Heat Transfer Analysis",0,000000,1
11379,"Engineering",n00000037,"Forced Convection Heat Transfer Analysis",0,000000,1
11554,"Engineering",n00000037,"Forced Convection Heat Transfer Analysis",0,000000,1
11914,"Engineering",n00000037,"Forced Convection Heat Transfer Analysis",0,000000,1
11674,"Engineering",n00000037,"Forced Convection Heat Transfer Analysis",0,000000,1
12204,"Engineering",n00000037,"Forced Convection Heat Transfer Analysis",0,000000,1
11520,"Engineering",n00000037,"Forced Convection Heat Transfer Analysis",-0,399931,2
11520,"Engineering",n00000118,"Mechanical Power Transmission Design Calculations",-1,109773,2
11755,"Engineering",n00000037,"Forced Convection Heat Transfer Analysis",0,000000,1
11362,"Engineering",n00000037,"Forced Convection Heat Transfer Analysis",0,000000,1
11992,"Engineering",n00000037,"Forced Convection Heat Transfer Analysis",0,000000,1
11896,"Engineering",n00000037,"Forced Convection Heat Transfer Analysis",0,000000,1
11993,"Engineering",n00000037,"Forced Convection Heat Transfer Analysis",0,000000,1
9075,"Physics",n00000118,"Mechanical Power Transmission Design Calculations",0,000000,1
9423,"Physics",n00000037,"Forced Convection Heat Transfer Analysis",0,000000,1
10336,"Physics",n00000118,"Mechanical Power Transmission Design Calculations",0,000000,1
9188,"Physics",n00000118,"Mechanical Power Transmission Design Calculations",0,000000,1
11545,"Engineering",n00000118,"Mechanical Power Transmission Design Calculations",0,000000,1
12205,"Engineering",n00000118,"Mechanical Power Transmission Design Calculations",0,000000,1
11626,"Engineering",n00000118,"Mechanical Power Transmission Design Calculations",0,000000,1
12100,"Engineering",n00000118,"Mechanical Power Transmission Design Calculations",0,000000,1
11541,"Engineering",n00000118,"Mechanical Power Transmission Design Calculations",0,000000,1
11862,"Engineering",n00000118,"Mechanical Power Transmission Design Calculations",0,000000,1
11411,"Engineering",n00000118,"Mechanical Power Transmission Design Calculations",0,000000,1
12104,"Engineering",n00000118,"Mechanical Power Transmission Design Calculations",0,000000,1
11945,"Engineering",n00000118,"Mechanical Power Transmission Design Calculations",0,000000,1
12021,"Engineering",n00000118,"Mechanical Power Transmission Design Calculations",0,000000,1
11860,"Engineering",n00000118,"Mechanical Power Transmission Design Calculations",0,000000,1
12172,"Engineering",n00000118,"Mechanical Power Transmission Design Calculations",0,000000,1
12022,"Engineering",n00000118,"Mechanical Power Transmission Design Calculations",0,000000,1
11857,"Engineering",n00000118,"Mechanical Power Transmission Design Calculations",0,000000,1
9801,"Physics",n00000177,"Electrical Circuit Power and Energy Dynamics",0,000000,1
9384,"Physics",n00000177,"Electrical Circuit Power and Energy Dynamics",0,000000,1
10178,"Physics",n00000037,"Forced Convection Heat Transfer Analysis",-0,397553,2
10178,"Physics",n00000177,"Electrical Circuit Power and Energy Dynamics",-1,114626,2
9961,"Physics",n00000177,"Electrical Circuit Power and Energy Dynamics",0,000000,1
9150,"Physics",n00000177,"Electrical Circuit Power and Energy Dynamics",0,000000,1
9838,"Physics",n00000177,"Electrical Circuit Power and Energy Dynamics",0,000000,1
10125,"Physics",n00000177,"Electrical Circuit Power and Energy Dynamics",0,000000,1
11998,"Engineering",n00000177,"Electrical Circuit Power and Energy Dynamics",0,000000,1
11394,"Engineering",n00000177,"Electrical Circuit Power and Energy Dynamics",0,000000,1
11854,"Engineering",n00000694,"Charged Particle Dynamics in Electromagnetic Fields",0,000000,1
11931,"Engineering",n00000176,"Electrical Machine Performance and Efficiency Analysis",0,000000,1
11523,"Engineering",n00000177,"Electrical Circuit Power and Energy Dynamics",0,000000,1
11682,"Engineering",n00000177,"Electrical Circuit Power and Energy Dynamics",-0,486091,2
11682,"Engineering",n00000176,"Electrical Machine Performance and Efficiency Analysis",-0,954580,2
12074,"Engineering",n00000177,"Electrical Circuit Power and Energy Dynamics",0,000000,1
12192,"Engineering",n00000177,"Electrical Circuit Power and Energy Dynamics",0,000000,1
12083,"Engineering",n00000177,"Electrical Circuit Power and Energy Dynamics",0,000000,1
12169,"Engineering",n00000177,"Electrical Circuit Power and Energy Dynamics",0,000000,1
11930,"Engineering",n00000177,"Electrical Circuit Power and Energy Dynamics",-0,600828,2
11930,"Engineering",n00000176,"Electrical Machine Performance and Efficiency Analysis",-0,794864,2
11836,"Engineering",n00000177,"Electrical Circuit Power and Energy Dynamics",0,000000,1
11529,"Engineering",n00000177,"Electrical Circuit Power and Energy Dynamics",0,000000,1
12218,"Engineering",n00000177,"Electrical Circuit Power and Energy Dynamics",0,000000,1
11660,"Engineering",n00000185,"Fundamental Computing and Electrical Principles",0,000000,1
11338,"Engineering",n00000238,"Machine Learning Model Properties and Tradeoffs",0,000000,1
11467,"Engineering",n00000177,"Electrical Circuit Power and Energy Dynamics",0,000000,1
11401,"Engineering",n00000235,"Wave Propagation and Antenna Parameters",-0,397608,2
11401,"Engineering",n00000177,"Electrical Circuit Power and Energy Dynamics",-1,114514,2
11809,"Engineering",n00000177,"Electrical Circuit Power and Energy Dynamics",0,000000,1
11636,"Engineering",n00000177,"Electrical Circuit Power and Energy Dynamics",0,000000,1
11433,"Engineering",n00000146,"Applied Integral and Transform Methods",0,000000,1
11962,"Engineering",n00000177,"Electrical Circuit Power and Energy Dynamics",0,000000,1
11572,"Engineering",n00000177,"Electrical Circuit Power and Energy Dynamics",0,000000,1
10011,"Physics",n00000118,"Mechanical Power Transmission Design Calculations",-0,340650,2
10011,"Physics",n00000176,"Electrical Machine Performance and Efficiency Analysis",-1,242395,2
12073,"Engineering",n00000176,"Electrical Machine Performance and Efficiency Analysis",0,000000,1
11741,"Engineering",n00000176,"Electrical Machine Performance and Efficiency Analysis",0,000000,1
11522,"Engineering",n00000176,"Electrical Machine Performance and Efficiency Analysis",0,000000,1
11385,"Engineering",n00000176,"Electrical Machine Performance and Efficiency Analysis",0,000000,1
11837,"Engineering",n00000176,"Electrical Machine Performance and Efficiency Analysis",0,000000,1
12070,"Engineering",n00000176,"Electrical Machine Performance and Efficiency Analysis",0,000000,1
11461,"Engineering",n00000176,"Electrical Machine Performance and Efficiency Analysis",0,000000,1
12078,"Engineering",n00000176,"Electrical Machine Performance and Efficiency Analysis",0,000000,1
11759,"Engineering",n00000176,"Electrical Machine Performance and Efficiency Analysis",0,000000,1
12084,"Engineering",n00000176,"Electrical Machine Performance and Efficiency Analysis",0,000000,1
11760,"Engineering",n00000176,"Electrical Machine Performance and Efficiency Analysis",0,000000,1
12214,"Engineering",n00000176,"Electrical Machine Performance and Efficiency Analysis",0,000000,1
11833,"Engineering",n00000176,"Electrical Machine Performance and Efficiency Analysis",0,000000,1
11463,"Engineering",n00000176,"Electrical Machine Performance and Efficiency Analysis",0,000000,1
11830,"Engineering",n00000176,"Electrical Machine Performance and Efficiency Analysis",0,000000,1
11601,"Engineering",n00000176,"Electrical Machine Performance and Efficiency Analysis",0,000000,1
12162,"Engineering",n00000176,"Electrical Machine Performance and Efficiency Analysis",0,000000,1
11921,"Engineering",n00000176,"Electrical Machine Performance and Efficiency Analysis",0,000000,1
12000,"Engineering",n00000176,"Electrical Machine Performance and Efficiency Analysis",0,000000,1
11926,"Engineering",n00000176,"Electrical Machine Performance and Efficiency Analysis",0,000000,1
11602,"Engineering",n00000176,"Electrical Machine Performance and Efficiency Analysis",0,000000,1
11680,"Engineering",n00000176,"Electrical Machine Performance and Efficiency Analysis",0,000000,1
6213,"Health",n00000178,"Comparative Evolutionary and Physiological Adaptations",0,000000,1
6586,"Health",n00000178,"Comparative Evolutionary and Physiological Adaptations",0,000000,1
5004,"History",n00000178,"Comparative Evolutionary and Physiological Adaptations",0,000000,1
4902,"History",n00000178,"Comparative Evolutionary and Physiological Adaptations",0,000000,1
4754,"History",n00000182,"Population Genetics and Evolutionary Mechanisms",0,000000,1
3063,"Biology",n00000179,"Biological Response Mechanisms and Environmental Interactions",-0,449383,2
3063,"Biology",n00000178,"Comparative Evolutionary and Physiological Adaptations",-1,016170,2
3378,"Biology",n00000179,"Biological Response Mechanisms and Environmental Interactions",0,000000,1
3281,"Biology",n00000179,"Biological Response Mechanisms and Environmental Interactions",0,000000,1
3488,"Biology",n00000178,"Comparative Evolutionary and Physiological Adaptations",0,000000,1
2988,"Biology",n00000179,"Biological Response Mechanisms and Environmental Interactions",0,000000,1
3277,"Biology",n00000179,"Biological Response Mechanisms and Environmental Interactions",0,000000,1
3262,"Biology",n00000179,"Biological Response Mechanisms and Environmental Interactions",-0,299491,2
3262,"Biology",n00000180,"Cellular Physiology and Systemic Integration",-1,351682,2
3118,"Biology",n00000179,"Biological Response Mechanisms and Environmental Interactions",0,000000,1
3224,"Biology",n00000178,"Comparative Evolutionary and Physiological Adaptations",-0,505029,2
3224,"Biology",n00000179,"Biological Response Mechanisms and Environmental Interactions",-0,925048,2
3199,"Biology",n00000179,"Biological Response Mechanisms and Environmental Interactions",0,000000,1
3383,"Biology",n00000182,"Population Genetics and Evolutionary Mechanisms",0,000000,1
3339,"Biology",n00000179,"Biological Response Mechanisms and Environmental Interactions",0,000000,1
3497,"Biology",n00000178,"Comparative Evolutionary and Physiological Adaptations",0,000000,1
2858,"Biology",n00000179,"Biological Response Mechanisms and Environmental Interactions",0,000000,1
2812,"Biology",n00000178,"Comparative Evolutionary and Physiological Adaptations",-0,371304,2
2812,"Biology",n00000182,"Population Genetics and Evolutionary Mechanisms",-1,170647,2
2930,"Biology",n00000179,"Biological Response Mechanisms and Environmental Interactions",0,000000,1
3303,"Biology",n00000179,"Biological Response Mechanisms and Environmental Interactions",0,000000,1
2856,"Biology",n00000178,"Comparative Evolutionary and Physiological Adaptations",0,000000,1
2356,"Psychology",n00000179,"Biological Response Mechanisms and Environmental Interactions",0,000000,1
4675,"History",n00000178,"Comparative Evolutionary and Physiological Adaptations",0,000000,1
2056,"Psychology",n00000178,"Comparative Evolutionary and Physiological Adaptations",0,000000,1
3029,"Biology",n00000178,"Comparative Evolutionary and Physiological Adaptations",0,000000,1
3006,"Biology",n00000178,"Comparative Evolutionary and Physiological Adaptations",0,000000,1
3187,"Biology",n00000178,"Comparative Evolutionary and Physiological Adaptations",0,000000,1
3365,"Biology",n00000178,"Comparative Evolutionary and Physiological Adaptations",0,000000,1
3382,"Biology",n00000178,"Comparative Evolutionary and Physiological Adaptations",0,000000,1
3503,"Biology",n00000178,"Comparative Evolutionary and Physiological Adaptations",0,000000,1
3448,"Biology",n00000178,"Comparative Evolutionary and Physiological Adaptations",0,000000,1
3134,"Biology",n00000179,"Biological Response Mechanisms and Environmental Interactions",0,000000,1
2958,"Biology",n00000178,"Comparative Evolutionary and Physiological Adaptations",0,000000,1
2945,"Biology",n00000178,"Comparative Evolutionary and Physiological Adaptations",0,000000,1
3215,"Biology",n00000179,"Biological Response Mechanisms and Environmental Interactions",0,000000,1
3491,"Biology",n00000178,"Comparative Evolutionary and Physiological Adaptations",0,000000,1
3270,"Biology",n00000179,"Biological Response Mechanisms and Environmental Interactions",0,000000,1
3274,"Biology",n00000121,"Mendelian and Quantitative Genetic Inheritance Patterns",-0,435404,2
3274,"Biology",n00000183,"Molecular Genetics and Mutational Mechanisms",-1,041297,2
2902,"Biology",n00000178,"Comparative Evolutionary and Physiological Adaptations",0,000000,1
3280,"Biology",n00000178,"Comparative Evolutionary and Physiological Adaptations",0,000000,1
2990,"Biology",n00000179,"Biological Response Mechanisms and Environmental Interactions",0,000000,1
3002,"Biology",n00000179,"Biological Response Mechanisms and Environmental Interactions",-0,426067,2
3002,"Biology",n00000178,"Comparative Evolutionary and Physiological Adaptations",-1,058640,2
3295,"Biology",n00000178,"Comparative Evolutionary and Physiological Adaptations",0,000000,1
3236,"Biology",n00000178,"Comparative Evolutionary and Physiological Adaptations",-0,496841,2
3236,"Biology",n00000179,"Biological Response Mechanisms and Environmental Interactions",-0,937641,2
8336,"Math",n00000181,"Molecular Biology of Macromolecules and Enzymes",0,000000,1
9119,"Physics",n00000179,"Biological Response Mechanisms and Environmental Interactions",-0,660842,2
9119,"Physics",n00000181,"Molecular Biology of Macromolecules and Enzymes",-0,726531,2
6518,"Health",n00000181,"Molecular Biology of Macromolecules and Enzymes",-0,664104,2
6518,"Health",n00000180,"Cellular Physiology and Systemic Integration",-0,723060,2
6768,"Health",n00000168,"Nutrient Metabolism and Bioenergetics Fundamentals",0,000000,1
3635,"Chemistry",n00000185,"Fundamental Computing and Electrical Principles",-0,490061,2
3635,"Chemistry",n00000126,"Logical Statement Verification in Algebraic Structures",-0,948270,2
6774,"Health",n00000181,"Molecular Biology of Macromolecules and Enzymes",0,000000,1
6582,"Health",n00000077,"Exclusion Criteria in Business Frameworks",-0,894053,3
6582,"Health",n00000159,"Applied Microeconomic Frameworks and Policy Instruments",-1,130485,3
6582,"Health",n00000158,"Microeconomic Production and Distribution Theory",-1,316288,3
2811,"Biology",n00000178,"Comparative Evolutionary and Physiological Adaptations",0,000000,1
3376,"Biology",n00000181,"Molecular Biology of Macromolecules and Enzymes",0,000000,1
3293,"Biology",n00000180,"Cellular Physiology and Systemic Integration",0,000000,1
3162,"Biology",n00000181,"Molecular Biology of Macromolecules and Enzymes",0,000000,1
2910,"Biology",n00000181,"Molecular Biology of Macromolecules and Enzymes",0,000000,1
3443,"Biology",n00000179,"Biological Response Mechanisms and Environmental Interactions",-0,521984,2
3443,"Biology",n00000181,"Molecular Biology of Macromolecules and Enzymes",-0,899783,2
3153,"Biology",n00000181,"Molecular Biology of Macromolecules and Enzymes",-0,433548,2
3153,"Biology",n00000179,"Biological Response Mechanisms and Environmental Interactions",-1,044706,2
3205,"Biology",n00000181,"Molecular Biology of Macromolecules and Enzymes",0,000000,1
3016,"Biology",n00000080,"Human Anatomy and Physiological Function",-0,473440,2
3016,"Biology",n00000169,"Pathophysiology and Disease Mechanism Fundamentals",-0,975127,2
2998,"Biology",n00000180,"Cellular Physiology and Systemic Integration",-0,344000,2
2998,"Biology",n00000181,"Molecular Biology of Macromolecules and Enzymes",-1,234188,2
3231,"Biology",n00000181,"Molecular Biology of Macromolecules and Enzymes",-0,507323,2
3231,"Biology",n00000179,"Biological Response Mechanisms and Environmental Interactions",-0,921568,2
3030,"Biology",n00000181,"Molecular Biology of Macromolecules and Enzymes",0,000000,1
2829,"Biology",n00000181,"Molecular Biology of Macromolecules and Enzymes",0,000000,1
9547,"Physics",n00000180,"Cellular Physiology and Systemic Integration",0,000000,1
9213,"Physics",n00000185,"Fundamental Computing and Electrical Principles",0,000000,1
5157,"Other",n00000180,"Cellular Physiology and Systemic Integration",0,000000,1
6403,"Health",n00000180,"Cellular Physiology and Systemic Integration",0,000000,1
6060,"Health",n00000180,"Cellular Physiology and Systemic Integration",0,000000,1
6321,"Health",n00000180,"Cellular Physiology and Systemic Integration",0,000000,1
6280,"Health",n00000180,"Cellular Physiology and Systemic Integration",-0,387269,2
6280,"Health",n00000080,"Human Anatomy and Physiological Function",-1,136030,2
2192,"Psychology",n00000121,"Mendelian and Quantitative Genetic Inheritance Patterns",0,000000,1
2481,"Psychology",n00000180,"Cellular Physiology and Systemic Integration",0,000000,1
2016,"Psychology",n00000180,"Cellular Physiology and Systemic Integration",0,000000,1
2789,"Psychology",n00000180,"Cellular Physiology and Systemic Integration",0,000000,1
3066,"Biology",n00000180,"Cellular Physiology and Systemic Integration",0,000000,1
3386,"Biology",n00000180,"Cellular Physiology and Systemic Integration",-0,316446,2
3386,"Biology",n00000179,"Biological Response Mechanisms and Environmental Interactions",-1,304656,2
3068,"Biology",n00000179,"Biological Response Mechanisms and Environmental Interactions",0,000000,1
3204,"Biology",n00000180,"Cellular Physiology and Systemic Integration",0,000000,1
2966,"Biology",n00000180,"Cellular Physiology and Systemic Integration",0,000000,1
3403,"Biology",n00000180,"Cellular Physiology and Systemic Integration",0,000000,1
3168,"Biology",n00000179,"Biological Response Mechanisms and Environmental Interactions",0,000000,1
2932,"Biology",n00000166,"Discriminative Statement Verification Tasks",0,000000,1
3445,"Biology",n00000180,"Cellular Physiology and Systemic Integration",0,000000,1
3176,"Biology",n00000180,"Cellular Physiology and Systemic Integration",0,000000,1
3158,"Biology",n00000180,"Cellular Physiology and Systemic Integration",0,000000,1
3184,"Biology",n00000179,"Biological Response Mechanisms and Environmental Interactions",-0,677889,2
3184,"Biology",n00000178,"Comparative Evolutionary and Physiological Adaptations",-0,708642,2
3269,"Biology",n00000180,"Cellular Physiology and Systemic Integration",0,000000,1
8441,"Math",n00000186,"Fundamental Statistical Inference Principles",0,000000,1
8007,"Math",n00000186,"Fundamental Statistical Inference Principles",0,000000,1
8671,"Math",n00000186,"Fundamental Statistical Inference Principles",0,000000,1
7699,"Math",n00000179,"Biological Response Mechanisms and Environmental Interactions",-0,622450,2
7699,"Math",n00000182,"Population Genetics and Evolutionary Mechanisms",-0,769225,2
6298,"Health",n00000169,"Pathophysiology and Disease Mechanism Fundamentals",0,000000,1
6588,"Health",n00000181,"Molecular Biology of Macromolecules and Enzymes",-0,554662,2
6588,"Health",n00000179,"Biological Response Mechanisms and Environmental Interactions",-0,853942,2
6779,"Health",n00000183,"Molecular Genetics and Mutational Mechanisms",0,000000,1
6347,"Health",n00000182,"Population Genetics and Evolutionary Mechanisms",0,000000,1
6121,"Health",n00000182,"Population Genetics and Evolutionary Mechanisms",0,000000,1
6534,"Health",n00000183,"Molecular Genetics and Mutational Mechanisms",0,000000,1
3305,"Biology",n00000121,"Mendelian and Quantitative Genetic Inheritance Patterns",0,000000,1
2818,"Biology",n00000183,"Molecular Genetics and Mutational Mechanisms",0,000000,1
2869,"Biology",n00000183,"Molecular Genetics and Mutational Mechanisms",0,000000,1
2936,"Biology",n00000182,"Population Genetics and Evolutionary Mechanisms",0,000000,1
3401,"Biology",n00000183,"Molecular Genetics and Mutational Mechanisms",0,000000,1
2944,"Biology",n00000183,"Molecular Genetics and Mutational Mechanisms",-0,438813,2
2944,"Biology",n00000182,"Population Genetics and Evolutionary Mechanisms",-1,035078,2
3057,"Biology",n00000182,"Population Genetics and Evolutionary Mechanisms",0,000000,1
3272,"Biology",n00000183,"Molecular Genetics and Mutational Mechanisms",-0,680506,2
3272,"Biology",n00000182,"Population Genetics and Evolutionary Mechanisms",-0,705950,2
3009,"Biology",n00000183,"Molecular Genetics and Mutational Mechanisms",0,000000,1
3309,"Biology",n00000183,"Molecular Genetics and Mutational Mechanisms",0,000000,1
3052,"Biology",n00000121,"Mendelian and Quantitative Genetic Inheritance Patterns",-0,639444,2
3052,"Biology",n00000182,"Population Genetics and Evolutionary Mechanisms",-0,749899,2
3255,"Biology",n00000182,"Population Genetics and Evolutionary Mechanisms",0,000000,1
2826,"Biology",n00000182,"Population Genetics and Evolutionary Mechanisms",0,000000,1
3117,"Biology",n00000182,"Population Genetics and Evolutionary Mechanisms",0,000000,1
3003,"Biology",n00000183,"Molecular Genetics and Mutational Mechanisms",0,000000,1
3505,"Biology",n00000182,"Population Genetics and Evolutionary Mechanisms",0,000000,1
3460,"Biology",n00000183,"Molecular Genetics and Mutational Mechanisms",0,000000,1
2997,"Biology",n00000183,"Molecular Genetics and Mutational Mechanisms",0,000000,1
3494,"Biology",n00000182,"Population Genetics and Evolutionary Mechanisms",0,000000,1
3385,"Biology",n00000182,"Population Genetics and Evolutionary Mechanisms",-0,454333,2
3385,"Biology",n00000169,"Pathophysiology and Disease Mechanism Fundamentals",-1,007506,2
6159,"Health",n00000121,"Mendelian and Quantitative Genetic Inheritance Patterns",0,000000,1
6658,"Health",n00000121,"Mendelian and Quantitative Genetic Inheritance Patterns",0,000000,1
6311,"Health",n00000121,"Mendelian and Quantitative Genetic Inheritance Patterns",0,000000,1
3180,"Biology",n00000121,"Mendelian and Quantitative Genetic Inheritance Patterns",0,000000,1
3354,"Biology",n00000121,"Mendelian and Quantitative Genetic Inheritance Patterns",0,000000,1
2889,"Biology",n00000121,"Mendelian and Quantitative Genetic Inheritance Patterns",0,000000,1
3298,"Biology",n00000121,"Mendelian and Quantitative Genetic Inheritance Patterns",0,000000,1
2896,"Biology",n00000121,"Mendelian and Quantitative Genetic Inheritance Patterns",-0,441745,2
2896,"Biology",n00000182,"Population Genetics and Evolutionary Mechanisms",-1,029778,2
2885,"Biology",n00000121,"Mendelian and Quantitative Genetic Inheritance Patterns",0,000000,1
3133,"Biology",n00000121,"Mendelian and Quantitative Genetic Inheritance Patterns",0,000000,1
3203,"Biology",n00000121,"Mendelian and Quantitative Genetic Inheritance Patterns",0,000000,1
3355,"Biology",n00000121,"Mendelian and Quantitative Genetic Inheritance Patterns",0,000000,1
3267,"Biology",n00000121,"Mendelian and Quantitative Genetic Inheritance Patterns",0,000000,1
3070,"Biology",n00000182,"Population Genetics and Evolutionary Mechanisms",0,000000,1
3015,"Biology",n00000121,"Mendelian and Quantitative Genetic Inheritance Patterns",0,000000,1
3085,"Biology",n00000121,"Mendelian and Quantitative Genetic Inheritance Patterns",0,000000,1
2895,"Biology",n00000121,"Mendelian and Quantitative Genetic Inheritance Patterns",0,000000,1
3349,"Biology",n00000121,"Mendelian and Quantitative Genetic Inheritance Patterns",0,000000,1
2806,"Biology",n00000121,"Mendelian and Quantitative Genetic Inheritance Patterns",0,000000,1
3167,"Biology",n00000121,"Mendelian and Quantitative Genetic Inheritance Patterns",0,000000,1
8283,"Math",n00000219,"Applied Business Percentage Calculations",0,000000,1
7724,"Math",n00000219,"Applied Business Percentage Calculations",0,000000,1
8246,"Math",n00000219,"Applied Business Percentage Calculations",0,000000,1
8561,"Math",n00000219,"Applied Business Percentage Calculations",0,000000,1
9036,"Math",n00000403,"Consumer Loan Interest Calculation Methods",0,000000,1
8245,"Math",n00000219,"Applied Business Percentage Calculations",0,000000,1
8791,"Math",n00000219,"Applied Business Percentage Calculations",0,000000,1
7367,"Economics",n00000218,"Business Profit Optimization and Cost Modeling",-0,448031,2
7367,"Economics",n00000219,"Applied Business Percentage Calculations",-1,018558,2
7261,"Economics",n00000218,"Business Profit Optimization and Cost Modeling",0,000000,1
5908,"Other",n00000218,"Business Profit Optimization and Cost Modeling",0,000000,1
5245,"Other",n00000219,"Applied Business Percentage Calculations",0,000000,1
5573,"Other",n00000217,"Retail Pricing Markup and Discount Analysis",0,000000,1
3879,"Chemistry",n00000219,"Applied Business Percentage Calculations",0,000000,1
397,"Business",n00000219,"Applied Business Percentage Calculations",0,000000,1
806,"Business",n00000403,"Consumer Loan Interest Calculation Methods",0,000000,1
802,"Business",n00000219,"Applied Business Percentage Calculations",0,000000,1
122,"Business",n00000219,"Applied Business Percentage Calculations",0,000000,1
854,"Business",n00000217,"Retail Pricing Markup and Discount Analysis",0,000000,1
587,"Business",n00000217,"Retail Pricing Markup and Discount Analysis",0,000000,1
714,"Business",n00000403,"Consumer Loan Interest Calculation Methods",0,000000,1
413,"Business",n00000403,"Consumer Loan Interest Calculation Methods",0,000000,1
597,"Business",n00000403,"Consumer Loan Interest Calculation Methods",0,000000,1
702,"Business",n00000219,"Applied Business Percentage Calculations",0,000000,1
661,"Business",n00000218,"Business Profit Optimization and Cost Modeling",0,000000,1
402,"Business",n00000217,"Retail Pricing Markup and Discount Analysis",0,000000,1
189,"Business",n00000217,"Retail Pricing Markup and Discount Analysis",0,000000,1
233,"Business",n00000219,"Applied Business Percentage Calculations",0,000000,1
779,"Business",n00000217,"Retail Pricing Markup and Discount Analysis",0,000000,1
736,"Business",n00000217,"Retail Pricing Markup and Discount Analysis",0,000000,1
464,"Business",n00000219,"Applied Business Percentage Calculations",0,000000,1
356,"Business",n00000218,"Business Profit Optimization and Cost Modeling",0,000000,1
216,"Business",n00000217,"Retail Pricing Markup and Discount Analysis",0,000000,1
746,"Business",n00000217,"Retail Pricing Markup and Discount Analysis",0,000000,1
400,"Business",n00000217,"Retail Pricing Markup and Discount Analysis",0,000000,1
654,"Business",n00000219,"Applied Business Percentage Calculations",0,000000,1
390,"Business",n00000403,"Consumer Loan Interest Calculation Methods",0,000000,1
781,"Business",n00000217,"Retail Pricing Markup and Discount Analysis",-0,604599,2
781,"Business",n00000403,"Consumer Loan Interest Calculation Methods",-0,790305,2
489,"Business",n00000403,"Consumer Loan Interest Calculation Methods",0,000000,1
599,"Business",n00000219,"Applied Business Percentage Calculations",0,000000,1
491,"Business",n00000403,"Consumer Loan Interest Calculation Methods",0,000000,1
538,"Business",n00000219,"Applied Business Percentage Calculations",0,000000,1
266,"Business",n00000217,"Retail Pricing Markup and Discount Analysis",0,000000,1
418,"Business",n00000219,"Applied Business Percentage Calculations",0,000000,1
375,"Business",n00000217,"Retail Pricing Markup and Discount Analysis",0,000000,1
544,"Business",n00000403,"Consumer Loan Interest Calculation Methods",0,000000,1
711,"Business",n00000403,"Consumer Loan Interest Calculation Methods",0,000000,1
175,"Business",n00000217,"Retail Pricing Markup and Discount Analysis",0,000000,1
601,"Business",n00000403,"Consumer Loan Interest Calculation Methods",0,000000,1
483,"Business",n00000217,"Retail Pricing Markup and Discount Analysis",0,000000,1
545,"Business",n00000403,"Consumer Loan Interest Calculation Methods",0,000000,1
185,"Business",n00000403,"Consumer Loan Interest Calculation Methods",0,000000,1
603,"Business",n00000219,"Applied Business Percentage Calculations",0,000000,1
231,"Business",n00000403,"Consumer Loan Interest Calculation Methods",0,000000,1
338,"Business",n00000403,"Consumer Loan Interest Calculation Methods",0,000000,1
801,"Business",n00000403,"Consumer Loan Interest Calculation Methods",0,000000,1
728,"Business",n00000217,"Retail Pricing Markup and Discount Analysis",0,000000,1
264,"Business",n00000217,"Retail Pricing Markup and Discount Analysis",0,000000,1
847,"Business",n00000217,"Retail Pricing Markup and Discount Analysis",0,000000,1
98,"Business",n00000403,"Consumer Loan Interest Calculation Methods",0,000000,1
160,"Business",n00000403,"Consumer Loan Interest Calculation Methods",0,000000,1
592,"Business",n00000219,"Applied Business Percentage Calculations",0,000000,1
459,"Business",n00000219,"Applied Business Percentage Calculations",0,000000,1
856,"Business",n00000219,"Applied Business Percentage Calculations",0,000000,1
358,"Business",n00000217,"Retail Pricing Markup and Discount Analysis",0,000000,1
382,"Business",n00000219,"Applied Business Percentage Calculations",0,000000,1
798,"Business",n00000219,"Applied Business Percentage Calculations",0,000000,1
532,"Business",n00000403,"Consumer Loan Interest Calculation Methods",0,000000,1
379,"Business",n00000217,"Retail Pricing Markup and Discount Analysis",-0,609590,2
379,"Business",n00000218,"Business Profit Optimization and Cost Modeling",-0,784327,2
407,"Business",n00000218,"Business Profit Optimization and Cost Modeling",0,000000,1
343,"Business",n00000219,"Applied Business Percentage Calculations",0,000000,1
849,"Business",n00000403,"Consumer Loan Interest Calculation Methods",0,000000,1
466,"Business",n00000217,"Retail Pricing Markup and Discount Analysis",0,000000,1
455,"Business",n00000217,"Retail Pricing Markup and Discount Analysis",0,000000,1
842,"Business",n00000217,"Retail Pricing Markup and Discount Analysis",0,000000,1
703,"Business",n00000218,"Business Profit Optimization and Cost Modeling",0,000000,1
102,"Business",n00000403,"Consumer Loan Interest Calculation Methods",0,000000,1
852,"Business",n00000403,"Consumer Loan Interest Calculation Methods",0,000000,1
604,"Business",n00000219,"Applied Business Percentage Calculations",0,000000,1
833,"Business",n00000403,"Consumer Loan Interest Calculation Methods",0,000000,1
10585,"Computer science",n00000219,"Applied Business Percentage Calculations",0,000000,1
7462,"Economics",n00000426,"Business Financial Calculations and Insurance Mathematics",0,000000,1
7253,"Economics",n00000425,"Investment Valuation and Yield Analysis",0,000000,1
5924,"Other",n00000426,"Business Financial Calculations and Insurance Mathematics",0,000000,1
5640,"Other",n00000426,"Business Financial Calculations and Insurance Mathematics",0,000000,1
5989,"Other",n00000426,"Business Financial Calculations and Insurance Mathematics",0,000000,1
5777,"Other",n00000426,"Business Financial Calculations and Insurance Mathematics",0,000000,1
5923,"Other",n00000426,"Business Financial Calculations and Insurance Mathematics",0,000000,1
5273,"Other",n00000426,"Business Financial Calculations and Insurance Mathematics",0,000000,1
471,"Business",n00000426,"Business Financial Calculations and Insurance Mathematics",-0,688952,2
471,"Business",n00000219,"Applied Business Percentage Calculations",-0,697360,2
218,"Business",n00000426,"Business Financial Calculations and Insurance Mathematics",0,000000,1
469,"Business",n00000426,"Business Financial Calculations and Insurance Mathematics",-0,646743,2
469,"Business",n00000218,"Business Profit Optimization and Cost Modeling",-0,741810,2
713,"Business",n00000425,"Investment Valuation and Yield Analysis",0,000000,1
747,"Business",n00000219,"Applied Business Percentage Calculations",0,000000,1
335,"Business",n00000219,"Applied Business Percentage Calculations",0,000000,1
146,"Business",n00000426,"Business Financial Calculations and Insurance Mathematics",0,000000,1
561,"Business",n00000219,"Applied Business Percentage Calculations",0,000000,1
739,"Business",n00000426,"Business Financial Calculations and Insurance Mathematics",-0,414131,2
739,"Business",n00000219,"Applied Business Percentage Calculations",-1,081503,2
245,"Business",n00000425,"Investment Valuation and Yield Analysis",0,000000,1
840,"Business",n00000426,"Business Financial Calculations and Insurance Mathematics",0,000000,1
559,"Business",n00000426,"Business Financial Calculations and Insurance Mathematics",0,000000,1
348,"Business",n00000219,"Applied Business Percentage Calculations",0,000000,1
696,"Business",n00000425,"Investment Valuation and Yield Analysis",0,000000,1
380,"Business",n00000219,"Applied Business Percentage Calculations",0,000000,1
642,"Business",n00000426,"Business Financial Calculations and Insurance Mathematics",0,000000,1
554,"Business",n00000219,"Applied Business Percentage Calculations",0,000000,1
8822,"Math",n00000425,"Investment Valuation and Yield Analysis",0,000000,1
8959,"Math",n00000403,"Consumer Loan Interest Calculation Methods",0,000000,1
5263,"Other",n00000425,"Investment Valuation and Yield Analysis",0,000000,1
7544,"Economics",n00000403,"Consumer Loan Interest Calculation Methods",0,000000,1
5189,"Other",n00000425,"Investment Valuation and Yield Analysis",0,000000,1
222,"Business",n00000403,"Consumer Loan Interest Calculation Methods",0,000000,1
447,"Business",n00000425,"Investment Valuation and Yield Analysis",0,000000,1
636,"Business",n00000425,"Investment Valuation and Yield Analysis",0,000000,1
378,"Business",n00000425,"Investment Valuation and Yield Analysis",0,000000,1
710,"Business",n00000425,"Investment Valuation and Yield Analysis",-0,342761,2
710,"Business",n00000403,"Consumer Loan Interest Calculation Methods",-1,237211,2
697,"Business",n00000239,"Econometric Time Series Model Diagnostics",0,000000,1
221,"Business",n00000403,"Consumer Loan Interest Calculation Methods",0,000000,1
138,"Business",n00000403,"Consumer Loan Interest Calculation Methods",0,000000,1
574,"Business",n00000425,"Investment Valuation and Yield Analysis",0,000000,1
575,"Business",n00000425,"Investment Valuation and Yield Analysis",0,000000,1
5845,"Other",n00000426,"Business Financial Calculations and Insurance Mathematics",0,000000,1
5988,"Other",n00000425,"Investment Valuation and Yield Analysis",0,000000,1
5563,"Other",n00000425,"Investment Valuation and Yield Analysis",0,000000,1
5718,"Other",n00000426,"Business Financial Calculations and Insurance Mathematics",0,000000,1
808,"Business",n00000425,"Investment Valuation and Yield Analysis",0,000000,1
555,"Business",n00000426,"Business Financial Calculations and Insurance Mathematics",0,000000,1
645,"Business",n00000426,"Business Financial Calculations and Insurance Mathematics",0,000000,1
451,"Business",n00000426,"Business Financial Calculations and Insurance Mathematics",0,000000,1
148,"Business",n00000426,"Business Financial Calculations and Insurance Mathematics",0,000000,1
715,"Business",n00000425,"Investment Valuation and Yield Analysis",0,000000,1
705,"Business",n00000426,"Business Financial Calculations and Insurance Mathematics",0,000000,1
227,"Business",n00000426,"Business Financial Calculations and Insurance Mathematics",0,000000,1
173,"Business",n00000425,"Investment Valuation and Yield Analysis",0,000000,1
582,"Business",n00000426,"Business Financial Calculations and Insurance Mathematics",0,000000,1
217,"Business",n00000426,"Business Financial Calculations and Insurance Mathematics",0,000000,1
548,"Business",n00000425,"Investment Valuation and Yield Analysis",0,000000,1
535,"Business",n00000426,"Business Financial Calculations and Insurance Mathematics",0,000000,1
725,"Business",n00000425,"Investment Valuation and Yield Analysis",0,000000,1
787,"Business",n00000426,"Business Financial Calculations and Insurance Mathematics",0,000000,1
106,"Business",n00000425,"Investment Valuation and Yield Analysis",0,000000,1
616,"Business",n00000426,"Business Financial Calculations and Insurance Mathematics",0,000000,1
329,"Business",n00000219,"Applied Business Percentage Calculations",0,000000,1
184,"Business",n00000425,"Investment Valuation and Yield Analysis",0,000000,1
585,"Business",n00000426,"Business Financial Calculations and Insurance Mathematics",0,000000,1
105,"Business",n00000426,"Business Financial Calculations and Insurance Mathematics",0,000000,1
7542,"Economics",n00000218,"Business Profit Optimization and Cost Modeling",0,000000,1
6962,"Economics",n00000219,"Applied Business Percentage Calculations",0,000000,1
5192,"Other",n00000218,"Business Profit Optimization and Cost Modeling",0,000000,1
5914,"Other",n00000218,"Business Profit Optimization and Cost Modeling",0,000000,1
5560,"Other",n00000185,"Fundamental Computing and Electrical Principles",-0,382985,2
5560,"Other",n00000184,"Programming Logic and Debugging Fundamentals",-1,145148,2
6512,"Health",n00000079,"Demographic and Societal Indicators Analysis",-0,487060,2
6512,"Health",n00000166,"Discriminative Statement Verification Tasks",-0,953033,2
215,"Business",n00000219,"Applied Business Percentage Calculations",0,000000,1
292,"Business",n00000218,"Business Profit Optimization and Cost Modeling",0,000000,1
525,"Business",n00000218,"Business Profit Optimization and Cost Modeling",0,000000,1
465,"Business",n00000218,"Business Profit Optimization and Cost Modeling",0,000000,1
730,"Business",n00000218,"Business Profit Optimization and Cost Modeling",0,000000,1
10495,"Computer science",n00000185,"Fundamental Computing and Electrical Principles",0,000000,1
10715,"Computer science",n00000184,"Programming Logic and Debugging Fundamentals",0,000000,1
10656,"Computer science",n00000185,"Fundamental Computing and Electrical Principles",-0,962294,3
10656,"Computer science",n00000124,"Information Theory and Coding Fundamentals",-1,123945,3
10656,"Computer science",n00000184,"Programming Logic and Debugging Fundamentals",-1,227619,3
10520,"Computer science",n00000184,"Programming Logic and Debugging Fundamentals",0,000000,1
10686,"Computer science",n00000184,"Programming Logic and Debugging Fundamentals",0,000000,1
10439,"Computer science",n00000184,"Programming Logic and Debugging Fundamentals",0,000000,1
10404,"Computer science",n00000184,"Programming Logic and Debugging Fundamentals",0,000000,1
10681,"Computer science",n00000185,"Fundamental Computing and Electrical Principles",-0,559118,2
10681,"Computer science",n00000184,"Programming Logic and Debugging Fundamentals",-0,847961,2
10704,"Computer science",n00000184,"Programming Logic and Debugging Fundamentals",0,000000,1
10466,"Computer science",n00000184,"Programming Logic and Debugging Fundamentals",0,000000,1
10654,"Computer science",n00000126,"Logical Statement Verification in Algebraic Structures",0,000000,1
10580,"Computer science",n00000184,"Programming Logic and Debugging Fundamentals",0,000000,1
10625,"Computer science",n00000077,"Exclusion Criteria in Business Frameworks",-0,621669,2
10625,"Computer science",n00000166,"Discriminative Statement Verification Tasks",-0,770131,2
10457,"Computer science",n00000185,"Fundamental Computing and Electrical Principles",0,000000,1
10409,"Computer science",n00000239,"Econometric Time Series Model Diagnostics",0,000000,1
9365,"Physics",n00000155,"Gravitational Field and Orbital Mechanics Analysis",0,000000,1
5561,"Other",n00000077,"Exclusion Criteria in Business Frameworks",0,000000,1
5907,"Other",n00000159,"Applied Microeconomic Frameworks and Policy Instruments",-0,486747,2
5907,"Other",n00000077,"Exclusion Criteria in Business Frameworks",-0,953531,2
3631,"Chemistry",n00000171,"Molecular Kinetic and Bonding Properties",0,000000,1
4213,"Chemistry",n00000185,"Fundamental Computing and Electrical Principles",0,000000,1
11505,"Engineering",n00000177,"Electrical Circuit Power and Energy Dynamics",0,000000,1
11359,"Engineering",n00000185,"Fundamental Computing and Electrical Principles",0,000000,1
10723,"Computer science",n00000185,"Fundamental Computing and Electrical Principles",0,000000,1
10722,"Computer science",n00000145,"Applied Linear Algebra and Multivariable Calculus",0,000000,1
10763,"Computer science",n00000185,"Fundamental Computing and Electrical Principles",0,000000,1
10370,"Computer science",n00000185,"Fundamental Computing and Electrical Principles",-0,363799,2
10370,"Computer science",n00000076,"Security Dilemmas and State Sovereignty Frameworks",-1,187545,2
10751,"Computer science",n00000184,"Programming Logic and Debugging Fundamentals",0,000000,1
10461,"Computer science",n00000185,"Fundamental Computing and Electrical Principles",-0,482301,2
10461,"Computer science",n00000077,"Exclusion Criteria in Business Frameworks",-0,960664,2
10369,"Computer science",n00000185,"Fundamental Computing and Electrical Principles",0,000000,1
10563,"Computer science",n00000185,"Fundamental Computing and Electrical Principles",0,000000,1
10607,"Computer science",n00000124,"Information Theory and Coding Fundamentals",0,000000,1
10406,"Computer science",n00000145,"Applied Linear Algebra and Multivariable Calculus",0,000000,1
10531,"Computer science",n00000185,"Fundamental Computing and Electrical Principles",0,000000,1
10689,"Computer science",n00000185,"Fundamental Computing and Electrical Principles",0,000000,1
10595,"Computer science",n00000077,"Exclusion Criteria in Business Frameworks",0,000000,1
10384,"Computer science",n00000126,"Logical Statement Verification in Algebraic Structures",0,000000,1
10587,"Computer science",n00000184,"Programming Logic and Debugging Fundamentals",0,000000,1
10359,"Computer science",n00000124,"Information Theory and Coding Fundamentals",-0,512770,2
10359,"Computer science",n00000185,"Fundamental Computing and Electrical Principles",-0,913381,2
10441,"Computer science",n00000184,"Programming Logic and Debugging Fundamentals",0,000000,1
10443,"Computer science",n00000145,"Applied Linear Algebra and Multivariable Calculus",0,000000,1
10568,"Computer science",n00000185,"Fundamental Computing and Electrical Principles",0,000000,1
8201,"Math",n00000238,"Machine Learning Model Properties and Tradeoffs",0,000000,1
8610,"Math",n00000124,"Information Theory and Coding Fundamentals",0,000000,1
10258,"Physics",n00000157,"Quantum Photoelectric and Particle-Wave Duality Problems",0,000000,1
5727,"Other",n00000524,"Macroeconomic Growth and Productivity Metrics",0,000000,1
11733,"Engineering",n00000124,"Information Theory and Coding Fundamentals",0,000000,1
12130,"Engineering",n00000124,"Information Theory and Coding Fundamentals",0,000000,1
10418,"Computer science",n00000124,"Information Theory and Coding Fundamentals",0,000000,1
10616,"Computer science",n00000184,"Programming Logic and Debugging Fundamentals",0,000000,1
10651,"Computer science",n00000124,"Information Theory and Coding Fundamentals",0,000000,1
10484,"Computer science",n00000124,"Information Theory and Coding Fundamentals",0,000000,1
10610,"Computer science",n00000037,"Forced Convection Heat Transfer Analysis",0,000000,1
10702,"Computer science",n00000124,"Information Theory and Coding Fundamentals",-0,410030,2
10702,"Computer science",n00000151,"Advanced Combinatorial Partitioning and Counting",-1,089544,2
10361,"Computer science",n00000124,"Information Theory and Coding Fundamentals",0,000000,1
10386,"Computer science",n00000124,"Information Theory and Coding Fundamentals",0,000000,1
10710,"Computer science",n00000296,"Comparative Numerical and Geometric Ordering Principles",-0,660293,2
10710,"Computer science",n00000124,"Information Theory and Coding Fundamentals",-0,727117,2
10362,"Computer science",n00000037,"Forced Convection Heat Transfer Analysis",0,000000,1
10498,"Computer science",n00000151,"Advanced Combinatorial Partitioning and Counting",0,000000,1
10717,"Computer science",n00000145,"Applied Linear Algebra and Multivariable Calculus",0,000000,1
10447,"Computer science",n00000124,"Information Theory and Coding Fundamentals",0,000000,1
10725,"Computer science",n00000124,"Information Theory and Coding Fundamentals",0,000000,1
10440,"Computer science",n00000124,"Information Theory and Coding Fundamentals",0,000000,1
10592,"Computer science",n00000037,"Forced Convection Heat Transfer Analysis",0,000000,1
10659,"Computer science",n00000124,"Information Theory and Coding Fundamentals",0,000000,1
10505,"Computer science",n00000147,"Advanced Limit and Differential Equation Analysis",0,000000,1
10497,"Computer science",n00000124,"Information Theory and Coding Fundamentals",0,000000,1
10655,"Computer science",n00000124,"Information Theory and Coding Fundamentals",-0,482494,2
10655,"Computer science",n00000184,"Programming Logic and Debugging Fundamentals",-0,960352,2
10581,"Computer science",n00000295,"Elementary Arithmetic Operations and Applications",0,000000,1
10765,"Computer science",n00000124,"Information Theory and Coding Fundamentals",0,000000,1
10660,"Computer science",n00000124,"Information Theory and Coding Fundamentals",0,000000,1
10645,"Computer science",n00000124,"Information Theory and Coding Fundamentals",0,000000,1
10974,"Philosophy",n00000224,"Applied Quantitative Problem Solving",0,000000,1
8656,"Math",n00000126,"Logical Statement Verification in Algebraic Structures",0,000000,1
8982,"Math",n00000186,"Fundamental Statistical Inference Principles",0,000000,1
8014,"Math",n00000186,"Fundamental Statistical Inference Principles",0,000000,1
8109,"Math",n00000126,"Logical Statement Verification in Algebraic Structures",-0,435839,2
8109,"Math",n00000186,"Fundamental Statistical Inference Principles",-1,040499,2
8195,"Math",n00000238,"Machine Learning Model Properties and Tradeoffs",0,000000,1
8675,"Math",n00000186,"Fundamental Statistical Inference Principles",0,000000,1
8942,"Math",n00000238,"Machine Learning Model Properties and Tradeoffs",0,000000,1
9009,"Math",n00000126,"Logical Statement Verification in Algebraic Structures",0,000000,1
8972,"Math",n00000126,"Logical Statement Verification in Algebraic Structures",0,000000,1
8343,"Math",n00000186,"Fundamental Statistical Inference Principles",0,000000,1
6988,"Economics",n00000239,"Econometric Time Series Model Diagnostics",0,000000,1
7449,"Economics",n00000239,"Econometric Time Series Model Diagnostics",0,000000,1
7319,"Economics",n00000239,"Econometric Time Series Model Diagnostics",-0,627226,2
7319,"Economics",n00000186,"Fundamental Statistical Inference Principles",-0,763723,2
6917,"Economics",n00000239,"Econometric Time Series Model Diagnostics",0,000000,1
7068,"Economics",n00000239,"Econometric Time Series Model Diagnostics",0,000000,1
7181,"Economics",n00000239,"Econometric Time Series Model Diagnostics",0,000000,1
2705,"Psychology",n00000186,"Fundamental Statistical Inference Principles",0,000000,1
2517,"Psychology",n00000186,"Fundamental Statistical Inference Principles",0,000000,1
10631,"Computer science",n00000238,"Machine Learning Model Properties and Tradeoffs",0,000000,1
10389,"Computer science",n00000124,"Information Theory and Coding Fundamentals",-0,475802,2
10389,"Computer science",n00000185,"Fundamental Computing and Electrical Principles",-0,971239,2
10663,"Computer science",n00000124,"Information Theory and Coding Fundamentals",0,000000,1
10487,"Computer science",n00000238,"Machine Learning Model Properties and Tradeoffs",0,000000,1
10694,"Computer science",n00000238,"Machine Learning Model Properties and Tradeoffs",0,000000,1
10558,"Computer science",n00000238,"Machine Learning Model Properties and Tradeoffs",0,000000,1
10387,"Computer science",n00000124,"Information Theory and Coding Fundamentals",0,000000,1
10493,"Computer science",n00000238,"Machine Learning Model Properties and Tradeoffs",0,000000,1
10561,"Computer science",n00000186,"Fundamental Statistical Inference Principles",-0,691526,2
10561,"Computer science",n00000239,"Econometric Time Series Model Diagnostics",-0,694771,2
10559,"Computer science",n00000238,"Machine Learning Model Properties and Tradeoffs",0,000000,1
10729,"Computer science",n00000238,"Machine Learning Model Properties and Tradeoffs",-0,291400,2
10729,"Computer science",n00000124,"Information Theory and Coding Fundamentals",-1,375224,2
10759,"Computer science",n00000239,"Econometric Time Series Model Diagnostics",0,000000,1
10731,"Computer science",n00000238,"Machine Learning Model Properties and Tradeoffs",0,000000,1
10455,"Computer science",n00000238,"Machine Learning Model Properties and Tradeoffs",0,000000,1
10603,"Computer science",n00000238,"Machine Learning Model Properties and Tradeoffs",0,000000,1
10560,"Computer science",n00000238,"Machine Learning Model Properties and Tradeoffs",0,000000,1
10627,"Computer science",n00000185,"Fundamental Computing and Electrical Principles",-0,528156,2
10627,"Computer science",n00000124,"Information Theory and Coding Fundamentals",-0,890845,2
10524,"Computer science",n00000124,"Information Theory and Coding Fundamentals",0,000000,1
10367,"Computer science",n00000238,"Machine Learning Model Properties and Tradeoffs",0,000000,1
10423,"Computer science",n00000186,"Fundamental Statistical Inference Principles",0,000000,1
5773,"Other",n00000188,"Contract Formation and Enforceability Disputes",0,000000,1
5319,"Other",n00000077,"Exclusion Criteria in Business Frameworks",-0,309968,2
5319,"Other",n00000188,"Contract Formation and Enforceability Disputes",-1,322269,2
5639,"Other",n00000188,"Contract Formation and Enforceability Disputes",0,000000,1
2438,"Psychology",n00000188,"Contract Formation and Enforceability Disputes",0,000000,1
1726,"Law",n00000188,"Contract Formation and Enforceability Disputes",0,000000,1
1370,"Law",n00000188,"Contract Formation and Enforceability Disputes",0,000000,1
1935,"Law",n00000188,"Contract Formation and Enforceability Disputes",0,000000,1
1403,"Law",n00000188,"Contract Formation and Enforceability Disputes",0,000000,1
1301,"Law",n00000188,"Contract Formation and Enforceability Disputes",0,000000,1
1434,"Law",n00000188,"Contract Formation and Enforceability Disputes",0,000000,1
1035,"Law",n00000188,"Contract Formation and Enforceability Disputes",0,000000,1
1609,"Law",n00000188,"Contract Formation and Enforceability Disputes",0,000000,1
1649,"Law",n00000188,"Contract Formation and Enforceability Disputes",0,000000,1
914,"Law",n00000188,"Contract Formation and Enforceability Disputes",0,000000,1
1476,"Law",n00000188,"Contract Formation and Enforceability Disputes",0,000000,1
1443,"Law",n00000188,"Contract Formation and Enforceability Disputes",0,000000,1
1800,"Law",n00000188,"Contract Formation and Enforceability Disputes",0,000000,1
1635,"Law",n00000188,"Contract Formation and Enforceability Disputes",0,000000,1
1451,"Law",n00000188,"Contract Formation and Enforceability Disputes",0,000000,1
1747,"Law",n00000188,"Contract Formation and Enforceability Disputes",0,000000,1
1444,"Law",n00000188,"Contract Formation and Enforceability Disputes",0,000000,1
1330,"Law",n00000188,"Contract Formation and Enforceability Disputes",0,000000,1
1892,"Law",n00000188,"Contract Formation and Enforceability Disputes",0,000000,1
927,"Law",n00000188,"Contract Formation and Enforceability Disputes",0,000000,1
977,"Law",n00000220,"Admissibility of Prior Incidents and Statements in Negligence Litigation",0,000000,1
924,"Law",n00000188,"Contract Formation and Enforceability Disputes",0,000000,1
948,"Law",n00000188,"Contract Formation and Enforceability Disputes",0,000000,1
1711,"Law",n00000220,"Admissibility of Prior Incidents and Statements in Negligence Litigation",0,000000,1
1196,"Law",n00000188,"Contract Formation and Enforceability Disputes",0,000000,1
1915,"Law",n00000188,"Contract Formation and Enforceability Disputes",0,000000,1
1876,"Law",n00000188,"Contract Formation and Enforceability Disputes",0,000000,1
1959,"Law",n00000188,"Contract Formation and Enforceability Disputes",0,000000,1
1903,"Law",n00000188,"Contract Formation and Enforceability Disputes",0,000000,1
1633,"Law",n00000188,"Contract Formation and Enforceability Disputes",0,000000,1
1741,"Law",n00000189,"Real Property Interest Disputes and Transfers",0,000000,1
1569,"Law",n00000189,"Real Property Interest Disputes and Transfers",0,000000,1
1205,"Law",n00000189,"Real Property Interest Disputes and Transfers",0,000000,1
1621,"Law",n00000189,"Real Property Interest Disputes and Transfers",0,000000,1
1642,"Law",n00000189,"Real Property Interest Disputes and Transfers",0,000000,1
1237,"Law",n00000189,"Real Property Interest Disputes and Transfers",0,000000,1
1442,"Law",n00000189,"Real Property Interest Disputes and Transfers",0,000000,1
1029,"Law",n00000220,"Admissibility of Prior Incidents and Statements in Negligence Litigation",0,000000,1
1390,"Law",n00000189,"Real Property Interest Disputes and Transfers",0,000000,1
1189,"Law",n00000189,"Real Property Interest Disputes and Transfers",0,000000,1
1266,"Law",n00000189,"Real Property Interest Disputes and Transfers",0,000000,1
1458,"Law",n00000189,"Real Property Interest Disputes and Transfers",0,000000,1
1595,"Law",n00000220,"Admissibility of Prior Incidents and Statements in Negligence Litigation",0,000000,1
1738,"Law",n00000189,"Real Property Interest Disputes and Transfers",0,000000,1
1162,"Law",n00000189,"Real Property Interest Disputes and Transfers",0,000000,1
1772,"Law",n00000189,"Real Property Interest Disputes and Transfers",0,000000,1
1106,"Law",n00000189,"Real Property Interest Disputes and Transfers",0,000000,1
1736,"Law",n00000189,"Real Property Interest Disputes and Transfers",0,000000,1
1340,"Law",n00000189,"Real Property Interest Disputes and Transfers",0,000000,1
923,"Law",n00000189,"Real Property Interest Disputes and Transfers",0,000000,1
1782,"Law",n00000189,"Real Property Interest Disputes and Transfers",0,000000,1
996,"Law",n00000189,"Real Property Interest Disputes and Transfers",0,000000,1
1566,"Law",n00000189,"Real Property Interest Disputes and Transfers",0,000000,1
1214,"Law",n00000189,"Real Property Interest Disputes and Transfers",0,000000,1
1844,"Law",n00000189,"Real Property Interest Disputes and Transfers",0,000000,1
902,"Law",n00000189,"Real Property Interest Disputes and Transfers",0,000000,1
1364,"Law",n00000189,"Real Property Interest Disputes and Transfers",0,000000,1
1009,"Law",n00000189,"Real Property Interest Disputes and Transfers",0,000000,1
978,"Law",n00000189,"Real Property Interest Disputes and Transfers",0,000000,1
1130,"Law",n00000189,"Real Property Interest Disputes and Transfers",0,000000,1
1464,"Law",n00000189,"Real Property Interest Disputes and Transfers",0,000000,1
1033,"Law",n00000189,"Real Property Interest Disputes and Transfers",0,000000,1
878,"Law",n00000189,"Real Property Interest Disputes and Transfers",0,000000,1
1456,"Law",n00000128,"Constitutional Challenges to State Regulatory Laws",0,000000,1
1838,"Law",n00000128,"Constitutional Challenges to State Regulatory Laws",0,000000,1
1206,"Law",n00000128,"Constitutional Challenges to State Regulatory Laws",0,000000,1
1557,"Law",n00000221,"Criminal Liability and Defenses in Unintended Outcomes",0,000000,1
1964,"Law",n00000128,"Constitutional Challenges to State Regulatory Laws",0,000000,1
1200,"Law",n00000128,"Constitutional Challenges to State Regulatory Laws",0,000000,1
1036,"Law",n00000128,"Constitutional Challenges to State Regulatory Laws",0,000000,1
1568,"Law",n00000128,"Constitutional Challenges to State Regulatory Laws",0,000000,1
1905,"Law",n00000128,"Constitutional Challenges to State Regulatory Laws",0,000000,1
1845,"Law",n00000128,"Constitutional Challenges to State Regulatory Laws",0,000000,1
967,"Law",n00000128,"Constitutional Challenges to State Regulatory Laws",0,000000,1
1358,"Law",n00000128,"Constitutional Challenges to State Regulatory Laws",0,000000,1
1579,"Law",n00000128,"Constitutional Challenges to State Regulatory Laws",0,000000,1
1565,"Law",n00000221,"Criminal Liability and Defenses in Unintended Outcomes",-0,594971,2
1565,"Law",n00000128,"Constitutional Challenges to State Regulatory Laws",-0,802022,2
1587,"Law",n00000128,"Constitutional Challenges to State Regulatory Laws",0,000000,1
947,"Law",n00000189,"Real Property Interest Disputes and Transfers",0,000000,1
1886,"Law",n00000128,"Constitutional Challenges to State Regulatory Laws",0,000000,1
1981,"Law",n00000128,"Constitutional Challenges to State Regulatory Laws",0,000000,1
1921,"Law",n00000128,"Constitutional Challenges to State Regulatory Laws",0,000000,1
1272,"Law",n00000189,"Real Property Interest Disputes and Transfers",0,000000,1
1280,"Law",n00000128,"Constitutional Challenges to State Regulatory Laws",0,000000,1
976,"Law",n00000128,"Constitutional Challenges to State Regulatory Laws",0,000000,1
1101,"Law",n00000128,"Constitutional Challenges to State Regulatory Laws",0,000000,1
1449,"Law",n00000128,"Constitutional Challenges to State Regulatory Laws",0,000000,1
1793,"Law",n00000128,"Constitutional Challenges to State Regulatory Laws",0,000000,1
1107,"Law",n00000128,"Constitutional Challenges to State Regulatory Laws",0,000000,1
1530,"Law",n00000128,"Constitutional Challenges to State Regulatory Laws",0,000000,1
1629,"Law",n00000128,"Constitutional Challenges to State Regulatory Laws",0,000000,1
1345,"Law",n00000128,"Constitutional Challenges to State Regulatory Laws",0,000000,1
1632,"Law",n00000128,"Constitutional Challenges to State Regulatory Laws",0,000000,1
1937,"Law",n00000128,"Constitutional Challenges to State Regulatory Laws",0,000000,1
1853,"Law",n00000128,"Constitutional Challenges to State Regulatory Laws",0,000000,1
1072,"Law",n00000128,"Constitutional Challenges to State Regulatory Laws",0,000000,1
1350,"Law",n00000128,"Constitutional Challenges to State Regulatory Laws",0,000000,1
1132,"Law",n00000128,"Constitutional Challenges to State Regulatory Laws",0,000000,1
1598,"Law",n00000128,"Constitutional Challenges to State Regulatory Laws",0,000000,1
1051,"Law",n00000128,"Constitutional Challenges to State Regulatory Laws",0,000000,1
1295,"Law",n00000128,"Constitutional Challenges to State Regulatory Laws",0,000000,1
1298,"Law",n00000220,"Admissibility of Prior Incidents and Statements in Negligence Litigation",0,000000,1
1795,"Law",n00000220,"Admissibility of Prior Incidents and Statements in Negligence Litigation",0,000000,1
1188,"Law",n00000220,"Admissibility of Prior Incidents and Statements in Negligence Litigation",0,000000,1
1407,"Law",n00000220,"Admissibility of Prior Incidents and Statements in Negligence Litigation",0,000000,1
1658,"Law",n00000220,"Admissibility of Prior Incidents and Statements in Negligence Litigation",0,000000,1
1620,"Law",n00000220,"Admissibility of Prior Incidents and Statements in Negligence Litigation",0,000000,1
1302,"Law",n00000220,"Admissibility of Prior Incidents and Statements in Negligence Litigation",-0,663975,2
1302,"Law",n00000188,"Contract Formation and Enforceability Disputes",-0,723196,2
1046,"Law",n00000220,"Admissibility of Prior Incidents and Statements in Negligence Litigation",0,000000,1
1648,"Law",n00000220,"Admissibility of Prior Incidents and Statements in Negligence Litigation",0,000000,1
954,"Law",n00000220,"Admissibility of Prior Incidents and Statements in Negligence Litigation",-0,571430,2
954,"Law",n00000221,"Criminal Liability and Defenses in Unintended Outcomes",-0,831759,2
1305,"Law",n00000220,"Admissibility of Prior Incidents and Statements in Negligence Litigation",0,000000,1
1877,"Law",n00000220,"Admissibility of Prior Incidents and Statements in Negligence Litigation",0,000000,1
1625,"Law",n00000220,"Admissibility of Prior Incidents and Statements in Negligence Litigation",0,000000,1
1817,"Law",n00000220,"Admissibility of Prior Incidents and Statements in Negligence Litigation",0,000000,1
1116,"Law",n00000220,"Admissibility of Prior Incidents and Statements in Negligence Litigation",0,000000,1
1174,"Law",n00000220,"Admissibility of Prior Incidents and Statements in Negligence Litigation",0,000000,1
1031,"Law",n00000220,"Admissibility of Prior Incidents and Statements in Negligence Litigation",0,000000,1
1708,"Law",n00000220,"Admissibility of Prior Incidents and Statements in Negligence Litigation",0,000000,1
1794,"Law",n00000220,"Admissibility of Prior Incidents and Statements in Negligence Litigation",0,000000,1
1843,"Law",n00000220,"Admissibility of Prior Incidents and Statements in Negligence Litigation",0,000000,1
1528,"Law",n00000220,"Admissibility of Prior Incidents and Statements in Negligence Litigation",0,000000,1
1105,"Law",n00000220,"Admissibility of Prior Incidents and Statements in Negligence Litigation",0,000000,1
1284,"Law",n00000220,"Admissibility of Prior Incidents and Statements in Negligence Litigation",0,000000,1
1463,"Law",n00000220,"Admissibility of Prior Incidents and Statements in Negligence Litigation",0,000000,1
1172,"Law",n00000220,"Admissibility of Prior Incidents and Statements in Negligence Litigation",0,000000,1
972,"Law",n00000137,"Foundational Moral Theory Principles and Critiques",0,000000,1
1699,"Law",n00000220,"Admissibility of Prior Incidents and Statements in Negligence Litigation",0,000000,1
1890,"Law",n00000220,"Admissibility of Prior Incidents and Statements in Negligence Litigation",0,000000,1
1140,"Law",n00000220,"Admissibility of Prior Incidents and Statements in Negligence Litigation",0,000000,1
1857,"Law",n00000188,"Contract Formation and Enforceability Disputes",0,000000,1
1426,"Law",n00000220,"Admissibility of Prior Incidents and Statements in Negligence Litigation",0,000000,1
1624,"Law",n00000220,"Admissibility of Prior Incidents and Statements in Negligence Litigation",0,000000,1
1109,"Law",n00000220,"Admissibility of Prior Incidents and Statements in Negligence Litigation",0,000000,1
928,"Law",n00000220,"Admissibility of Prior Incidents and Statements in Negligence Litigation",0,000000,1
1111,"Law",n00000220,"Admissibility of Prior Incidents and Statements in Negligence Litigation",0,000000,1
1247,"Law",n00000220,"Admissibility of Prior Incidents and Statements in Negligence Litigation",0,000000,1
1825,"Law",n00000220,"Admissibility of Prior Incidents and Statements in Negligence Litigation",0,000000,1
898,"Law",n00000221,"Criminal Liability and Defenses in Unintended Outcomes",0,000000,1
1820,"Law",n00000221,"Criminal Liability and Defenses in Unintended Outcomes",0,000000,1
1166,"Law",n00000221,"Criminal Liability and Defenses in Unintended Outcomes",0,000000,1
1234,"Law",n00000221,"Criminal Liability and Defenses in Unintended Outcomes",0,000000,1
1865,"Law",n00000221,"Criminal Liability and Defenses in Unintended Outcomes",0,000000,1
1945,"Law",n00000221,"Criminal Liability and Defenses in Unintended Outcomes",0,000000,1
1264,"Law",n00000221,"Criminal Liability and Defenses in Unintended Outcomes",0,000000,1
1619,"Law",n00000221,"Criminal Liability and Defenses in Unintended Outcomes",0,000000,1
1235,"Law",n00000221,"Criminal Liability and Defenses in Unintended Outcomes",0,000000,1
869,"Law",n00000221,"Criminal Liability and Defenses in Unintended Outcomes",0,000000,1
1100,"Law",n00000220,"Admissibility of Prior Incidents and Statements in Negligence Litigation",-0,297153,2
1100,"Law",n00000221,"Criminal Liability and Defenses in Unintended Outcomes",-1,358408,2
1524,"Law",n00000221,"Criminal Liability and Defenses in Unintended Outcomes",0,000000,1
1453,"Law",n00000221,"Criminal Liability and Defenses in Unintended Outcomes",0,000000,1
1870,"Law",n00000221,"Criminal Liability and Defenses in Unintended Outcomes",0,000000,1
1586,"Law",n00000221,"Criminal Liability and Defenses in Unintended Outcomes",0,000000,1
1181,"Law",n00000221,"Criminal Liability and Defenses in Unintended Outcomes",0,000000,1
1854,"Law",n00000221,"Criminal Liability and Defenses in Unintended Outcomes",0,000000,1
1006,"Law",n00000221,"Criminal Liability and Defenses in Unintended Outcomes",0,000000,1
1500,"Law",n00000221,"Criminal Liability and Defenses in Unintended Outcomes",0,000000,1
1144,"Law",n00000221,"Criminal Liability and Defenses in Unintended Outcomes",0,000000,1
866,"Law",n00000221,"Criminal Liability and Defenses in Unintended Outcomes",0,000000,1
893,"Law",n00000221,"Criminal Liability and Defenses in Unintended Outcomes",0,000000,1
2703,"Psychology",n00000221,"Criminal Liability and Defenses in Unintended Outcomes",0,000000,1
899,"Law",n00000221,"Criminal Liability and Defenses in Unintended Outcomes",0,000000,1
991,"Law",n00000221,"Criminal Liability and Defenses in Unintended Outcomes",0,000000,1
875,"Law",n00000221,"Criminal Liability and Defenses in Unintended Outcomes",0,000000,1
1909,"Law",n00000221,"Criminal Liability and Defenses in Unintended Outcomes",0,000000,1
1276,"Law",n00000221,"Criminal Liability and Defenses in Unintended Outcomes",0,000000,1
1506,"Law",n00000221,"Criminal Liability and Defenses in Unintended Outcomes",0,000000,1
881,"Law",n00000221,"Criminal Liability and Defenses in Unintended Outcomes",0,000000,1
1119,"Law",n00000221,"Criminal Liability and Defenses in Unintended Outcomes",0,000000,1
1238,"Law",n00000221,"Criminal Liability and Defenses in Unintended Outcomes",0,000000,1
1927,"Law",n00000128,"Constitutional Challenges to State Regulatory Laws",0,000000,1
1070,"Law",n00000221,"Criminal Liability and Defenses in Unintended Outcomes",0,000000,1
1267,"Law",n00000221,"Criminal Liability and Defenses in Unintended Outcomes",0,000000,1
1980,"Law",n00000221,"Criminal Liability and Defenses in Unintended Outcomes",0,000000,1
1788,"Law",n00000221,"Criminal Liability and Defenses in Unintended Outcomes",0,000000,1
1092,"Law",n00000221,"Criminal Liability and Defenses in Unintended Outcomes",0,000000,1
1555,"Law",n00000221,"Criminal Liability and Defenses in Unintended Outcomes",-0,519906,2
1555,"Law",n00000128,"Constitutional Challenges to State Regulatory Laws",-0,902822,2
1328,"Law",n00000221,"Criminal Liability and Defenses in Unintended Outcomes",0,000000,1
1657,"Law",n00000220,"Admissibility of Prior Incidents and Statements in Negligence Litigation",0,000000,1
1879,"Law",n00000220,"Admissibility of Prior Incidents and Statements in Negligence Litigation",0,000000,1
1606,"Law",n00000221,"Criminal Liability and Defenses in Unintended Outcomes",0,000000,1
1826,"Law",n00000220,"Admissibility of Prior Incidents and Statements in Negligence Litigation",-0,369972,2
1826,"Law",n00000221,"Criminal Liability and Defenses in Unintended Outcomes",-1,173618,2
1102,"Law",n00000221,"Criminal Liability and Defenses in Unintended Outcomes",0,000000,1
1750,"Law",n00000221,"Criminal Liability and Defenses in Unintended Outcomes",0,000000,1
1622,"Law",n00000221,"Criminal Liability and Defenses in Unintended Outcomes",0,000000,1
1474,"Law",n00000128,"Constitutional Challenges to State Regulatory Laws",0,000000,1
1895,"Law",n00000221,"Criminal Liability and Defenses in Unintended Outcomes",0,000000,1
1347,"Law",n00000128,"Constitutional Challenges to State Regulatory Laws",0,000000,1
1878,"Law",n00000221,"Criminal Liability and Defenses in Unintended Outcomes",0,000000,1
1821,"Law",n00000128,"Constitutional Challenges to State Regulatory Laws",0,000000,1
11275,"Philosophy",n00000221,"Criminal Liability and Defenses in Unintended Outcomes",0,000000,1
1097,"Law",n00000221,"Criminal Liability and Defenses in Unintended Outcomes",0,000000,1
1363,"Law",n00000221,"Criminal Liability and Defenses in Unintended Outcomes",0,000000,1
1742,"Law",n00000221,"Criminal Liability and Defenses in Unintended Outcomes",0,000000,1
2272,"Psychology",n00000137,"Foundational Moral Theory Principles and Critiques",0,000000,1
434,"Business",n00000137,"Foundational Moral Theory Principles and Critiques",0,000000,1
191,"Business",n00000137,"Foundational Moral Theory Principles and Critiques",0,000000,1
309,"Business",n00000137,"Foundational Moral Theory Principles and Critiques",0,000000,1
11086,"Philosophy",n00000137,"Foundational Moral Theory Principles and Critiques",0,000000,1
11167,"Philosophy",n00000139,"Normative Ethical and Legal Argumentation Frameworks",-0,400100,2
11167,"Philosophy",n00000137,"Foundational Moral Theory Principles and Critiques",-1,109430,2
11110,"Philosophy",n00000137,"Foundational Moral Theory Principles and Critiques",0,000000,1
11069,"Philosophy",n00000137,"Foundational Moral Theory Principles and Critiques",0,000000,1
11212,"Philosophy",n00000137,"Foundational Moral Theory Principles and Critiques",0,000000,1
10940,"Philosophy",n00000137,"Foundational Moral Theory Principles and Critiques",0,000000,1
10896,"Philosophy",n00000137,"Foundational Moral Theory Principles and Critiques",0,000000,1
10791,"Philosophy",n00000137,"Foundational Moral Theory Principles and Critiques",0,000000,1
11218,"Philosophy",n00000137,"Foundational Moral Theory Principles and Critiques",0,000000,1
11040,"Philosophy",n00000137,"Foundational Moral Theory Principles and Critiques",0,000000,1
10943,"Philosophy",n00000137,"Foundational Moral Theory Principles and Critiques",-0,480435,2
10943,"Philosophy",n00000138,"Philosophical and Legal Concept Definition",-0,963682,2
10942,"Philosophy",n00000137,"Foundational Moral Theory Principles and Critiques",0,000000,1
10981,"Philosophy",n00000137,"Foundational Moral Theory Principles and Critiques",0,000000,1
11279,"Philosophy",n00000137,"Foundational Moral Theory Principles and Critiques",0,000000,1
11157,"Philosophy",n00000139,"Normative Ethical and Legal Argumentation Frameworks",-0,310528,2
11157,"Philosophy",n00000137,"Foundational Moral Theory Principles and Critiques",-1,320731,2
11282,"Philosophy",n00000137,"Foundational Moral Theory Principles and Critiques",0,000000,1
11145,"Philosophy",n00000137,"Foundational Moral Theory Principles and Critiques",0,000000,1
11026,"Philosophy",n00000138,"Philosophical and Legal Concept Definition",0,000000,1
10894,"Philosophy",n00000137,"Foundational Moral Theory Principles and Critiques",0,000000,1
10937,"Philosophy",n00000137,"Foundational Moral Theory Principles and Critiques",0,000000,1
11216,"Philosophy",n00000137,"Foundational Moral Theory Principles and Critiques",0,000000,1
11017,"Philosophy",n00000138,"Philosophical and Legal Concept Definition",0,000000,1
11237,"Philosophy",n00000137,"Foundational Moral Theory Principles and Critiques",0,000000,1
11091,"Philosophy",n00000137,"Foundational Moral Theory Principles and Critiques",-0,460519,2
11091,"Philosophy",n00000139,"Normative Ethical and Legal Argumentation Frameworks",-0,996840,2
10893,"Philosophy",n00000137,"Foundational Moral Theory Principles and Critiques",-0,615835,2
10893,"Philosophy",n00000139,"Normative Ethical and Legal Argumentation Frameworks",-0,776941,2
5447,"Other",n00000079,"Demographic and Societal Indicators Analysis",0,000000,1
2745,"Psychology",n00000173,"Organizational and Social Psychological Theories of Behavior",0,000000,1
1292,"Law",n00000138,"Philosophical and Legal Concept Definition",0,000000,1
1489,"Law",n00000138,"Philosophical and Legal Concept Definition",0,000000,1
973,"Law",n00000138,"Philosophical and Legal Concept Definition",-0,681691,2
973,"Law",n00000137,"Foundational Moral Theory Principles and Critiques",-0,704736,2
1574,"Law",n00000138,"Philosophical and Legal Concept Definition",0,000000,1
1121,"Law",n00000138,"Philosophical and Legal Concept Definition",-0,397875,2
1121,"Law",n00000139,"Normative Ethical and Legal Argumentation Frameworks",-1,113968,2
10982,"Philosophy",n00000138,"Philosophical and Legal Concept Definition",0,000000,1
11054,"Philosophy",n00000166,"Discriminative Statement Verification Tasks",0,000000,1
10921,"Philosophy",n00000033,"Archaeological and Evolutionary Anthropology",0,000000,1
10843,"Philosophy",n00000138,"Philosophical and Legal Concept Definition",0,000000,1
1659,"Law",n00000138,"Philosophical and Legal Concept Definition",0,000000,1
11154,"Philosophy",n00000138,"Philosophical and Legal Concept Definition",0,000000,1
10935,"Philosophy",n00000138,"Philosophical and Legal Concept Definition",0,000000,1
10939,"Philosophy",n00000138,"Philosophical and Legal Concept Definition",0,000000,1
10969,"Philosophy",n00000138,"Philosophical and Legal Concept Definition",0,000000,1
1199,"Law",n00000138,"Philosophical and Legal Concept Definition",0,000000,1
11242,"Philosophy",n00000104,"Colonial Encounter Justifications and Consequences",0,000000,1
11203,"Philosophy",n00000166,"Discriminative Statement Verification Tasks",0,000000,1
10853,"Philosophy",n00000138,"Philosophical and Legal Concept Definition",0,000000,1
11231,"Philosophy",n00000138,"Philosophical and Legal Concept Definition",0,000000,1
11023,"Philosophy",n00000138,"Philosophical and Legal Concept Definition",0,000000,1
11134,"Philosophy",n00000137,"Foundational Moral Theory Principles and Critiques",-0,566461,2
11134,"Philosophy",n00000138,"Philosophical and Legal Concept Definition",-0,838243,2
11234,"Philosophy",n00000139,"Normative Ethical and Legal Argumentation Frameworks",-0,356269,2
11234,"Philosophy",n00000137,"Foundational Moral Theory Principles and Critiques",-1,204922,2
5291,"Other",n00000139,"Normative Ethical and Legal Argumentation Frameworks",0,000000,1
5521,"Other",n00000139,"Normative Ethical and Legal Argumentation Frameworks",0,000000,1
2504,"Psychology",n00000139,"Normative Ethical and Legal Argumentation Frameworks",0,000000,1
70,"Business",n00000139,"Normative Ethical and Legal Argumentation Frameworks",0,000000,1
1572,"Law",n00000139,"Normative Ethical and Legal Argumentation Frameworks",0,000000,1
11093,"Philosophy",n00000139,"Normative Ethical and Legal Argumentation Frameworks",0,000000,1
11164,"Philosophy",n00000139,"Normative Ethical and Legal Argumentation Frameworks",0,000000,1
11159,"Philosophy",n00000077,"Exclusion Criteria in Business Frameworks",-0,639375,2
11159,"Philosophy",n00000139,"Normative Ethical and Legal Argumentation Frameworks",-0,749976,2
1288,"Law",n00000139,"Normative Ethical and Legal Argumentation Frameworks",0,000000,1
10912,"Philosophy",n00000139,"Normative Ethical and Legal Argumentation Frameworks",0,000000,1
10783,"Philosophy",n00000139,"Normative Ethical and Legal Argumentation Frameworks",0,000000,1
10792,"Philosophy",n00000139,"Normative Ethical and Legal Argumentation Frameworks",0,000000,1
11174,"Philosophy",n00000139,"Normative Ethical and Legal Argumentation Frameworks",0,000000,1
10909,"Philosophy",n00000139,"Normative Ethical and Legal Argumentation Frameworks",0,000000,1
11042,"Philosophy",n00000139,"Normative Ethical and Legal Argumentation Frameworks",0,000000,1
10913,"Philosophy",n00000139,"Normative Ethical and Legal Argumentation Frameworks",0,000000,1
11232,"Philosophy",n00000139,"Normative Ethical and Legal Argumentation Frameworks",0,000000,1
10906,"Philosophy",n00000139,"Normative Ethical and Legal Argumentation Frameworks",0,000000,1
10867,"Philosophy",n00000077,"Exclusion Criteria in Business Frameworks",0,000000,1
11132,"Philosophy",n00000139,"Normative Ethical and Legal Argumentation Frameworks",0,000000,1
11005,"Philosophy",n00000139,"Normative Ethical and Legal Argumentation Frameworks",0,000000,1
11083,"Philosophy",n00000139,"Normative Ethical and Legal Argumentation Frameworks",0,000000,1
10799,"Philosophy",n00000055,"Formal Logical Argument Validation",-0,358214,2
10799,"Philosophy",n00000139,"Normative Ethical and Legal Argumentation Frameworks",-1,200391,2
11107,"Philosophy",n00000139,"Normative Ethical and Legal Argumentation Frameworks",0,000000,1
10849,"Philosophy",n00000172,"Psychometric Test Validity and Reliability Principles",-0,441057,2
10849,"Philosophy",n00000105,"Cognitive Processes in Learning and Memory",-1,031017,2
10962,"Philosophy",n00000138,"Philosophical and Legal Concept Definition",-0,576435,2
10962,"Philosophy",n00000139,"Normative Ethical and Legal Argumentation Frameworks",-0,825304,2
11085,"Philosophy",n00000139,"Normative Ethical and Legal Argumentation Frameworks",0,000000,1
10800,"Philosophy",n00000139,"Normative Ethical and Legal Argumentation Frameworks",0,000000,1
11102,"Philosophy",n00000139,"Normative Ethical and Legal Argumentation Frameworks",0,000000,1
11043,"Philosophy",n00000137,"Foundational Moral Theory Principles and Critiques",0,000000,1
10850,"Philosophy",n00000139,"Normative Ethical and Legal Argumentation Frameworks",0,000000,1
10825,"Philosophy",n00000139,"Normative Ethical and Legal Argumentation Frameworks",0,000000,1
11133,"Philosophy",n00000139,"Normative Ethical and Legal Argumentation Frameworks",-0,655487,2
11133,"Philosophy",n00000077,"Exclusion Criteria in Business Frameworks",-0,732281,2
11238,"Philosophy",n00000139,"Normative Ethical and Legal Argumentation Frameworks",0,000000,1
2283,"Psychology",n00000239,"Econometric Time Series Model Diagnostics",-0,621901,2
2283,"Psychology",n00000185,"Fundamental Computing and Electrical Principles",-0,769861,2
11190,"Philosophy",n00000055,"Formal Logical Argument Validation",0,000000,1
10899,"Philosophy",n00000055,"Formal Logical Argument Validation",0,000000,1
11125,"Philosophy",n00000055,"Formal Logical Argument Validation",0,000000,1
11060,"Philosophy",n00000055,"Formal Logical Argument Validation",0,000000,1
11127,"Philosophy",n00000055,"Formal Logical Argument Validation",0,000000,1
10927,"Philosophy",n00000055,"Formal Logical Argument Validation",0,000000,1
10798,"Philosophy",n00000055,"Formal Logical Argument Validation",0,000000,1
10864,"Philosophy",n00000055,"Formal Logical Argument Validation",0,000000,1
11221,"Philosophy",n00000055,"Formal Logical Argument Validation",0,000000,1
10777,"Philosophy",n00000055,"Formal Logical Argument Validation",0,000000,1
10898,"Philosophy",n00000055,"Formal Logical Argument Validation",0,000000,1
11009,"Philosophy",n00000055,"Formal Logical Argument Validation",0,000000,1
10978,"Philosophy",n00000055,"Formal Logical Argument Validation",-0,454922,2
10978,"Philosophy",n00000139,"Normative Ethical and Legal Argumentation Frameworks",-1,006481,2
11099,"Philosophy",n00000055,"Formal Logical Argument Validation",0,000000,1
10952,"Philosophy",n00000055,"Formal Logical Argument Validation",0,000000,1
10930,"Philosophy",n00000055,"Formal Logical Argument Validation",0,000000,1
10840,"Philosophy",n00000055,"Formal Logical Argument Validation",0,000000,1
11162,"Philosophy",n00000055,"Formal Logical Argument Validation",0,000000,1
11258,"Philosophy",n00000055,"Formal Logical Argument Validation",0,000000,1
10945,"Philosophy",n00000126,"Logical Statement Verification in Algebraic Structures",0,000000,1
11278,"Philosophy",n00000055,"Formal Logical Argument Validation",0,000000,1
11036,"Philosophy",n00000055,"Formal Logical Argument Validation",0,000000,1
10859,"Philosophy",n00000055,"Formal Logical Argument Validation",0,000000,1
11141,"Philosophy",n00000055,"Formal Logical Argument Validation",0,000000,1
10856,"Philosophy",n00000055,"Formal Logical Argument Validation",0,000000,1
11172,"Philosophy",n00000055,"Formal Logical Argument Validation",0,000000,1
10948,"Philosophy",n00000055,"Formal Logical Argument Validation",0,000000,1
1931,"Law",n00000076,"Security Dilemmas and State Sovereignty Frameworks",0,000000,1
6815,"Health",n00000168,"Nutrient Metabolism and Bioenergetics Fundamentals",0,000000,1
3420,"Biology",n00000181,"Molecular Biology of Macromolecules and Enzymes",-0,362344,2
3420,"Biology",n00000168,"Nutrient Metabolism and Bioenergetics Fundamentals",-1,190868,2
6546,"Health",n00000082,"Emergency Acute Clinical Presentations and Management",0,000000,1
6616,"Health",n00000083,"Diagnostic and Therapeutic Decision Making in Complex Clinical Scenarios",0,000000,1
6690,"Health",n00000083,"Diagnostic and Therapeutic Decision Making in Complex Clinical Scenarios",0,000000,1
6505,"Health",n00000083,"Diagnostic and Therapeutic Decision Making in Complex Clinical Scenarios",0,000000,1
2911,"Biology",n00000105,"Cognitive Processes in Learning and Memory",0,000000,1
3037,"Biology",n00000237,"Behavioral and Cognitive Response Mechanisms",0,000000,1
2063,"Psychology",n00000236,"Historical and Theoretical Personality Frameworks",0,000000,1
2971,"Biology",n00000178,"Comparative Evolutionary and Physiological Adaptations",0,000000,1
2908,"Biology",n00000179,"Biological Response Mechanisms and Environmental Interactions",-0,414119,2
2908,"Biology",n00000178,"Comparative Evolutionary and Physiological Adaptations",-1,081526,2
3040,"Biology",n00000178,"Comparative Evolutionary and Physiological Adaptations",0,000000,1
6628,"Health",n00000179,"Biological Response Mechanisms and Environmental Interactions",-0,387623,2
6628,"Health",n00000180,"Cellular Physiology and Systemic Integration",-1,135282,2
3094,"Biology",n00000179,"Biological Response Mechanisms and Environmental Interactions",0,000000,1
3319,"Biology",n00000179,"Biological Response Mechanisms and Environmental Interactions",0,000000,1
6567,"Health",n00000181,"Molecular Biology of Macromolecules and Enzymes",0,000000,1
2968,"Biology",n00000181,"Molecular Biology of Macromolecules and Enzymes",0,000000,1
2972,"Biology",n00000181,"Molecular Biology of Macromolecules and Enzymes",0,000000,1
2977,"Biology",n00000180,"Cellular Physiology and Systemic Integration",0,000000,1
3195,"Biology",n00000182,"Population Genetics and Evolutionary Mechanisms",0,000000,1
3264,"Biology",n00000182,"Population Genetics and Evolutionary Mechanisms",0,000000,1
246,"Business",n00000218,"Business Profit Optimization and Cost Modeling",0,000000,1
1066,"Law",n00000188,"Contract Formation and Enforceability Disputes",0,000000,1
1310,"Law",n00000188,"Contract Formation and Enforceability Disputes",0,000000,1
1320,"Law",n00000188,"Contract Formation and Enforceability Disputes",0,000000,1
1062,"Law",n00000189,"Real Property Interest Disputes and Transfers",0,000000,1
1299,"Law",n00000189,"Real Property Interest Disputes and Transfers",0,000000,1
1684,"Law",n00000189,"Real Property Interest Disputes and Transfers",0,000000,1
1225,"Law",n00000128,"Constitutional Challenges to State Regulatory Laws",0,000000,1
1661,"Law",n00000128,"Constitutional Challenges to State Regulatory Laws",0,000000,1
1387,"Law",n00000128,"Constitutional Challenges to State Regulatory Laws",0,000000,1
1395,"Law",n00000128,"Constitutional Challenges to State Regulatory Laws",0,000000,1
1509,"Law",n00000220,"Admissibility of Prior Incidents and Statements in Negligence Litigation",0,000000,1
1385,"Law",n00000221,"Criminal Liability and Defenses in Unintended Outcomes",0,000000,1
1392,"Law",n00000221,"Criminal Liability and Defenses in Unintended Outcomes",0,000000,1
1487,"Law",n00000139,"Normative Ethical and Legal Argumentation Frameworks",0,000000,1
